  GEN     debian
dpkg-buildpackage --build=binary --no-pre-clean --unsigned-changes -R'make -f debian/rules' -j1 -a$(cat debian/arch)
dpkg-buildpackage: info: source package linux-upstream
dpkg-buildpackage: info: source version 6.14.11-custom-13
dpkg-buildpackage: info: source distribution noble
dpkg-buildpackage: info: source changed by root <root@slavakpss>
 dpkg-source --before-build .
dpkg-buildpackage: info: host architecture amd64
 make -f debian/rules binary
  HOSTCC  scripts/basic/fixdep
  HOSTCC  scripts/kconfig/conf.o
  HOSTCC  scripts/kconfig/confdata.o
  HOSTCC  scripts/kconfig/expr.o
  LEX     scripts/kconfig/lexer.lex.c
  YACC    scripts/kconfig/parser.tab.[ch]
  HOSTCC  scripts/kconfig/preprocess.o
  HOSTCC  scripts/kconfig/menu.o
  HOSTCC  scripts/kconfig/symbol.o
  HOSTCC  scripts/kconfig/util.o
  HOSTCC  scripts/kconfig/lexer.lex.o
  HOSTCC  scripts/kconfig/parser.tab.o
  HOSTLD  scripts/kconfig/conf
#
# No change to .config
#
  SYSHDR  arch/x86/include/generated/uapi/asm/unistd_32.h
  SYSHDR  arch/x86/include/generated/uapi/asm/unistd_64.h
  SYSHDR  arch/x86/include/generated/uapi/asm/unistd_x32.h
  SYSTBL  arch/x86/include/generated/asm/syscalls_32.h
  SYSHDR  arch/x86/include/generated/asm/unistd_32_ia32.h
  HOSTCC  arch/x86/tools/relocs_32.o
  DESCEND objtool
  HOSTCC  arch/x86/tools/relocs_64.o
  HOSTCC  scripts/unifdef
  SYSHDR  arch/x86/include/generated/asm/unistd_64_x32.h
  HOSTCC  arch/x86/tools/relocs_common.o
  SYSTBL  arch/x86/include/generated/asm/syscalls_64.h
  HOSTCC  scripts/ipe/polgen/polgen
  HOSTCC  scripts/selinux/mdp/mdp
  HYPERCALLS arch/x86/include/generated/asm/xen-hypercalls.h
  HOSTCC  scripts/kallsyms
  INSTALL libsubcmd_headers
  HOSTCC  scripts/sorttable
  CC      /usr/src/linux-hwe-6.14-6.14.0/tools/objtool/libsubcmd/exec-cmd.o
  HOSTCC  scripts/asn1_compiler
  CC      /usr/src/linux-hwe-6.14-6.14.0/tools/objtool/libsubcmd/help.o
  HOSTCC  scripts/sign-file
  HOSTLD  arch/x86/tools/relocs
  CC      /usr/src/linux-hwe-6.14-6.14.0/tools/objtool/libsubcmd/pager.o
  HOSTCC  scripts/insert-sys-cert
  CC      /usr/src/linux-hwe-6.14-6.14.0/tools/objtool/libsubcmd/parse-options.o
  CC      /usr/src/linux-hwe-6.14-6.14.0/tools/objtool/libsubcmd/run-command.o
  CC      /usr/src/linux-hwe-6.14-6.14.0/tools/objtool/libsubcmd/sigchain.o
  CC      /usr/src/linux-hwe-6.14-6.14.0/tools/objtool/libsubcmd/subcmd-config.o
  HDRINST usr/include/asm-generic/termios.h
  HDRINST usr/include/asm-generic/unistd.h
  HDRINST usr/include/asm-generic/mman-common.h
  HDRINST usr/include/asm-generic/termbits-common.h
  HDRINST usr/include/asm-generic/mman.h
  HDRINST usr/include/asm-generic/posix_types.h
  HDRINST usr/include/asm-generic/param.h
  HDRINST usr/include/asm-generic/auxvec.h
  HDRINST usr/include/asm-generic/types.h
  HDRINST usr/include/asm-generic/int-l64.h
  HDRINST usr/include/asm-generic/swab.h
  HDRINST usr/include/asm-generic/shmbuf.h
  HDRINST usr/include/asm-generic/sembuf.h
  HDRINST usr/include/asm-generic/ioctls.h
  HDRINST usr/include/asm-generic/ipcbuf.h
  HDRINST usr/include/asm-generic/stat.h
  HDRINST usr/include/asm-generic/siginfo.h
  HDRINST usr/include/asm-generic/ioctl.h
  HDRINST usr/include/asm-generic/kvm_para.h
  HDRINST usr/include/asm-generic/bpf_perf_event.h
  HDRINST usr/include/asm-generic/statfs.h
  HDRINST usr/include/asm-generic/fcntl.h
  HDRINST usr/include/asm-generic/msgbuf.h
  HDRINST usr/include/asm-generic/poll.h
  HDRINST usr/include/asm-generic/termbits.h
  HDRINST usr/include/asm-generic/signal.h
  HDRINST usr/include/asm-generic/socket.h
  HDRINST usr/include/asm-generic/hugetlb_encode.h
  HDRINST usr/include/asm-generic/sockios.h
  HDRINST usr/include/asm-generic/ucontext.h
  HDRINST usr/include/asm-generic/resource.h
  HDRINST usr/include/asm-generic/bitsperlong.h
  HDRINST usr/include/asm-generic/errno-base.h
  HDRINST usr/include/asm-generic/int-ll64.h
  HDRINST usr/include/asm-generic/signal-defs.h
  HDRINST usr/include/asm-generic/errno.h
  HDRINST usr/include/drm/drm_mode.h
  HDRINST usr/include/asm-generic/setup.h
  HDRINST usr/include/drm/vgem_drm.h
  HDRINST usr/include/drm/drm_sarea.h
  HDRINST usr/include/drm/amdxdna_accel.h
  HDRINST usr/include/drm/panthor_drm.h
  HDRINST usr/include/drm/panfrost_drm.h
  HDRINST usr/include/drm/lima_drm.h
  HDRINST usr/include/drm/nouveau_drm.h
  HDRINST usr/include/drm/exynos_drm.h
  HDRINST usr/include/drm/v3d_drm.h
  HDRINST usr/include/drm/tegra_drm.h
  HDRINST usr/include/drm/ivpu_accel.h
  HDRINST usr/include/drm/radeon_drm.h
  HOSTCC  scripts/mod/mk_elfconfig
  HDRINST usr/include/drm/virtgpu_drm.h
  CC      scripts/mod/empty.o
  HDRINST usr/include/drm/etnaviv_drm.h
  HDRINST usr/include/drm/omap_drm.h
  HDRINST usr/include/drm/msm_drm.h
  CC      scripts/mod/devicetable-offsets.s
  HDRINST usr/include/drm/vmwgfx_drm.h
  HDRINST usr/include/drm/i915_drm.h
  HDRINST usr/include/drm/xe_drm.h
  HDRINST usr/include/drm/armada_drm.h
  HDRINST usr/include/drm/drm_fourcc.h
  HDRINST usr/include/drm/habanalabs_accel.h
  HDRINST usr/include/drm/drm.h
  HDRINST usr/include/drm/amdgpu_drm.h
  HDRINST usr/include/drm/pvr_drm.h
  HDRINST usr/include/drm/qaic_accel.h
  HDRINST usr/include/drm/qxl_drm.h
  HDRINST usr/include/drm/vc4_drm.h
  HDRINST usr/include/linux/ethtool_netlink_generated.h
  HDRINST usr/include/linux/sem.h
  HDRINST usr/include/linux/usb/ch9.h
  HDRINST usr/include/linux/usb/audio.h
  HDRINST usr/include/linux/usb/tmc.h
  HDRINST usr/include/linux/usb/g_printer.h
  HDRINST usr/include/linux/usb/charger.h
  HDRINST usr/include/linux/usb/raw_gadget.h
  HDRINST usr/include/linux/usb/g_hid.h
  HDRINST usr/include/linux/usb/video.h
  HDRINST usr/include/linux/usb/cdc.h
  HDRINST usr/include/linux/usb/g_uvc.h
  HDRINST usr/include/linux/usb/ch11.h
  HDRINST usr/include/linux/usb/functionfs.h
  HDRINST usr/include/linux/usb/cdc-wdm.h
  HDRINST usr/include/linux/usb/gadgetfs.h
  HDRINST usr/include/linux/usb/midi.h
  HDRINST usr/include/linux/rose.h
  HDRINST usr/include/linux/uhid.h
  HDRINST usr/include/linux/apm_bios.h
  HDRINST usr/include/linux/gen_stats.h
  HDRINST usr/include/linux/sock_diag.h
  MKELF   scripts/mod/elfconfig.h
  HDRINST usr/include/linux/v4l2-common.h
  HOSTCC  scripts/mod/modpost.o
  HDRINST usr/include/linux/nfsacl.h
  HOSTCC  scripts/mod/file2alias.o
  HDRINST usr/include/linux/ptp_clock.h
  HDRINST usr/include/linux/magic.h
  HOSTCC  scripts/mod/sumversion.o
  HDRINST usr/include/linux/xattr.h
  HDRINST usr/include/linux/seg6_genl.h
  HOSTCC  scripts/mod/symsearch.o
  HDRINST usr/include/linux/if_phonet.h
  HDRINST usr/include/linux/virtio_mmio.h
  HDRINST usr/include/linux/termios.h
  HDRINST usr/include/linux/ax25.h
  HDRINST usr/include/linux/media/raspberrypi/pisp_fe_statistics.h
  HDRINST usr/include/linux/media/raspberrypi/pisp_common.h
  HDRINST usr/include/linux/media/raspberrypi/pisp_be_config.h
  HDRINST usr/include/linux/media/raspberrypi/pisp_fe_config.h
  HDRINST usr/include/linux/netfilter_bridge.h
  HDRINST usr/include/linux/kvm.h
  HDRINST usr/include/linux/raid/md_p.h
  HDRINST usr/include/linux/raid/md_u.h
  HDRINST usr/include/linux/smc.h
  HDRINST usr/include/linux/dm-ioctl.h
  HDRINST usr/include/linux/tc_ematch/tc_em_ipt.h
  HDRINST usr/include/linux/tc_ematch/tc_em_cmp.h
  HDRINST usr/include/linux/tc_ematch/tc_em_nbyte.h
  HDRINST usr/include/linux/tc_ematch/tc_em_text.h
  LD      /usr/src/linux-hwe-6.14-6.14.0/tools/objtool/libsubcmd/libsubcmd-in.o
  HDRINST usr/include/linux/tc_ematch/tc_em_meta.h
  HDRINST usr/include/linux/if_link.h
  HDRINST usr/include/linux/hdlc.h
  HDRINST usr/include/linux/if_x25.h
  HDRINST usr/include/linux/bsg.h
  HDRINST usr/include/linux/papr_pdsm.h
  HDRINST usr/include/linux/fuse.h
  HDRINST usr/include/linux/comedi.h
  AR      /usr/src/linux-hwe-6.14-6.14.0/tools/objtool/libsubcmd/libsubcmd.a
  HDRINST usr/include/linux/ipmi.h
  HDRINST usr/include/linux/atm_tcp.h
  HDRINST usr/include/linux/unistd.h
  HDRINST usr/include/linux/loadpin.h
  HDRINST usr/include/linux/efs_fs_sb.h
  HDRINST usr/include/linux/if_arcnet.h
  HDRINST usr/include/linux/ipmi_ssif_bmc.h
  HDRINST usr/include/linux/sonet.h
  HDRINST usr/include/linux/udp.h
  HDRINST usr/include/linux/keyboard.h
  HDRINST usr/include/linux/tipc_config.h
  HDRINST usr/include/linux/usbdevice_fs.h
  HDRINST usr/include/linux/mempolicy.h
  HDRINST usr/include/linux/virtio_pci.h
  HDRINST usr/include/linux/netrom.h
  HDRINST usr/include/linux/major.h
  HDRINST usr/include/linux/hiddev.h
  CC      /usr/src/linux-hwe-6.14-6.14.0/tools/objtool/arch/x86/special.o
  HDRINST usr/include/linux/tipc_sockets_diag.h
  HDRINST usr/include/linux/nexthop.h
  CC      /usr/src/linux-hwe-6.14-6.14.0/tools/objtool/weak.o
  HDRINST usr/include/linux/hdreg.h
  CC      /usr/src/linux-hwe-6.14-6.14.0/tools/objtool/arch/x86/decode.o
  HDRINST usr/include/linux/serial.h
  HDRINST usr/include/linux/selinux_netlink.h
  HDRINST usr/include/linux/dlm.h
  CC      /usr/src/linux-hwe-6.14-6.14.0/tools/objtool/arch/x86/orc.o
  HDRINST usr/include/linux/virtio_config.h
  CC      /usr/src/linux-hwe-6.14-6.14.0/tools/objtool/check.o
  HDRINST usr/include/linux/bits.h
  HDRINST usr/include/linux/serial_reg.h
  HDRINST usr/include/linux/kd.h
  CC      /usr/src/linux-hwe-6.14-6.14.0/tools/objtool/special.o
  HDRINST usr/include/linux/matroxfb.h
  CC      /usr/src/linux-hwe-6.14-6.14.0/tools/objtool/builtin-check.o
  HDRINST usr/include/linux/ublk_cmd.h
  HDRINST usr/include/linux/net_dropmon.h
  HDRINST usr/include/linux/vfio_ccw.h
  HDRINST usr/include/linux/if_ether.h
  HDRINST usr/include/linux/dcbnl.h
  HDRINST usr/include/linux/atmapi.h
  HDRINST usr/include/linux/dma-buf.h
  HDRINST usr/include/linux/netfilter_arp/arpt_mangle.h
  HDRINST usr/include/linux/netfilter_arp/arp_tables.h
  HDRINST usr/include/linux/aio_abi.h
  HDRINST usr/include/linux/vesa.h
  HDRINST usr/include/linux/vmcore.h
  HDRINST usr/include/linux/input-event-codes.h
  HDRINST usr/include/linux/v4l2-subdev.h
  CC      /usr/src/linux-hwe-6.14-6.14.0/tools/objtool/elf.o
  HDRINST usr/include/linux/rfkill.h
  HDRINST usr/include/linux/kexec.h
  HDRINST usr/include/linux/cramfs_fs.h
  HDRINST usr/include/linux/time.h
  HDRINST usr/include/linux/nvram.h
  CC      /usr/src/linux-hwe-6.14-6.14.0/tools/objtool/objtool.o
  HDRINST usr/include/linux/time_types.h
  CC      /usr/src/linux-hwe-6.14-6.14.0/tools/objtool/orc_gen.o
  HDRINST usr/include/linux/cycx_cfm.h
  HDRINST usr/include/linux/nilfs2_api.h
  HDRINST usr/include/linux/virtio_ids.h
  HDRINST usr/include/linux/virtio_net.h
  HDRINST usr/include/linux/atmppp.h
  HDRINST usr/include/linux/pktcdvd.h
  HDRINST usr/include/linux/uuid.h
  HDRINST usr/include/linux/if_slip.h
  HDRINST usr/include/linux/coff.h
  HDRINST usr/include/linux/sched.h
  HDRINST usr/include/linux/aspeed-video.h
  HDRINST usr/include/linux/netfilter_ipv6/ip6t_LOG.h
  HDRINST usr/include/linux/netfilter_ipv6/ip6t_rt.h
  HDRINST usr/include/linux/netfilter_ipv6/ip6t_ipv6header.h
  HDRINST usr/include/linux/netfilter_ipv6/ip6t_HL.h
  CC      /usr/src/linux-hwe-6.14-6.14.0/tools/objtool/orc_dump.o
  HDRINST usr/include/linux/netfilter_ipv6/ip6t_frag.h
  HDRINST usr/include/linux/netfilter_ipv6/ip6t_mh.h
  CC      /usr/src/linux-hwe-6.14-6.14.0/tools/objtool/libstring.o
  HDRINST usr/include/linux/netfilter_ipv6/ip6t_REJECT.h
  HDRINST usr/include/linux/netfilter_ipv6/ip6t_hl.h
  HDRINST usr/include/linux/netfilter_ipv6/ip6t_ah.h
  HDRINST usr/include/linux/netfilter_ipv6/ip6_tables.h
  HDRINST usr/include/linux/netfilter_ipv6/ip6t_opts.h
  HDRINST usr/include/linux/netfilter_ipv6/ip6t_srh.h
  HDRINST usr/include/linux/netfilter_ipv6/ip6t_NPT.h
  HDRINST usr/include/linux/zorro.h
  HDRINST usr/include/linux/audit.h
  HDRINST usr/include/linux/fdreg.h
  CC      /usr/src/linux-hwe-6.14-6.14.0/tools/objtool/libctype.o
  HDRINST usr/include/linux/if_ppp.h
  HDRINST usr/include/linux/mman.h
  HDRINST usr/include/linux/posix_acl_xattr.h
  CC      /usr/src/linux-hwe-6.14-6.14.0/tools/objtool/str_error_r.o
  HDRINST usr/include/linux/neighbour.h
  CC      /usr/src/linux-hwe-6.14-6.14.0/tools/objtool/librbtree.o
  HDRINST usr/include/linux/cyclades.h
  HDRINST usr/include/linux/fanotify.h
  LD      /usr/src/linux-hwe-6.14-6.14.0/tools/objtool/arch/x86/objtool-in.o
  HDRINST usr/include/linux/qnx4_fs.h
  HDRINST usr/include/linux/mpls_iptunnel.h
  HDRINST usr/include/linux/virtio_balloon.h
  HDRINST usr/include/linux/bt-bmc.h
  HDRINST usr/include/linux/misc/bcm_vk.h
  HDRINST usr/include/linux/can.h
  HDRINST usr/include/linux/if_cablemodem.h
  HDRINST usr/include/linux/gtp.h
  HDRINST usr/include/linux/eventpoll.h
  HDRINST usr/include/linux/btrfs.h
  HDRINST usr/include/linux/posix_types.h
  HDRINST usr/include/linux/bpf_common.h
  HDRINST usr/include/linux/media-bus-format.h
  HDRINST usr/include/linux/stddef.h
  HDRINST usr/include/linux/timerfd.h
  HDRINST usr/include/linux/elf-em.h
  HDRINST usr/include/linux/nfs_mount.h
  HDRINST usr/include/linux/vm_sockets.h
  HDRINST usr/include/linux/posix_acl.h
  HDRINST usr/include/linux/fib_rules.h
  HDRINST usr/include/linux/net.h
  HOSTLD  scripts/mod/modpost
  HDRINST usr/include/linux/tps6594_pfsm.h
  HDRINST usr/include/linux/elf-fdpic.h
  HDRINST usr/include/linux/memfd.h
  HDRINST usr/include/linux/cdrom.h
  HDRINST usr/include/linux/kernelcapi.h
  HDRINST usr/include/linux/i2o-dev.h
  HDRINST usr/include/linux/virtio_i2c.h
  HDRINST usr/include/linux/ndctl.h
  HDRINST usr/include/linux/genwqe/genwqe_card.h
  HDRINST usr/include/linux/ethtool_netlink.h
  HDRINST usr/include/linux/cryptouser.h
  HDRINST usr/include/linux/ivtvfb.h
  HDRINST usr/include/linux/coresight-stm.h
  HDRINST usr/include/linux/sonypi.h
  HDRINST usr/include/linux/nubus.h
  HDRINST usr/include/linux/fadvise.h
  HDRINST usr/include/linux/wmi.h
  HDRINST usr/include/linux/atm_idt77105.h
  HDRINST usr/include/linux/can/raw.h
  CC      kernel/bounds.s
  CHKSHA1 include/linux/atomic/atomic-arch-fallback.h
  CHKSHA1 include/linux/atomic/atomic-instrumented.h
  CHKSHA1 include/linux/atomic/atomic-long.h
  HDRINST usr/include/linux/can/vxcan.h
  HDRINST usr/include/linux/can/error.h
  HDRINST usr/include/linux/can/netlink.h
  HDRINST usr/include/linux/can/isotp.h
  HDRINST usr/include/linux/can/gw.h
  HDRINST usr/include/linux/can/j1939.h
  HDRINST usr/include/linux/can/bcm.h
  HDRINST usr/include/linux/jffs2.h
  HDRINST usr/include/linux/userfaultfd.h
  HDRINST usr/include/linux/target_core_user.h
  HDRINST usr/include/linux/virtio_gpio.h
  CC      arch/x86/kernel/asm-offsets.s
  HDRINST usr/include/linux/rtnetlink.h
  HDRINST usr/include/linux/lp.h
  HDRINST usr/include/linux/thermal.h
  HDRINST usr/include/linux/ipc.h
  HDRINST usr/include/linux/atmsap.h
  HDRINST usr/include/linux/utsname.h
  HDRINST usr/include/linux/psp-sev.h
  HDRINST usr/include/linux/firewire-cdev.h
  HDRINST usr/include/linux/auto_fs4.h
  HDRINST usr/include/linux/close_range.h
  HDRINST usr/include/linux/adb.h
  HDRINST usr/include/linux/bfs_fs.h
  HDRINST usr/include/linux/rpl.h
  HDRINST usr/include/linux/i2c.h
  HDRINST usr/include/linux/mei_uuid.h
  HDRINST usr/include/linux/android/binderfs.h
  HDRINST usr/include/linux/android/binder.h
  HDRINST usr/include/linux/param.h
  HDRINST usr/include/linux/atm_zatm.h
  HDRINST usr/include/linux/aspeed-p2a-ctrl.h
  HDRINST usr/include/linux/netdev.h
  HDRINST usr/include/linux/fsverity.h
  HDRINST usr/include/linux/if_team.h
  HDRINST usr/include/linux/if_xdp.h
  HDRINST usr/include/linux/ppdev.h
  HDRINST usr/include/linux/virtio_fs.h
  HDRINST usr/include/linux/utime.h
  HDRINST usr/include/linux/hash_info.h
  HDRINST usr/include/linux/isst_if.h
  HDRINST usr/include/linux/icmp.h
  HDRINST usr/include/linux/atmbr2684.h
  HDRINST usr/include/linux/if_eql.h
  HDRINST usr/include/linux/kcov.h
  HDRINST usr/include/linux/psample.h
  HDRINST usr/include/linux/auxvec.h
  HDRINST usr/include/linux/pr.h
  HDRINST usr/include/linux/btrfs_tree.h
  HDRINST usr/include/linux/ila.h
  HDRINST usr/include/linux/atmarp.h
  HDRINST usr/include/linux/virtio_pcidev.h
  HDRINST usr/include/linux/map_to_7segment.h
  HDRINST usr/include/linux/netfilter_ipv4/ipt_ECN.h
  HDRINST usr/include/linux/netfilter_ipv4/ipt_ttl.h
  HDRINST usr/include/linux/netfilter_ipv4/ipt_CLUSTERIP.h
  HDRINST usr/include/linux/netfilter_ipv4/ipt_TTL.h
  HDRINST usr/include/linux/netfilter_ipv4/ipt_ah.h
  HDRINST usr/include/linux/netfilter_ipv4/ipt_REJECT.h
  HDRINST usr/include/linux/netfilter_ipv4/ip_tables.h
  HDRINST usr/include/linux/netfilter_ipv4/ipt_LOG.h
  HDRINST usr/include/linux/netfilter_ipv4/ipt_ecn.h
  HDRINST usr/include/linux/max2175.h
  HDRINST usr/include/linux/hyperv.h
  HDRINST usr/include/linux/taskstats.h
  HDRINST usr/include/linux/types.h
  HDRINST usr/include/linux/iso_fs.h
  HDRINST usr/include/linux/vdpa.h
  HDRINST usr/include/linux/landlock.h
  HDRINST usr/include/linux/l2tp.h
  HDRINST usr/include/linux/nfc.h
  HDRINST usr/include/linux/uinput.h
  HDRINST usr/include/linux/atm_eni.h
  HDRINST usr/include/linux/kernel-page-flags.h
  HDRINST usr/include/linux/tcp.h
  HDRINST usr/include/linux/ioam6_genl.h
  HDRINST usr/include/linux/atmclip.h
  HDRINST usr/include/linux/if_ltalk.h
  HDRINST usr/include/linux/rseq.h
  HDRINST usr/include/linux/io_uring.h
  HDRINST usr/include/linux/tipc.h
  HDRINST usr/include/linux/if_bridge.h
  HDRINST usr/include/linux/i8k.h
  HDRINST usr/include/linux/netfilter_ipv6.h
  HDRINST usr/include/linux/phonet.h
  HDRINST usr/include/linux/kcm.h
  HDRINST usr/include/linux/swab.h
  HDRINST usr/include/linux/if_infiniband.h
  HDRINST usr/include/linux/cifs/cifs_netlink.h
  HDRINST usr/include/linux/cifs/cifs_mount.h
  HDRINST usr/include/linux/if_arp.h
  HDRINST usr/include/linux/personality.h
  HDRINST usr/include/linux/nsm.h
  HDRINST usr/include/linux/input.h
  HDRINST usr/include/linux/msg.h
  HDRINST usr/include/linux/falloc.h
  HDRINST usr/include/linux/mtio.h
  HDRINST usr/include/linux/rds.h
  HDRINST usr/include/linux/cgroupstats.h
  HDRINST usr/include/linux/virtio_rng.h
  HDRINST usr/include/linux/mei.h
  HDRINST usr/include/linux/reboot.h
  HDRINST usr/include/linux/if_pppol2tp.h
  HDRINST usr/include/linux/nfs4.h
  HDRINST usr/include/linux/dpll.h
  HDRINST usr/include/linux/cec.h
  HDRINST usr/include/linux/watchdog.h
  HDRINST usr/include/linux/gpio.h
  HDRINST usr/include/linux/capi.h
  HDRINST usr/include/linux/if_macsec.h
  HDRINST usr/include/linux/pkt_cls.h
  HDRINST usr/include/linux/trace_mmap.h
  HDRINST usr/include/linux/tiocl.h
  HDRINST usr/include/linux/dlmconstants.h
  HDRINST usr/include/linux/atalk.h
  HDRINST usr/include/linux/netlink.h
  HDRINST usr/include/linux/tty_flags.h
  HDRINST usr/include/linux/auto_dev-ioctl.h
  HDRINST usr/include/linux/prctl.h
  HDRINST usr/include/linux/seg6_local.h
  HDRINST usr/include/linux/serial_core.h
  HDRINST usr/include/linux/v4l2-controls.h
  HDRINST usr/include/linux/wireless.h
  HDRINST usr/include/linux/fsl_mc.h
  HDRINST usr/include/linux/nfs3.h
  HDRINST usr/include/linux/arm_sdei.h
  HDRINST usr/include/linux/virtio_scsi.h
  HDRINST usr/include/linux/pfrut.h
  HDRINST usr/include/linux/handshake.h
  HDRINST usr/include/linux/batadv_packet.h
  HDRINST usr/include/linux/parport.h
  HDRINST usr/include/linux/f2fs.h
  HDRINST usr/include/linux/irqnr.h
  HDRINST usr/include/linux/hdlcdrv.h
  HDRINST usr/include/linux/genetlink.h
  HDRINST usr/include/linux/fsmap.h
  HDRINST usr/include/linux/nfs4_mount.h
  HDRINST usr/include/linux/vboxguest.h
  HDRINST usr/include/linux/nfs_fs.h
  HDRINST usr/include/linux/oom.h
  HDRINST usr/include/linux/rio_cm_cdev.h
  HDRINST usr/include/linux/ccs.h
  HDRINST usr/include/linux/dccp.h
  HDRINST usr/include/linux/nfsd_netlink.h
  HDRINST usr/include/linux/vbox_vmmdev_types.h
  HDRINST usr/include/linux/userio.h
  HDRINST usr/include/linux/phantom.h
  HDRINST usr/include/linux/uio.h
  HDRINST usr/include/linux/cec-funcs.h
  HDRINST usr/include/linux/nfs2.h
  HDRINST usr/include/linux/iommufd.h
  HDRINST usr/include/linux/packet_diag.h
  HDRINST usr/include/linux/spi/spidev.h
  HDRINST usr/include/linux/spi/spi.h
  HDRINST usr/include/linux/ife.h
  HDRINST usr/include/linux/virtio_scmi.h
  HDRINST usr/include/linux/in6.h
  HDRINST usr/include/linux/net_shaper.h
  HDRINST usr/include/linux/affs_hardblocks.h
  HDRINST usr/include/linux/vfio_zdev.h
  HDRINST usr/include/linux/cciss_defs.h
  HDRINST usr/include/linux/auto_fs.h
  HDRINST usr/include/linux/seg6.h
  HDRINST usr/include/linux/rxrpc.h
  HDRINST usr/include/linux/openvswitch.h
  HDRINST usr/include/linux/blkzoned.h
  HDRINST usr/include/linux/const.h
  HDRINST usr/include/linux/capability.h
  HDRINST usr/include/linux/netfilter_ipv4.h
  HDRINST usr/include/linux/vt.h
  HDRINST usr/include/linux/kfd_sysfs.h
  HDRINST usr/include/linux/vbox_err.h
  HDRINST usr/include/linux/sched/types.h
  HDRINST usr/include/linux/times.h
  HDRINST usr/include/linux/sysctl.h
  HDRINST usr/include/linux/vtpm_proxy.h
  HDRINST usr/include/linux/unix_diag.h
  HDRINST usr/include/linux/nfs_idmap.h
  HDRINST usr/include/linux/fpga-dfl.h
  HDRINST usr/include/linux/dns_resolver.h
  HDRINST usr/include/linux/ppp-comp.h
  HDRINST usr/include/linux/if_tunnel.h
  HDRINST usr/include/linux/iio/types.h
  HDRINST usr/include/linux/iio/buffer.h
  HDRINST usr/include/linux/iio/events.h
  HDRINST usr/include/linux/v4l2-mediabus.h
  HDRINST usr/include/linux/vhost.h
  HDRINST usr/include/linux/vhost_types.h
  HDRINST usr/include/linux/adfs_fs.h
  HDRINST usr/include/linux/npcm-video.h
  HDRINST usr/include/linux/atmlec.h
  HDRINST usr/include/linux/acct.h
  HDRINST usr/include/linux/inet_diag.h
  HDRINST usr/include/linux/rkisp1-config.h
  HDRINST usr/include/linux/in.h
  HDRINST usr/include/linux/fb.h
  HDRINST usr/include/linux/hsi/hsi_char.h
  HDRINST usr/include/linux/hsi/cs-protocol.h
  HDRINST usr/include/linux/radeonfb.h
  HDRINST usr/include/linux/blkpg.h
  HDRINST usr/include/linux/pidfd.h
  HDRINST usr/include/linux/stat.h
  HDRINST usr/include/linux/if_addr.h
  HDRINST usr/include/linux/securebits.h
  HDRINST usr/include/linux/nilfs2_ondisk.h
  HDRINST usr/include/linux/firewire-constants.h
  HDRINST usr/include/linux/ioam6.h
  HDRINST usr/include/linux/uleds.h
  HDRINST usr/include/linux/tc_act/tc_pedit.h
  HDRINST usr/include/linux/tc_act/tc_defact.h
  HDRINST usr/include/linux/tc_act/tc_ife.h
  HDRINST usr/include/linux/tc_act/tc_skbedit.h
  HDRINST usr/include/linux/tc_act/tc_gact.h
  HDRINST usr/include/linux/tc_act/tc_tunnel_key.h
  HDRINST usr/include/linux/tc_act/tc_csum.h
  HDRINST usr/include/linux/tc_act/tc_bpf.h
  HDRINST usr/include/linux/tc_act/tc_ctinfo.h
  HDRINST usr/include/linux/tc_act/tc_mpls.h
  HDRINST usr/include/linux/tc_act/tc_vlan.h
  HDRINST usr/include/linux/tc_act/tc_sample.h
  HDRINST usr/include/linux/tc_act/tc_nat.h
  HDRINST usr/include/linux/tc_act/tc_gate.h
  HDRINST usr/include/linux/tc_act/tc_skbmod.h
  HDRINST usr/include/linux/tc_act/tc_connmark.h
  HDRINST usr/include/linux/tc_act/tc_mirred.h
  HDRINST usr/include/linux/tc_act/tc_ct.h
  HDRINST usr/include/linux/sync_file.h
  HDRINST usr/include/linux/if.h
  HDRINST usr/include/linux/rpmsg.h
  HDRINST usr/include/linux/psci.h
  HDRINST usr/include/linux/pkt_sched.h
  HDRINST usr/include/linux/virtio_console.h
  HDRINST usr/include/linux/seccomp.h
  HDRINST usr/include/linux/in_route.h
  HDRINST usr/include/linux/ioprio.h
  HDRINST usr/include/linux/pps.h
  HDRINST usr/include/linux/netfilter_arp.h
  HDRINST usr/include/linux/dlm_device.h
  HDRINST usr/include/linux/byteorder/big_endian.h
  HDRINST usr/include/linux/byteorder/little_endian.h
  HDRINST usr/include/linux/netfilter_bridge/ebt_ip.h
  HDRINST usr/include/linux/netfilter_bridge/ebt_vlan.h
  HDRINST usr/include/linux/netfilter_bridge/ebt_mark_m.h
  HDRINST usr/include/linux/netfilter_bridge/ebt_redirect.h
  HDRINST usr/include/linux/netfilter_bridge/ebt_mark_t.h
  HDRINST usr/include/linux/netfilter_bridge/ebt_log.h
  CALL    scripts/checksyscalls.sh
  HDRINST usr/include/linux/netfilter_bridge/ebtables.h
  HDRINST usr/include/linux/netfilter_bridge/ebt_nat.h
  HDRINST usr/include/linux/netfilter_bridge/ebt_arp.h
  HDRINST usr/include/linux/netfilter_bridge/ebt_among.h
  HDRINST usr/include/linux/netfilter_bridge/ebt_arpreply.h
  HDRINST usr/include/linux/netfilter_bridge/ebt_ip6.h
  HDRINST usr/include/linux/netfilter_bridge/ebt_pkttype.h
  HDRINST usr/include/linux/netfilter_bridge/ebt_nflog.h
  HDRINST usr/include/linux/netfilter_bridge/ebt_limit.h
  HDRINST usr/include/linux/netfilter_bridge/ebt_802_3.h
  HDRINST usr/include/linux/netfilter_bridge/ebt_stp.h
  HDRINST usr/include/linux/mrp_bridge.h
  HDRINST usr/include/linux/sunrpc/debug.h
  HDRINST usr/include/linux/rtc.h
  HDRINST usr/include/linux/virtio_snd.h
  HDRINST usr/include/linux/erspan.h
  HDRINST usr/include/linux/fd.h
  HDRINST usr/include/linux/igmp.h
  HDRINST usr/include/linux/virtio_crypto.h
  HDRINST usr/include/linux/keyctl.h
  HDRINST usr/include/linux/romfs_fs.h
  HDRINST usr/include/linux/minix_fs.h
  HDRINST usr/include/linux/fsi.h
  HDRINST usr/include/linux/am437x-vpfe.h
  HDRINST usr/include/linux/ultrasound.h
  HDRINST usr/include/linux/net_namespace.h
  HDRINST usr/include/linux/bcm933xx_hcs.h
  HDRINST usr/include/linux/veth.h
  HDRINST usr/include/linux/bpqether.h
  HDRINST usr/include/linux/btf.h
  HDRINST usr/include/linux/caif/if_caif.h
  HDRINST usr/include/linux/netconf.h
  HDRINST usr/include/linux/watch_queue.h
  HDRINST usr/include/linux/caif/caif_socket.h
  HDRINST usr/include/linux/hsr_netlink.h
  HDRINST usr/include/linux/switchtec_ioctl.h
  HDRINST usr/include/linux/scc.h
  HDRINST usr/include/linux/pps_gen.h
  HDRINST usr/include/linux/batman_adv.h
  HDRINST usr/include/linux/gfs2_ondisk.h
  HDRINST usr/include/linux/ppp_defs.h
  HDRINST usr/include/linux/mii.h
  HDRINST usr/include/linux/wireguard.h
  HDRINST usr/include/linux/wait.h
  HDRINST usr/include/linux/nbd.h
  HDRINST usr/include/linux/nbd-netlink.h
  HDRINST usr/include/linux/if_addrlabel.h
  HDRINST usr/include/linux/if_plip.h
  HDRINST usr/include/linux/soundcard.h
  HDRINST usr/include/linux/v4l2-dv-timings.h
  HDRINST usr/include/linux/atmmpc.h
  HDRINST usr/include/linux/nitro_enclaves.h
  HDRINST usr/include/linux/virtio_9p.h
  HDRINST usr/include/linux/hpet.h
  HDRINST usr/include/linux/pcitest.h
  HDRINST usr/include/linux/screen_info.h
  HDRINST usr/include/linux/atmsvc.h
  HDRINST usr/include/linux/seg6_iptunnel.h
  HDRINST usr/include/linux/mount.h
  HDRINST usr/include/linux/ioctl.h
  HDRINST usr/include/linux/eventfd.h
  HDRINST usr/include/linux/seg6_hmac.h
  HDRINST usr/include/linux/elf.h
  HDRINST usr/include/linux/kvm_para.h
  HDRINST usr/include/linux/bpf_perf_event.h
  HDRINST usr/include/linux/shm.h
  HDRINST usr/include/linux/mctp.h
  HDRINST usr/include/linux/module.h
  HDRINST usr/include/linux/errqueue.h
  HDRINST usr/include/linux/pmu.h
  HDRINST usr/include/linux/fs.h
  HDRINST usr/include/linux/arcfb.h
  HDRINST usr/include/linux/ptrace.h
  HDRINST usr/include/linux/zorro_ids.h
  HDRINST usr/include/linux/mpls.h
  HDRINST usr/include/linux/perf_event.h
  HDRINST usr/include/linux/timex.h
  HDRINST usr/include/linux/uvcvideo.h
  HDRINST usr/include/linux/lirc.h
  HDRINST usr/include/linux/quota.h
  HDRINST usr/include/linux/nl80211-vnd-intel.h
  HDRINST usr/include/linux/tee.h
  HDRINST usr/include/linux/mmc/ioctl.h
  HDRINST usr/include/linux/fcntl.h
  HDRINST usr/include/linux/lsm.h
  HDRINST usr/include/linux/tipc_netlink.h
  HDRINST usr/include/linux/virtio_gpu.h
  HDRINST usr/include/linux/acrn.h
  HDRINST usr/include/linux/sctp.h
  HDRINST usr/include/linux/cuda.h
  HDRINST usr/include/linux/filter.h
  HDRINST usr/include/linux/pfkeyv2.h
  HDRINST usr/include/linux/snmp.h
  HDRINST usr/include/linux/usbip.h
  HDRINST usr/include/linux/ntsync.h
  HDRINST usr/include/linux/smiapp.h
  HDRINST usr/include/linux/x25.h
  HDRINST usr/include/linux/cciss_ioctl.h
  HDRINST usr/include/linux/loop.h
  HDRINST usr/include/linux/i2c-dev.h
  HDRINST usr/include/linux/vm_sockets_diag.h
  HDRINST usr/include/linux/netlink_diag.h
  HDRINST usr/include/linux/patchkey.h
  HDRINST usr/include/linux/tty.h
  HDRINST usr/include/linux/virtio_iommu.h
  HDRINST usr/include/linux/counter.h
  HDRINST usr/include/linux/kfd_ioctl.h
  HDRINST usr/include/linux/mroute.h
  HDRINST usr/include/linux/kdev_t.h
  HDRINST usr/include/linux/ipsec.h
  HDRINST usr/include/linux/sysinfo.h
  HDRINST usr/include/linux/ipmi_bmc.h
  HDRINST usr/include/linux/membarrier.h
  HDRINST usr/include/linux/synclink.h
  HDRINST usr/include/linux/virtio_vsock.h
  HDRINST usr/include/linux/atm_he.h
  HDRINST usr/include/linux/fiemap.h
  HDRINST usr/include/linux/kcmp.h
  HDRINST usr/include/linux/edd.h
  HDRINST usr/include/linux/ethtool.h
  HDRINST usr/include/linux/vduse.h
  HDRINST usr/include/linux/icmpv6.h
  HDRINST usr/include/linux/poll.h
  HDRINST usr/include/linux/pci_regs.h
  HDRINST usr/include/linux/virtio_blk.h
  HDRINST usr/include/linux/videodev2.h
  HDRINST usr/include/linux/ipmi_msgdefs.h
  HDRINST usr/include/linux/atmioc.h
  HDRINST usr/include/linux/libc-compat.h
  HDRINST usr/include/linux/virtio_bt.h
  HDRINST usr/include/linux/ipv6_route.h
  HDRINST usr/include/linux/wwan.h
  HDRINST usr/include/linux/atmdev.h
  HDRINST usr/include/linux/cachefiles.h
  HDRINST usr/include/linux/atm_nicstar.h
  HDRINST usr/include/linux/dlm_plock.h
  HDRINST usr/include/linux/mroute6.h
  HDRINST usr/include/linux/nsfs.h
  HDRINST usr/include/linux/psp-dbc.h
  HDRINST usr/include/linux/netfilter.h
  HDRINST usr/include/linux/idxd.h
  HDRINST usr/include/linux/surface_aggregator/dtx.h
  HDRINST usr/include/linux/surface_aggregator/cdev.h
  HDRINST usr/include/linux/un.h
  HDRINST usr/include/linux/dvb/audio.h
  HDRINST usr/include/linux/dvb/net.h
  HDRINST usr/include/linux/dvb/version.h
  HDRINST usr/include/linux/dvb/video.h
  HDRINST usr/include/linux/dvb/ca.h
  HDRINST usr/include/linux/dvb/dmx.h
  HDRINST usr/include/linux/dvb/frontend.h
  HDRINST usr/include/linux/hidraw.h
  HDRINST usr/include/linux/ivtv.h
  HDRINST usr/include/linux/dvb/osd.h
  HDRINST usr/include/linux/coda.h
  HDRINST usr/include/linux/udf_fs_i.h
  HDRINST usr/include/linux/pg.h
  HDRINST usr/include/linux/connector.h
  HDRINST usr/include/linux/scif_ioctl.h
  HDRINST usr/include/linux/ppp-ioctl.h
  HDRINST usr/include/linux/ip6_tunnel.h
  HDRINST usr/include/linux/if_fddi.h
  HDRINST usr/include/linux/signal.h
  HDRINST usr/include/linux/kernel.h
  HDRINST usr/include/linux/chio.h
  HDRINST usr/include/linux/virtio_input.h
  HDRINST usr/include/linux/hid.h
  HDRINST usr/include/linux/openat2.h
  HDRINST usr/include/linux/futex.h
  HDRINST usr/include/linux/agpgart.h
  HDRINST usr/include/linux/cxl_mem.h
  HDRINST usr/include/linux/map_to_14segment.h
  HDRINST usr/include/linux/rio_mport_cdev.h
  HDRINST usr/include/linux/stm.h
  HDRINST usr/include/linux/socket.h
  HDRINST usr/include/linux/baycom.h
  HDRINST usr/include/linux/suspend_ioctls.h
  HDRINST usr/include/linux/qemu_fw_cfg.h
  HDRINST usr/include/linux/vsockmon.h
  HDRINST usr/include/linux/string.h
  HDRINST usr/include/linux/msdos_fs.h
  HDRINST usr/include/linux/mptcp.h
  HDRINST usr/include/linux/cfm_bridge.h
  HDRINST usr/include/linux/mdio.h
  HDRINST usr/include/linux/sockios.h
  HDRINST usr/include/linux/joystick.h
  HDRINST usr/include/linux/if_pppox.h
  HDRINST usr/include/linux/tls.h
  HDRINST usr/include/linux/sev-guest.h
  HDRINST usr/include/linux/omap3isp.h
  HDRINST usr/include/linux/toshiba.h
  HDRINST usr/include/linux/gsmmux.h
  HDRINST usr/include/linux/if_vlan.h
  HDRINST usr/include/linux/net_tstamp.h
  HDRINST usr/include/linux/blktrace_api.h
  HDRINST usr/include/linux/mmtimer.h
  HDRINST usr/include/linux/gameport.h
  HDRINST usr/include/linux/if_hippi.h
  HDRINST usr/include/linux/tdx-guest.h
  HDRINST usr/include/linux/ipv6.h
  HDRINST usr/include/linux/dw100.h
  HDRINST usr/include/linux/rpmsg_types.h
  HDRINST usr/include/linux/dma-heap.h
  HDRINST usr/include/linux/hw_breakpoint.h
  HDRINST usr/include/linux/mptcp_pm.h
  HDRINST usr/include/linux/route.h
  HDRINST usr/include/linux/exfat.h
  HDRINST usr/include/linux/qrtr.h
  HDRINST usr/include/linux/udmabuf.h
  HDRINST usr/include/linux/fou.h
  HDRINST usr/include/linux/if_fc.h
  HDRINST usr/include/linux/xdp_diag.h
  HDRINST usr/include/linux/ext4.h
  HDRINST usr/include/linux/tcp_metrics.h
  HDRINST usr/include/linux/amt.h
  HDRINST usr/include/linux/bpf.h
  HDRINST usr/include/linux/rpl_iptunnel.h
  HDRINST usr/include/linux/user_events.h
  HDRINST usr/include/linux/nfsd/cld.h
  HDRINST usr/include/linux/virtio_mem.h
  HDRINST usr/include/linux/nfsd/stats.h
  HDRINST usr/include/linux/nfsd/export.h
  HDRINST usr/include/linux/if_bonding.h
  HDRINST usr/include/linux/nfsd/debug.h
  HDRINST usr/include/linux/a.out.h
  HDRINST usr/include/linux/omapfb.h
  HDRINST usr/include/linux/vmclock-abi.h
  HDRINST usr/include/linux/blkdev.h
  HDRINST usr/include/linux/ioam6_iptunnel.h
  HDRINST usr/include/linux/resource.h
  HDRINST usr/include/linux/vfio.h
  HDRINST usr/include/linux/inotify.h
  HDRINST usr/include/linux/fsl_hypervisor.h
  HDRINST usr/include/linux/binfmts.h
  HDRINST usr/include/linux/aspeed-lpc-ctrl.h
  HDRINST usr/include/linux/media.h
  HDRINST usr/include/linux/remoteproc_cdev.h
  HDRINST usr/include/linux/random.h
  HDRINST usr/include/linux/sed-opal.h
  HDRINST usr/include/linux/apparmor.h
  HDRINST usr/include/linux/xilinx-v4l2-controls.h
  HDRINST usr/include/linux/llc.h
  HDRINST usr/include/linux/nl80211.h
  HDRINST usr/include/linux/netfilter/nfnetlink_osf.h
  HDRINST usr/include/linux/netfilter/xt_LOG.h
  HDRINST usr/include/linux/netfilter/xt_RATEEST.h
  HDRINST usr/include/linux/netfilter/nf_conntrack_ftp.h
  HDRINST usr/include/linux/netfilter/xt_HMARK.h
  HDRINST usr/include/linux/netfilter/xt_helper.h
  HDRINST usr/include/linux/netfilter/nf_conntrack_tuple_common.h
  HDRINST usr/include/linux/netfilter/xt_sctp.h
  HDRINST usr/include/linux/netfilter/xt_limit.h
  HDRINST usr/include/linux/netfilter/xt_iprange.h
  HDRINST usr/include/linux/netfilter/xt_SECMARK.h
  HDRINST usr/include/linux/netfilter/nfnetlink_cthelper.h
  HDRINST usr/include/linux/netfilter/nfnetlink_compat.h
  HDRINST usr/include/linux/netfilter/nf_conntrack_sctp.h
  HDRINST usr/include/linux/netfilter/xt_cgroup.h
  HDRINST usr/include/linux/netfilter/xt_devgroup.h
  HDRINST usr/include/linux/netfilter/xt_tcpmss.h
  HDRINST usr/include/linux/netfilter/xt_connmark.h
  HDRINST usr/include/linux/netfilter/nfnetlink_conntrack.h
  HDRINST usr/include/linux/netfilter/nfnetlink_acct.h
  HDRINST usr/include/linux/netfilter/xt_CONNMARK.h
  HDRINST usr/include/linux/netfilter/xt_u32.h
  HDRINST usr/include/linux/netfilter/nfnetlink_log.h
  HDRINST usr/include/linux/netfilter/xt_cpu.h
  HDRINST usr/include/linux/netfilter/xt_string.h
  HDRINST usr/include/linux/netfilter/xt_multiport.h
  HDRINST usr/include/linux/netfilter/xt_IDLETIMER.h
  HDRINST usr/include/linux/netfilter/xt_dscp.h
  HDRINST usr/include/linux/netfilter/xt_realm.h
  HDRINST usr/include/linux/netfilter/xt_statistic.h
  HDRINST usr/include/linux/netfilter/xt_state.h
  HDRINST usr/include/linux/netfilter/xt_ipcomp.h
  HDRINST usr/include/linux/netfilter/xt_NFQUEUE.h
  HDRINST usr/include/linux/netfilter/xt_CLASSIFY.h
  HDRINST usr/include/linux/netfilter/xt_nfacct.h
  HDRINST usr/include/linux/netfilter/nf_tables.h
  HDRINST usr/include/linux/netfilter/xt_rateest.h
  HDRINST usr/include/linux/netfilter/nfnetlink_queue.h
  HDRINST usr/include/linux/netfilter/xt_recent.h
  HDRINST usr/include/linux/netfilter/xt_quota.h
  HDRINST usr/include/linux/netfilter/nfnetlink_hook.h
  HDRINST usr/include/linux/netfilter/xt_DSCP.h
  HDRINST usr/include/linux/netfilter/xt_mac.h
  HDRINST usr/include/linux/netfilter/xt_MARK.h
  HDRINST usr/include/linux/netfilter/x_tables.h
  HDRINST usr/include/linux/netfilter/xt_esp.h
  HDRINST usr/include/linux/netfilter/xt_TPROXY.h
  HDRINST usr/include/linux/netfilter/nf_nat.h
  HDRINST usr/include/linux/netfilter/xt_rpfilter.h
  HDRINST usr/include/linux/netfilter/nf_log.h
  HDRINST usr/include/linux/netfilter/xt_comment.h
  HDRINST usr/include/linux/netfilter/xt_connlabel.h
  HDRINST usr/include/linux/netfilter/xt_tcpudp.h
  HDRINST usr/include/linux/netfilter/xt_policy.h
  HDRINST usr/include/linux/netfilter/ipset/ip_set_bitmap.h
  HDRINST usr/include/linux/netfilter/ipset/ip_set_list.h
  HDRINST usr/include/linux/netfilter/ipset/ip_set_hash.h
  HDRINST usr/include/linux/netfilter/ipset/ip_set.h
  HDRINST usr/include/linux/netfilter/xt_LED.h
  HDRINST usr/include/linux/netfilter/xt_NFLOG.h
  HDRINST usr/include/linux/netfilter/xt_mark.h
  HDRINST usr/include/linux/netfilter/xt_TEE.h
  HDRINST usr/include/linux/netfilter/nf_tables_compat.h
  HDRINST usr/include/linux/netfilter/xt_dccp.h
  HDRINST usr/include/linux/netfilter/xt_ipvs.h
  HDRINST usr/include/linux/netfilter/xt_AUDIT.h
  HDRINST usr/include/linux/netfilter/xt_connbytes.h
  HDRINST usr/include/linux/netfilter/xt_hashlimit.h
  HDRINST usr/include/linux/netfilter/xt_owner.h
  HDRINST usr/include/linux/netfilter/xt_pkttype.h
  HDRINST usr/include/linux/netfilter/xt_SYNPROXY.h
  HDRINST usr/include/linux/netfilter/xt_addrtype.h
  HDRINST usr/include/linux/netfilter/nf_conntrack_tcp.h
  HDRINST usr/include/linux/netfilter/xt_physdev.h
  HDRINST usr/include/linux/netfilter/xt_set.h
  HDRINST usr/include/linux/netfilter/xt_CHECKSUM.h
  HDRINST usr/include/linux/netfilter/xt_ecn.h
  HDRINST usr/include/linux/netfilter/nf_conntrack_common.h
  HDRINST usr/include/linux/netfilter/nf_synproxy.h
  HDRINST usr/include/linux/netfilter/xt_TCPMSS.h
  HDRINST usr/include/linux/netfilter/xt_CT.h
  HDRINST usr/include/linux/netfilter/nfnetlink_cttimeout.h
  HDRINST usr/include/linux/netfilter/xt_time.h
  HDRINST usr/include/linux/netfilter/xt_bpf.h
  HDRINST usr/include/linux/netfilter/xt_TCPOPTSTRIP.h
  HDRINST usr/include/linux/netfilter/xt_l2tp.h
  HDRINST usr/include/linux/netfilter/xt_osf.h
  HDRINST usr/include/linux/netfilter/xt_socket.h
  HDRINST usr/include/linux/netfilter/xt_CONNSECMARK.h
  HDRINST usr/include/linux/netfilter/xt_cluster.h
  HDRINST usr/include/linux/netfilter/xt_connlimit.h
  HDRINST usr/include/linux/netfilter/xt_conntrack.h
  HDRINST usr/include/linux/netfilter/xt_length.h
  HDRINST usr/include/linux/netfilter/nfnetlink.h
  HDRINST usr/include/linux/ip_vs.h
  HDRINST usr/include/linux/lwtunnel.h
  HDRINST usr/include/linux/signalfd.h
  HDRINST usr/include/linux/pci.h
  HDRINST usr/include/linux/errno.h
  HDRINST usr/include/linux/ncsi.h
  HDRINST usr/include/linux/mqueue.h
  HDRINST usr/include/linux/smc_diag.h
  HDRINST usr/include/linux/atm.h
  HDRINST usr/include/linux/sound.h
  HDRINST usr/include/linux/if_tun.h
  HDRINST usr/include/linux/hdlc/ioctl.h
  HDRINST usr/include/linux/um_timetravel.h
  HDRINST usr/include/linux/dqblk_xfs.h
  HDRINST usr/include/linux/virtio_types.h
  HDRINST usr/include/linux/dm-log-userspace.h
  HDRINST usr/include/linux/serio.h
  HDRINST usr/include/linux/devlink.h
  HDRINST usr/include/linux/virtio_pmem.h
  HDRINST usr/include/linux/if_packet.h
  HDRINST usr/include/linux/fscrypt.h
  HDRINST usr/include/linux/nfs.h
  HDRINST usr/include/linux/virtio_ring.h
  HDRINST usr/include/linux/if_alg.h
  HDRINST usr/include/linux/xfrm.h
  HDRINST usr/include/linux/isdn/capicmd.h
  HDRINST usr/include/linux/qnxtypes.h
  HDRINST usr/include/linux/cn_proc.h
  HDRINST usr/include/linux/netdevice.h
  HDRINST usr/include/linux/nvme_ioctl.h
  HDRINST usr/include/linux/thp7312.h
  HDRINST usr/include/linux/limits.h
  HDRINST usr/include/linux/ip.h
  HDRINST usr/include/misc/ocxl.h
  HDRINST usr/include/misc/uacce/hisi_qm.h
  HDRINST usr/include/misc/uacce/uacce.h
  HDRINST usr/include/misc/mrvl_cn10k_dpi.h
  HDRINST usr/include/misc/xilinx_sdfec.h
  HDRINST usr/include/misc/pvpanic.h
  HDRINST usr/include/misc/cxl.h
  HDRINST usr/include/misc/fastrpc.h
  HDRINST usr/include/mtd/mtd-abi.h
  HDRINST usr/include/mtd/mtd-user.h
  HDRINST usr/include/mtd/nftl-user.h
  HDRINST usr/include/mtd/ubi-user.h
  HDRINST usr/include/mtd/inftl-user.h
  HDRINST usr/include/rdma/mlx5-abi.h
  HDRINST usr/include/rdma/mlx5_user_ioctl_verbs.h
  HDRINST usr/include/rdma/ib_user_verbs.h
  HDRINST usr/include/rdma/ib_user_mad.h
  HDRINST usr/include/rdma/ib_user_sa.h
  HDRINST usr/include/rdma/rdma_netlink.h
  HDRINST usr/include/rdma/ocrdma-abi.h
  HDRINST usr/include/rdma/rdma_user_rxe.h
  HDRINST usr/include/rdma/rdma_user_cm.h
  HDRINST usr/include/rdma/mana-abi.h
  HDRINST usr/include/rdma/cxgb4-abi.h
  HDRINST usr/include/rdma/mthca-abi.h
  HDRINST usr/include/rdma/erdma-abi.h
  HDRINST usr/include/rdma/ib_user_ioctl_verbs.h
  HDRINST usr/include/rdma/vmw_pvrdma-abi.h
  HDRINST usr/include/rdma/irdma-abi.h
  HDRINST usr/include/rdma/rdma_user_ioctl_cmds.h
  HDRINST usr/include/rdma/ib_user_ioctl_cmds.h
  HDRINST usr/include/rdma/siw-abi.h
  HDRINST usr/include/rdma/mlx5_user_ioctl_cmds.h
  HDRINST usr/include/rdma/qedr-abi.h
  HDRINST usr/include/rdma/hfi/hfi1_ioctl.h
  HDRINST usr/include/rdma/hfi/hfi1_user.h
  HDRINST usr/include/rdma/mlx4-abi.h
  HDRINST usr/include/rdma/hns-abi.h
  HDRINST usr/include/rdma/rvt-abi.h
  HDRINST usr/include/rdma/efa-abi.h
  HDRINST usr/include/rdma/rdma_user_ioctl.h
  HDRINST usr/include/rdma/bnxt_re-abi.h
  HDRINST usr/include/regulator/regulator.h
  HDRINST usr/include/scsi/scsi_bsg_fc.h
  HDRINST usr/include/scsi/scsi_netlink.h
  HDRINST usr/include/scsi/cxlflash_ioctl.h
  HDRINST usr/include/scsi/scsi_netlink_fc.h
  HDRINST usr/include/scsi/scsi_bsg_mpi3mr.h
  HDRINST usr/include/scsi/fc/fc_els.h
  HDRINST usr/include/scsi/fc/fc_ns.h
  HDRINST usr/include/scsi/fc/fc_fs.h
  HDRINST usr/include/scsi/fc/fc_gs.h
  HDRINST usr/include/scsi/scsi_bsg_ufs.h
  HDRINST usr/include/sound/skl-tplg-interface.h
  HDRINST usr/include/sound/compress_params.h
  HDRINST usr/include/sound/usb_stream.h
  HDRINST usr/include/sound/sfnt_info.h
  HDRINST usr/include/sound/scarlett2.h
  HDRINST usr/include/sound/asound_fm.h
  HDRINST usr/include/sound/asound.h
  HDRINST usr/include/sound/snd_ar_tokens.h
  HDRINST usr/include/sound/fcp.h
  HDRINST usr/include/sound/sb16_csp.h
  HDRINST usr/include/sound/tlv.h
  HDRINST usr/include/sound/emu10k1.h
  HDRINST usr/include/sound/hdspm.h
  HDRINST usr/include/sound/snd_sst_tokens.h
  HDRINST usr/include/sound/asequencer.h
  HDRINST usr/include/sound/compress_offload.h
  HDRINST usr/include/sound/intel/avs/tokens.h
  HDRINST usr/include/sound/sof/abi.h
  HDRINST usr/include/sound/sof/fw.h
  HDRINST usr/include/sound/sof/header.h
  HDRINST usr/include/sound/sof/tokens.h
  HDRINST usr/include/sound/firewire.h
  HDRINST usr/include/sound/asoc.h
  HDRINST usr/include/sound/hdsp.h
  HDRINST usr/include/video/edid.h
  HDRINST usr/include/video/uvesafb.h
  HDRINST usr/include/xen/gntalloc.h
  HDRINST usr/include/video/sisfb.h
  HDRINST usr/include/xen/gntdev.h
  HDRINST usr/include/xen/privcmd.h
  HDRINST usr/include/linux/version.h
  HDRINST usr/include/xen/evtchn.h
  HDRINST usr/include/asm/kvm.h
  HDRINST usr/include/asm/setup_data.h
  HDRINST usr/include/asm/unistd.h
  HDRINST usr/include/asm/sigcontext32.h
  HDRINST usr/include/asm/mman.h
  HDRINST usr/include/asm/posix_types.h
  HDRINST usr/include/asm/mtrr.h
  HDRINST usr/include/asm/vsyscall.h
  HDRINST usr/include/asm/auxvec.h
  HDRINST usr/include/asm/swab.h
  HDRINST usr/include/asm/shmbuf.h
  HDRINST usr/include/asm/sgx.h
  HDRINST usr/include/asm/sembuf.h
  HDRINST usr/include/asm/prctl.h
  HDRINST usr/include/asm/ptrace-abi.h
  HDRINST usr/include/asm/ldt.h
  HDRINST usr/include/asm/svm.h
  HDRINST usr/include/asm/posix_types_32.h
  HDRINST usr/include/asm/msr.h
  HDRINST usr/include/asm/stat.h
  HDRINST usr/include/asm/vm86.h
  HDRINST usr/include/asm/vmx.h
  HDRINST usr/include/asm/perf_regs.h
  HDRINST usr/include/asm/siginfo.h
  HDRINST usr/include/asm/boot.h
  HDRINST usr/include/asm/elf.h
  HDRINST usr/include/asm/hwcap2.h
  HDRINST usr/include/asm/kvm_para.h
  HDRINST usr/include/asm/statfs.h
  HDRINST usr/include/asm/posix_types_64.h
  HDRINST usr/include/asm/ptrace.h
  HDRINST usr/include/asm/processor-flags.h
  HDRINST usr/include/asm/mce.h
  HDRINST usr/include/asm/debugreg.h
  HDRINST usr/include/asm/msgbuf.h
  HDRINST usr/include/asm/sigcontext.h
  HDRINST usr/include/asm/byteorder.h
  HDRINST usr/include/asm/signal.h
  HDRINST usr/include/asm/e820.h
  HDRINST usr/include/asm/amd_hsmp.h
  HDRINST usr/include/asm/posix_types_x32.h
  HDRINST usr/include/asm/kvm_perf.h
  HDRINST usr/include/asm/bootparam.h
  HDRINST usr/include/asm/hw_breakpoint.h
  HDRINST usr/include/asm/a.out.h
  HDRINST usr/include/asm/ucontext.h
  HDRINST usr/include/asm/bitsperlong.h
  HDRINST usr/include/asm/ist.h
  HDRINST usr/include/asm/setup.h
  HDRINST usr/include/asm/termios.h
  HDRINST usr/include/asm/unistd_x32.h
  HDRINST usr/include/asm/unistd_32.h
  HDRINST usr/include/asm/param.h
  HDRINST usr/include/asm/unistd_64.h
  HDRINST usr/include/asm/types.h
  HDRINST usr/include/asm/ioctls.h
  HDRINST usr/include/asm/ipcbuf.h
  HDRINST usr/include/asm/ioctl.h
  HDRINST usr/include/asm/bpf_perf_event.h
  HDRINST usr/include/asm/poll.h
  HDRINST usr/include/asm/fcntl.h
  HDRINST usr/include/asm/termbits.h
  HDRINST usr/include/asm/socket.h
  HDRINST usr/include/asm/sockios.h
  HDRINST usr/include/asm/errno.h
  HDRINST usr/include/asm/resource.h
  LD      /usr/src/linux-hwe-6.14-6.14.0/tools/objtool/objtool-in.o
  LINK    /usr/src/linux-hwe-6.14-6.14.0/tools/objtool/objtool
  LDS     scripts/module.lds
  CC      init/main.o
  HOSTCC  usr/gen_init_cpio
  GENKEY  certs/signing_key.pem
........+...+..+++++++++++++++++++++++++++++++++++++++++++++++++++++++++++++++++*............+..+.......+...........+++++++++++++++++++++++++++++++++++++++++++++++++++++++++++++++++*....  CC      ipc/compat.o
.+  CC      mm/kfence/core.o
.+  CC      fs/notify/dnotify/dnotify.o
  CC      arch/x86/coco/tdx/debug.o
.....+................+.....+...+......+.......+...+........................+..+.....  CC      kernel/sched/core.o
.+.......+.....+....  AS      arch/x86/coco/tdx/tdcall.o
...........+.......+......+.....+....+.........+  CC      arch/x86/coco/tdx/tdx.o
......+.....................+........+....+.......................+............+.............+..+.....................+.......+..+.+.....+......+...+..........+......+..+...+.......+.....+....+.........+.....+...................+..+.+........+............+....+.....+.............+........+.......+.....+...+.........................+...............+..+......+.+..............+....+..+.............+...+...+...........+.+..................+.....................+...+..+....+..  GEN     usr/initramfs_data.cpio
.............+...  COPY    usr/initramfs_inc_data
....  AS      usr/initramfs_data.o
....+.........+.+  AR      usr/built-in.a
...+..+.  UPD     init/utsversion-tmp.h
+........+....+...  ASN.1   security/keys/trusted-keys/tpm2key.asn1.[ch]
....  CC      security/keys/trusted-keys/trusted_core.o
.+.......+..+...+.......+...+...........+.......+........+...............+.........+...+....+......+.....+...................+...+..+..........+...+........+...+.+...+....................  CC      ipc/util.o
+.+..+.........+...+......+.......+...+..+.....................................+.....+...+.............+......+......+..+.......+.....+.........+....+..+.+...+.....................+........+.+............+..  AR      fs/notify/dnotify/built-in.a
.+..................  CC      mm/kfence/report.o
........................+  CC      fs/notify/inotify/inotify_fsnotify.o
............+...........+......+...+  CC      security/keys/trusted-keys/trusted_tpm1.o
.+......+........+..........+......+......+...+.....+.+......+......+.............................+....+............+........  CC      arch/x86/coco/tdx/tdx-shared.o
....+........+.......+..........................+.+........+...............+...+.........+.........................+...+..................+...+..+...................+......+.........+...........+.......+..+.........+....+..+......+........  CC      init/do_mounts.o
....+.+......+...........+............+............+...+  CC      fs/notify/inotify/inotify_user.o
.+.....+.+...+...+.......................+....+......+.........+......+..+...+.......+.....+........................+.+..+  AR      arch/x86/coco/tdx/built-in.a
......+  CC      arch/x86/coco/sev/core.o
.+......+..+...+.........+......+.........+...+...+............+......+.+........+......+....+...........+.+......+...+.....+......+..........+...+...+.....+............+.+......+........+  CC      ipc/msgutil.o
.+.....+.+......+.........+...+...+........+......+...+...+....+..............+.+.....+++  AR      mm/kfence/built-in.a
++  CC      mm/filemap.o
+++++++++++++++++++  CC      security/keys/trusted-keys/trusted_tpm2.o
+++++++++++++++++++++++++++++++++++++++++
.......+...+............+..+.+.....+.+......+.....+....+...............+...+...........+......+...+..........+.....+...+....+..............+.........+......+......+.+...+......+...+.....+......+..........+.....+....+..+.+..+..................+....+......+..+.+..+...+.+...+......+.....+.+.....+....+..+....+...+.....+.......+.........+..+.........+.+..+.+..+.........+.............+...+........................+...........+...+......+.+..+...+....+.....+.+++++++++++++++++++++++++++++++++++++++++++++++++++++++++++++++++*.+......+..+....+...+++++++++++++++++++++++++++++++++++++++++++++++++++++++++++++++++*...................+...+................+++  AR      fs/notify/inotify/built-in.a
+++++  CC      fs/notify/fanotify/fanotify.o
+++++++++++++++++  CC      ipc/msg.o
++++++++++++++++++++++++++++++++++++++++
-----
  CC      security/keys/trusted-keys/tpm2key.asn1.o
  CC      init/do_mounts_initrd.o
  CC      certs/system_keyring.o
  AR      security/keys/trusted-keys/built-in.a
  CC      security/keys/encrypted-keys/encrypted.o
  HOSTCC  certs/extract-cert
  CC      certs/blacklist.o
  AR      arch/x86/coco/sev/built-in.a
  CC      fs/notify/fanotify/fanotify_user.o
  CC      arch/x86/coco/core.o
  CC      ipc/sem.o
  CC      init/initramfs.o
  CC      security/keys/encrypted-keys/ecryptfs_format.o
  AR      arch/x86/coco/built-in.a
  CC      arch/x86/entry/vdso/vma.o
  CC      security/keys/encrypted-keys/masterkey_trusted.o
  GEN     certs/blacklist_hash_list
  CERT    certs/x509_revocation_list
  CERT    certs/x509_certificate_list
  CERT    certs/signing_key.x509
  CC      certs/blacklist_hashes.o
  AS      certs/revocation_certificates.o
  AS      certs/system_certificates.o
  AR      certs/built-in.a
  CC      arch/x86/entry/vsyscall/vsyscall_64.o
  AR      security/keys/encrypted-keys/built-in.a
  CC      security/keys/gc.o
  CC      arch/x86/entry/vdso/extable.o
  CC      mm/mempool.o
  CC      init/calibrate.o
  AR      fs/notify/fanotify/built-in.a
  CC      fs/notify/fsnotify.o
  CC      init/init_task.o
  CC      ipc/shm.o
  AS      arch/x86/entry/vsyscall/vsyscall_emu_64.o
  AR      arch/x86/entry/vsyscall/built-in.a
  LDS     arch/x86/entry/vdso/vdso.lds
  CC      kernel/sched/fair.o
  CC      security/keys/key.o
  AS      arch/x86/entry/vdso/vdso-note.o
  CC      mm/oom_kill.o
  CC      arch/x86/entry/vdso/vclock_gettime.o
  CC      init/version.o
  CC      arch/x86/events/amd/core.o
  AR      init/built-in.a
  CC      kernel/sched/build_policy.o
  CC      arch/x86/entry/vdso/vgetcpu.o
  CC      fs/notify/notification.o
  CC      arch/x86/entry/vdso/vgetrandom.o
  CC      security/keys/keyring.o
  AS      arch/x86/entry/vdso/vgetrandom-chacha.o
  AS      arch/x86/entry/vdso/vsgx.o
  HOSTCC  arch/x86/entry/vdso/vdso2c
  CC      ipc/syscall.o
  CC      fs/notify/group.o
  LDS     arch/x86/entry/vdso/vdso32/vdso32.lds
  AS      arch/x86/entry/vdso/vdso32/note.o
  AS      arch/x86/entry/vdso/vdso32/system_call.o
  CC      arch/x86/events/amd/lbr.o
  AS      arch/x86/entry/vdso/vdso32/sigreturn.o
  CC      arch/x86/entry/vdso/vdso32/vclock_gettime.o
  CC      mm/fadvise.o
  CC      ipc/ipc_sysctl.o
  CC      fs/notify/mark.o
  CC      arch/x86/entry/vdso/vdso32/vgetcpu.o
  CC      arch/x86/entry/vdso/vdso32-setup.o
  CC      arch/x86/events/amd/brs.o
  CC      security/keys/keyctl.o
  CC      mm/maccess.o
  CC      ipc/mqueue.o
  VDSO    arch/x86/entry/vdso/vdso64.so.dbg
  VDSO    arch/x86/entry/vdso/vdso32.so.dbg
  OBJCOPY arch/x86/entry/vdso/vdso64.so
  OBJCOPY arch/x86/entry/vdso/vdso32.so
  VDSO2C  arch/x86/entry/vdso/vdso-image-64.c
  VDSO2C  arch/x86/entry/vdso/vdso-image-32.c
  CC      arch/x86/entry/vdso/vdso-image-64.o
  CC      fs/notify/fdinfo.o
  CC      mm/page-writeback.o
  CC      arch/x86/entry/vdso/vdso-image-32.o
  CC      arch/x86/events/amd/ibs.o
  AR      arch/x86/entry/vdso/built-in.a
  AS      arch/x86/entry/entry.o
  CC      security/keys/permission.o
  AS      arch/x86/entry/entry_64.o
  AR      fs/notify/built-in.a
  CC      arch/x86/entry/syscall_64.o
  CC      fs/crypto/crypto.o
  CC      security/keys/process_keys.o
  CC      ipc/namespace.o
  CC      arch/x86/events/amd/iommu.o
  CC      fs/crypto/fname.o
  CC      arch/x86/entry/common.o
  CC      kernel/locking/mutex.o
  CC      mm/folio-compat.o
  CC      ipc/mq_sysctl.o
  CC      security/keys/request_key.o
  CC      kernel/sched/build_utility.o
  AR      arch/x86/events/amd/built-in.a
  CC      arch/x86/events/intel/core.o
  CC      fs/crypto/hkdf.o
  AR      ipc/built-in.a
  CC      fs/crypto/hooks.o
  AS      arch/x86/entry/thunk.o
  AS      arch/x86/entry/entry_64_fred.o
  CC      arch/x86/entry/entry_fred.o
  CC      mm/readahead.o
  CC      kernel/locking/semaphore.o
  HOSTCC  security/selinux/genheaders
  CC      security/keys/request_key_auth.o
  CC      fs/crypto/keyring.o
  GEN     security/selinux/flask.h security/selinux/av_permissions.h
  CC      security/selinux/avc.o
  AS      arch/x86/entry/entry_64_compat.o
  CC      arch/x86/entry/syscall_32.o
  CC      kernel/locking/rwsem.o
  CC      security/keys/user_defined.o
  CC      mm/swap.o
  CC      fs/crypto/keysetup.o
  AR      arch/x86/entry/built-in.a
  CC      arch/x86/xen/enlighten.o
  CC      security/keys/compat.o
  CC      kernel/locking/percpu-rwsem.o
  CC      security/selinux/hooks.o
  CC      arch/x86/events/intel/bts.o
  CC      fs/crypto/keysetup_v1.o
  CC      kernel/locking/spinlock.o
  CC      security/keys/compat_dh.o
  CC      arch/x86/xen/mmu.o
  CC      mm/truncate.o
  CC      kernel/locking/osq_lock.o
  CC      arch/x86/events/intel/ds.o
  CC      fs/crypto/policy.o
  CC      kernel/locking/qspinlock.o
  CC      security/keys/proc.o
  CC      arch/x86/xen/time.o
  CC      mm/vmscan.o
  CC      security/keys/sysctl.o
  CC      fs/crypto/bio.o
  CC      kernel/locking/rtmutex_api.o
  CC      arch/x86/xen/grant-table.o
  CC      security/keys/persistent.o
  CC      fs/crypto/inline_crypt.o
  AR      kernel/sched/built-in.a
  CC      security/selinux/selinuxfs.o
  CC      arch/x86/events/intel/knc.o
  CC      kernel/locking/qrwlock.o
  CC      mm/shrinker.o
  CC      arch/x86/xen/suspend.o
  CC      security/keys/dh.o
  AR      fs/crypto/built-in.a
  CC      fs/verity/enable.o
  AR      kernel/locking/built-in.a
  CC      kernel/power/qos.o
  CC      arch/x86/events/intel/lbr.o
  CC      arch/x86/xen/enlighten_hvm.o
  CC      security/keys/keyctl_pkey.o
  CC      crypto/asymmetric_keys/asymmetric_type.o
  CC      fs/verity/hash_algs.o
  CC      security/selinux/netlink.o
  AR      security/keys/built-in.a
  CC      arch/x86/events/zhaoxin/core.o
  CC      kernel/power/main.o
  CC      arch/x86/xen/mmu_hvm.o
  CC      arch/x86/events/intel/p4.o
  CC      crypto/asymmetric_keys/restrict.o
  CC      fs/verity/init.o
  CC      security/selinux/nlmsgtab.o
  CC      arch/x86/xen/suspend_hvm.o
  AR      arch/x86/events/zhaoxin/built-in.a
  CC      security/smack/smack_lsm.o
  CC      fs/verity/measure.o
  CC      crypto/asymmetric_keys/signature.o
  CC      kernel/power/console.o
  CC      arch/x86/events/intel/p6.o
  CC      security/selinux/netif.o
  CC      crypto/asymmetric_keys/public_key.o
  CC      arch/x86/xen/platform-pci-unplug.o
  CC      fs/verity/open.o
  CC      mm/shmem.o
  CC      kernel/power/process.o
  CC      arch/x86/events/intel/pt.o
  ASN.1   crypto/asymmetric_keys/x509.asn1.[ch]
  ASN.1   crypto/asymmetric_keys/x509_akid.asn1.[ch]
  CC      crypto/asymmetric_keys/x509_loader.o
  CC      arch/x86/xen/setup.o
  CC      fs/verity/read_metadata.o
  CC      crypto/asymmetric_keys/x509_public_key.o
  CC      security/selinux/netnode.o
  CC      kernel/power/suspend.o
  CC      security/smack/smack_access.o
  CC      fs/verity/verify.o
  ASN.1   crypto/asymmetric_keys/pkcs7.asn1.[ch]
  CC      crypto/asymmetric_keys/pkcs7_trust.o
  CC      arch/x86/events/intel/uncore.o
  CC      arch/x86/xen/apic.o
  CC      crypto/asymmetric_keys/pkcs7_verify.o
  CC      kernel/power/hibernate.o
  CC      security/selinux/netport.o
  CC      fs/verity/signature.o
  CC      crypto/asymmetric_keys/verify_pefile.o
  CC      security/smack/smackfs.o
  CC      arch/x86/xen/pmu.o
  CC      mm/util.o
  AR      fs/verity/built-in.a
  CC      fs/iomap/trace.o
  ASN.1   crypto/asymmetric_keys/mscode.asn1.[ch]
  CC      crypto/asymmetric_keys/x509.asn1.o
  CC      crypto/asymmetric_keys/x509_akid.asn1.o
  CC      crypto/asymmetric_keys/x509_cert_parser.o
  CC      security/selinux/status.o
  CC      arch/x86/events/intel/uncore_nhmex.o
  CC      kernel/power/snapshot.o
  CC      arch/x86/xen/suspend_pv.o
  CC      crypto/asymmetric_keys/pkcs7.asn1.o
  CC      crypto/asymmetric_keys/pkcs7_parser.o
  CC      mm/mmzone.o
  CC      fs/iomap/iter.o
  CC      security/selinux/ss/ebitmap.o
  CC      security/smack/smack_netfilter.o
  CC      arch/x86/xen/p2m.o
  CC      arch/x86/events/intel/uncore_snb.o
  CC      crypto/asymmetric_keys/mscode_parser.o
  CC      mm/vmstat.o
  CC      kernel/power/swap.o
  CC      crypto/asymmetric_keys/mscode.asn1.o
  CC      fs/iomap/buffered-io.o
  AR      crypto/asymmetric_keys/built-in.a
  CC      crypto/api.o
  CC      arch/x86/events/intel/uncore_snbep.o
  CC      arch/x86/xen/enlighten_pv.o
  CC      security/selinux/ss/hashtab.o
  CC      crypto/cipher.o
  AR      security/smack/built-in.a
  CC      crypto/compress.o
  CC      kernel/power/user.o
  CC      security/selinux/ss/symtab.o
  CC      mm/backing-dev.o
  CC      security/selinux/ss/sidtab.o
  CC      arch/x86/xen/mmu_pv.o
  CC      crypto/algapi.o
  CC      fs/iomap/direct-io.o
  CC      kernel/power/wakelock.o
  CC      arch/x86/platform/pvh/enlighten.o
  CC      mm/mm_init.o
  CC      arch/x86/events/intel/uncore_discovery.o
  CC      security/selinux/ss/avtab.o
  CC      crypto/scatterwalk.o
  CC      kernel/power/poweroff.o
  AS      arch/x86/platform/pvh/head.o
  AR      arch/x86/platform/pvh/built-in.a
  CC      security/tomoyo/audit.o
  CC      fs/iomap/fiemap.o
  CC      kernel/power/energy_model.o
  CC      crypto/proc.o
  CC      arch/x86/xen/irq.o
  CC [M]  arch/x86/events/intel/cstate.o
  CC      fs/iomap/seek.o
  CC      security/selinux/ss/policydb.o
  CC      mm/percpu.o
  CC      crypto/aead.o
  AR      kernel/power/built-in.a
  CC      kernel/printk/printk.o
  CC      arch/x86/xen/multicalls.o
  POLICY  security/tomoyo/builtin-policy.h
  CC      security/tomoyo/condition.o
  CC      fs/iomap/swapfile.o
  AR      arch/x86/events/intel/built-in.a
  LD [M]  arch/x86/events/intel/intel-cstate.o
  CC      arch/x86/events/core.o
  CC      crypto/geniv.o
  AS      arch/x86/xen/xen-asm.o
  CC      arch/x86/xen/enlighten_pvh.o
  AR      fs/iomap/built-in.a
  CC      fs/quota/dquot.o
  CC      security/tomoyo/domain.o
  CC      arch/x86/xen/trace.o
  CC      crypto/lskcipher.o
  CC      security/selinux/ss/services.o
  CC      mm/slab_common.o
  CC      kernel/printk/printk_safe.o
  CC      arch/x86/events/probe.o
  CC      kernel/printk/nbcon.o
  CC      arch/x86/events/utils.o
  CC      crypto/skcipher.o
  CC      fs/quota/quota.o
  CC      security/tomoyo/environ.o
  CC      kernel/printk/printk_ringbuffer.o
  CC      arch/x86/xen/smp.o
  CC      arch/x86/events/msr.o
  CC      mm/compaction.o
  CC      crypto/bpf_crypto_skcipher.o
  CC      security/tomoyo/file.o
  CC      security/selinux/ss/conditional.o
  CC      kernel/printk/sysctl.o
  CC      fs/quota/kqid.o
  CC      arch/x86/xen/smp_pv.o
  AR      arch/x86/events/built-in.a
  CC      security/apparmor/apparmorfs.o
  CC      crypto/seqiv.o
  AR      kernel/printk/built-in.a
  CC      kernel/irq/irqdesc.o
  CC      fs/quota/netlink.o
  CC      crypto/ahash.o
  CC      arch/x86/xen/smp_hvm.o
  CC      security/selinux/ss/mls.o
  CC      kernel/irq/handle.o
  CC      security/tomoyo/gc.o
  AR      fs/quota/built-in.a
  CC      fs/proc/task_mmu.o
  CC      arch/x86/xen/spinlock.o
  CC      kernel/irq/manage.o
  CC      crypto/shash.o
  CC      mm/show_mem.o
  CC      security/tomoyo/group.o
  CC      security/selinux/ss/context.o
  CC      security/apparmor/audit.o
  CC      arch/x86/xen/vga.o
  CC      crypto/akcipher.o
  CC      mm/interval_tree.o
  CC      arch/x86/xen/efi.o
  CC      kernel/irq/spurious.o
  CC      security/selinux/netlabel.o
  CC      security/tomoyo/load_policy.o
  GEN     security/apparmor/capability_names.h
  CC      security/apparmor/task.o
  CC      fs/proc/inode.o
  CC      crypto/sig.o
  AR      arch/x86/xen/built-in.a
  CC      arch/x86/realmode/init.o
  CC      mm/list_lru.o
  CC      kernel/irq/resend.o
  CC      security/tomoyo/memory.o
  CC      fs/proc/root.o
  AS      arch/x86/realmode/rm/header.o
  AS      arch/x86/realmode/rm/trampoline_64.o
  AS      arch/x86/realmode/rm/stack.o
  AS      arch/x86/realmode/rm/reboot.o
  AS      arch/x86/realmode/rm/wakeup_asm.o
  CC      security/selinux/ima.o
  CC      crypto/kpp.o
  CC      arch/x86/realmode/rm/wakemain.o
  CC      kernel/irq/chip.o
  CC      arch/x86/realmode/rm/video-mode.o
  AS      arch/x86/realmode/rm/copy.o
  AS      arch/x86/realmode/rm/bioscall.o
  CC      arch/x86/realmode/rm/regs.o
  CC      arch/x86/realmode/rm/video-vga.o
  CC      mm/workingset.o
  CC      arch/x86/realmode/rm/video-vesa.o
  CC      security/apparmor/ipc.o
  CC      arch/x86/realmode/rm/video-bios.o
  PASYMS  arch/x86/realmode/rm/pasyms.h
  CC      fs/proc/base.o
  LDS     arch/x86/realmode/rm/realmode.lds
  LD      arch/x86/realmode/rm/realmode.elf
  RELOCS  arch/x86/realmode/rm/realmode.relocs
  OBJCOPY arch/x86/realmode/rm/realmode.bin
  AS      arch/x86/realmode/rmpiggy.o
  AR      arch/x86/realmode/built-in.a
  CC      arch/x86/kernel/fpu/init.o
  AR      security/selinux/built-in.a
  CC      arch/x86/mm/pat/set_memory.o
  CC      crypto/dh.o
  CC      security/tomoyo/mount.o
  CC      arch/x86/kernel/fpu/bugs.o
  CC      kernel/irq/dummychip.o
  CC      arch/x86/kernel/fpu/core.o
  CC      mm/debug.o
  CC      security/apparmor/lib.o
  CC      crypto/dh_helper.o
  CC      kernel/irq/devres.o
  CC      security/tomoyo/network.o
  ASN.1   crypto/rsapubkey.asn1.[ch]
  ASN.1   crypto/rsaprivkey.asn1.[ch]
  CC      crypto/rsa.o
  CC      arch/x86/mm/pat/memtype.o
  CC      mm/gup.o
  CC      fs/proc/generic.o
  CC      arch/x86/kernel/fpu/regset.o
  CC      kernel/irq/kexec.o
  CC      crypto/rsa_helper.o
  CC      security/apparmor/match.o
  CC      kernel/irq/autoprobe.o
  CC      arch/x86/mm/pat/memtype_interval.o
  CC      fs/proc/array.o
  CC      crypto/rsa-pkcs1pad.o
  CC      security/tomoyo/realpath.o
  CC      arch/x86/kernel/fpu/signal.o
  CC      security/apparmor/path.o
  AR      arch/x86/mm/pat/built-in.a
  CC      arch/x86/mm/init.o
  CC      kernel/irq/irqdomain.o
  CC      crypto/rsassa-pkcs1.o
  CC      arch/x86/kernel/fpu/xstate.o
  CC      fs/proc/fd.o
  CC      security/tomoyo/securityfs_if.o
  CC      crypto/acompress.o
  CC      arch/x86/mm/init_64.o
  CC      mm/mmap_lock.o
  CC      security/apparmor/domain.o
  CC      kernel/irq/proc.o
  CC      fs/proc/proc_tty.o
  CC      crypto/scompress.o
  AR      arch/x86/kernel/fpu/built-in.a
  CC      mm/highmem.o
  CC      arch/x86/kernel/cpu/mce/core.o
  CC      security/tomoyo/tomoyo.o
  CC      kernel/irq/migration.o
  CC      fs/proc/cmdline.o
  CC      mm/memory.o
  CC      arch/x86/mm/fault.o
  CC      crypto/algboss.o
  CC      kernel/irq/cpuhotplug.o
  CC      fs/proc/consoles.o
  CC      security/tomoyo/util.o
  CC      security/apparmor/policy.o
  CC      fs/proc/cpuinfo.o
  CC      kernel/irq/pm.o
  CC      arch/x86/kernel/cpu/mce/severity.o
  CC      crypto/testmgr.o
  CC      arch/x86/mm/ioremap.o
  CC      fs/proc/devices.o
  CC      kernel/irq/msi.o
  CC      security/tomoyo/common.o
  CC      crypto/hmac.o
  CC      arch/x86/kernel/cpu/mce/genpool.o
  CC      fs/proc/interrupts.o
  CC      arch/x86/mm/extable.o
  CC      arch/x86/kernel/cpu/mce/intel.o
  CC      crypto/crypto_null.o
  CC      security/apparmor/policy_unpack.o
  CC      fs/proc/loadavg.o
  CC      kernel/irq/affinity.o
  CC      crypto/md5.o
  CC      arch/x86/mm/mmap.o
  CC      fs/proc/meminfo.o
  CC      arch/x86/kernel/cpu/mce/amd.o
  CC      kernel/irq/matrix.o
  AR      security/tomoyo/built-in.a
  CC      arch/x86/kernel/cpu/mce/threshold.o
  CC      crypto/sha1_generic.o
  CC      arch/x86/mm/pgtable.o
  CC      fs/proc/stat.o
  CC      security/apparmor/procattr.o
  CC      security/apparmor/lsm.o
  CC      crypto/sha256_generic.o
  AR      kernel/irq/built-in.a
  CC      kernel/rcu/update.o
  CC      fs/proc/uptime.o
  CC      mm/mincore.o
  CC      arch/x86/kernel/cpu/mce/apei.o
  CC      arch/x86/mm/physaddr.o
  CC      fs/proc/util.o
  CC      crypto/sha512_generic.o
  CC      arch/x86/kernel/cpu/mce/dev-mcelog.o
  CC      arch/x86/mm/tlb.o
  CC      mm/mlock.o
  CC      crypto/sha3_generic.o
  CC      fs/proc/version.o
  CC      block/partitions/core.o
  AR      arch/x86/kernel/cpu/mce/built-in.a
  CC      arch/x86/kernel/cpu/mtrr/mtrr.o
  CC      kernel/rcu/sync.o
  CC      crypto/ecb.o
  CC      fs/proc/softirqs.o
  CC      kernel/rcu/srcutree.o
  CC      arch/x86/mm/cpu_entry_area.o
  CC      crypto/cbc.o
  CC      arch/x86/kernel/cpu/mtrr/if.o
  CC      mm/mmap.o
  CC      block/partitions/amiga.o
  CC      fs/proc/namespaces.o
  GEN     security/apparmor/rlim_names.h
  CC      security/apparmor/secid.o
  CC      arch/x86/mm/maccess.o
  CC      crypto/cts.o
  CC      kernel/rcu/tree.o
  CC      arch/x86/mm/pgprot.o
  CC      arch/x86/kernel/cpu/mtrr/generic.o
  CC      block/partitions/atari.o
  CC      fs/proc/self.o
  CC      arch/x86/mm/hugetlbpage.o
  CC      crypto/xts.o
  CC      security/apparmor/file.o
  CC      block/partitions/aix.o
  CC      mm/mmu_gather.o
  CC      fs/proc/thread_self.o
  CC      arch/x86/kernel/cpu/mtrr/cleanup.o
  CC      arch/x86/mm/dump_pagetables.o
  CC      crypto/ctr.o
  CC      fs/proc/proc_sysctl.o
  CC      block/partitions/cmdline.o
  CC      mm/mprotect.o
  CC      security/apparmor/policy_ns.o
  AR      arch/x86/kernel/cpu/mtrr/built-in.a
  CC      crypto/gcm.o
  CC      arch/x86/kernel/cpu/microcode/core.o
  CC      arch/x86/mm/kmmio.o
  CC      block/partitions/mac.o
  CC      arch/x86/kernel/cpu/microcode/intel.o
  CC      fs/proc/proc_net.o
  CC      arch/x86/mm/pf_in.o
  CC      crypto/aes_generic.o
  CC      mm/mremap.o
  CC      security/apparmor/label.o
  CC      block/partitions/ldm.o
  CC      arch/x86/mm/mmio-mod.o
  CC      kernel/rcu/rcu_segcblist.o
  CC      arch/x86/kernel/cpu/microcode/amd.o
  CC      fs/proc/kcore.o
  CC      crypto/deflate.o
  AR      kernel/rcu/built-in.a
  CC      kernel/livepatch/core.o
  CC      arch/x86/mm/numa.o
  CC      block/partitions/msdos.o
  AR      arch/x86/kernel/cpu/microcode/built-in.a
  CC      mm/msync.o
  CC      arch/x86/kernel/cpu/resctrl/core.o
  CC      crypto/crc32c_generic.o
  CC      fs/proc/vmcore.o
  CC      security/apparmor/mount.o
  CC      arch/x86/mm/numa_64.o
  CC      kernel/livepatch/patch.o
  CC      crypto/crct10dif_generic.o
  CC      mm/page_vma_mapped.o
  CC      block/partitions/osf.o
  CC      arch/x86/kernel/cpu/resctrl/rdtgroup.o
  CC      arch/x86/mm/amdtopology.o
  CC      fs/proc/kmsg.o
  CC      crypto/crc64_rocksoft_generic.o
  CC      kernel/livepatch/shadow.o
  CC      block/partitions/sgi.o
  CC      mm/pagewalk.o
  CC      fs/proc/page.o
  CC      crypto/lzo.o
  CC      arch/x86/mm/srat.o
  GEN     security/apparmor/net_names.h
  GEN     security/apparmor/net_names.h
  CC      security/apparmor/policy_compat.o
  CC      kernel/livepatch/state.o
  CC      block/partitions/sun.o
  CC      crypto/lzo-rle.o
  CC      kernel/livepatch/transition.o
  CC      fs/proc/bootconfig.o
  CC      arch/x86/mm/pkeys.o
  CC      arch/x86/kernel/cpu/resctrl/monitor.o
  CC      mm/pgtable-generic.o
  CC      block/partitions/ultrix.o
  CC      security/apparmor/af_unix.o
  CC      crypto/rng.o
  CC      fs/proc/version_signature.o
  CC      arch/x86/mm/kaslr.o
  AR      kernel/livepatch/built-in.a
  CC      kernel/dma/mapping.o
  CC      block/partitions/efi.o
  AR      fs/proc/built-in.a
  CC      fs/kernfs/mount.o
  CC      mm/rmap.o
  CC      arch/x86/kernel/cpu/resctrl/ctrlmondata.o
  CC      arch/x86/mm/pti.o
  CC      crypto/drbg.o
  CC      security/apparmor/af_inet.o
  CC      fs/kernfs/inode.o
  CC      block/partitions/karma.o
  CC      arch/x86/kernel/cpu/resctrl/pseudo_lock.o
  CC      arch/x86/mm/mem_encrypt.o
  CC      crypto/jitterentropy.o
  CC      fs/kernfs/dir.o
  CC      crypto/jitterentropy-kcapi.o
  CC      block/partitions/sysv68.o
  CC      arch/x86/mm/mem_encrypt_amd.o
  CC      security/apparmor/notify.o
  CC      kernel/dma/direct.o
  CC      mm/vmalloc.o
  AR      arch/x86/kernel/cpu/resctrl/built-in.a
  CC      arch/x86/kernel/cpu/sgx/driver.o
  CC      crypto/ghash-generic.o
  AR      block/partitions/built-in.a
  CC      block/bdev.o
  CC      arch/x86/mm/mem_encrypt_identity.o
  CC      fs/kernfs/file.o
  CC      crypto/ecc.o
  CC      kernel/dma/ops_helpers.o
  CC      arch/x86/kernel/cpu/sgx/encl.o
  AS      arch/x86/mm/mem_encrypt_boot.o
  AR      arch/x86/mm/built-in.a
  CC      kernel/entry/common.o
  CC      security/apparmor/crypto.o
  CC      block/fops.o
  CC      kernel/dma/dummy.o
  CC      fs/kernfs/symlink.o
  CC      kernel/dma/swiotlb.o
  CC      kernel/entry/syscall_user_dispatch.o
  CC      arch/x86/kernel/cpu/sgx/ioctl.o
  AR      fs/kernfs/built-in.a
  CC      fs/sysfs/file.o
  CC      crypto/ecdh.o
  CC      block/bio.o
  CC      security/apparmor/capability.o
  CC      mm/vma.o
  CC      kernel/entry/kvm.o
  CC      crypto/ecdh_helper.o
  CC      fs/sysfs/dir.o
  CC      crypto/hash_info.o
  CC      crypto/kdf_sp800108.o
  CC      arch/x86/kernel/cpu/sgx/main.o
  CC      kernel/dma/pool.o
  AR      kernel/entry/built-in.a
  CC      fs/configfs/inode.o
  CC      security/apparmor/resource.o
  CC      fs/sysfs/symlink.o
  CC      block/elevator.o
  CC [M]  crypto/cmac.o
  CC      kernel/dma/remap.o
  CC      mm/process_vm_access.o
  CC      fs/configfs/file.o
  CC      fs/sysfs/mount.o
  CC [M]  crypto/blake2b_generic.o
  CC      arch/x86/kernel/cpu/sgx/virt.o
  AR      kernel/dma/built-in.a
  CC      kernel/module/main.o
  CC      security/apparmor/net.o
  CC      block/blk-core.o
  CC      fs/configfs/dir.o
  CC      mm/mseal.o
  CC      fs/sysfs/group.o
  AR      arch/x86/kernel/cpu/sgx/built-in.a
  CC      arch/x86/kernel/cpu/cacheinfo.o
  CC [M]  crypto/xctr.o
  AR      fs/sysfs/built-in.a
  AS      arch/x86/crypto/sha512-ssse3-asm.o
  AS      arch/x86/crypto/sha512-avx-asm.o
  CC      mm/page_alloc.o
  AR      security/apparmor/built-in.a
  CC [M]  crypto/hctr2.o
  AS      arch/x86/crypto/sha512-avx2-asm.o
  CC      security/yama/yama_lsm.o
  CC      arch/x86/crypto/sha512_ssse3_glue.o
  CC      fs/configfs/symlink.o
  CC      arch/x86/kernel/cpu/scattered.o
  AS      arch/x86/crypto/blake2s-core.o
  CC      arch/x86/crypto/blake2s-glue.o
  CC      fs/configfs/mount.o
  CC [M]  crypto/ccm.o
  CC      block/blk-sysfs.o
  AS [M]  arch/x86/crypto/aesni-intel_asm.o
  CC      kernel/module/strict_rwx.o
  CC [M]  arch/x86/crypto/aesni-intel_glue.o
  AR      security/yama/built-in.a
  CC      security/safesetid/lsm.o
  CC      arch/x86/kernel/cpu/topology_common.o
  CC      fs/configfs/item.o
  CC      kernel/module/kmod.o
  CC      arch/x86/kernel/cpu/topology_ext.o
  CC [M]  crypto/cryptd.o
  CC      security/safesetid/securityfs.o
  CC      block/blk-flush.o
  AR      fs/configfs/built-in.a
  CC      fs/devpts/inode.o
  AS [M]  arch/x86/crypto/aes_ctrby8_avx-x86_64.o
  AS [M]  arch/x86/crypto/aes-gcm-aesni-x86_64.o
  CC      arch/x86/kernel/cpu/topology_amd.o
  AS [M]  arch/x86/crypto/aes-xts-avx-x86_64.o
  CC      kernel/module/decompress.o
  AS [M]  arch/x86/crypto/aes-gcm-avx10-x86_64.o
  AS [M]  arch/x86/crypto/sha1_avx2_x86_64_asm.o
  AS [M]  arch/x86/crypto/sha1_ssse3_asm.o
  CC [M]  arch/x86/crypto/sha1_ssse3_glue.o
  CC [M]  crypto/xxhash_generic.o
  AR      security/safesetid/built-in.a
  CC      security/lockdown/lockdown.o
  CC      block/blk-settings.o
  AR      fs/devpts/built-in.a
  CC      fs/ext4/balloc.o
  CC      arch/x86/kernel/cpu/common.o
  CC      kernel/module/signing.o
  CC [M]  crypto/polyval-generic.o
  AS [M]  arch/x86/crypto/sha1_ni_asm.o
  AS [M]  arch/x86/crypto/sha256-ssse3-asm.o
  AS [M]  arch/x86/crypto/sha256-avx-asm.o
  AS [M]  arch/x86/crypto/sha256-avx2-asm.o
  CC [M]  arch/x86/crypto/sha256_ssse3_glue.o
  AR      security/lockdown/built-in.a
  CC      security/bpf/hooks.o
  CC      mm/shuffle.o
  CC      block/blk-ioc.o
  CC [M]  crypto/af_alg.o
  CC      kernel/module/livepatch.o
  AS [M]  arch/x86/crypto/sha256_ni_asm.o
  AS [M]  arch/x86/crypto/ghash-clmulni-intel_asm.o
  CC [M]  arch/x86/crypto/ghash-clmulni-intel_glue.o
  CC      fs/ext4/bitmap.o
  CC      mm/page_frag_cache.o
  AR      security/bpf/built-in.a
  CC      security/landlock/setup.o
  CC      kernel/module/tree_lookup.o
  CC      block/blk-map.o
  CC      arch/x86/kernel/cpu/rdrand.o
  CC      arch/x86/kernel/cpu/match.o
  LD [M]  arch/x86/crypto/aesni-intel.o
  LD [M]  arch/x86/crypto/sha1-ssse3.o
  LD [M]  arch/x86/crypto/sha256-ssse3.o
  LD [M]  arch/x86/crypto/ghash-clmulni-intel.o
  AR      arch/x86/crypto/built-in.a
  CC      kernel/module/kallsyms.o
  CC      fs/ext4/block_validity.o
  CC      arch/x86/kernel/acpi/boot.o
  CC      mm/init-mm.o
  CC [M]  crypto/algif_hash.o
  CC      security/landlock/syscalls.o
  CC      arch/x86/kernel/cpu/bugs.o
  CC      block/blk-merge.o
  CC      kernel/module/procfs.o
  CC      mm/memblock.o
  CC      fs/ext4/dir.o
  CC      security/landlock/object.o
  CC      arch/x86/kernel/acpi/sleep.o
  CC [M]  crypto/algif_skcipher.o
  CC      kernel/module/sysfs.o
  CC      security/landlock/ruleset.o
  CC      fs/ext4/ext4_jbd2.o
  CC      block/blk-timeout.o
  AS      arch/x86/kernel/acpi/wakeup_64.o
  CC      arch/x86/kernel/acpi/apei.o
  CC      security/landlock/cred.o
  CC      mm/memory_hotplug.o
  CC      arch/x86/kernel/cpu/aperfmperf.o
  CC      kernel/module/kdb.o
  CC [M]  crypto/xor.o
  CC      block/blk-lib.o
  CC      arch/x86/kernel/acpi/cppc.o
  AR      kernel/module/built-in.a
  CC      kernel/time/time.o
  CC      security/landlock/task.o
  CC [M]  crypto/simd.o
  CC      arch/x86/kernel/cpu/cpuid-deps.o
  CC      fs/ext4/extents.o
  CC      arch/x86/kernel/acpi/madt_wakeup.o
  CC      block/blk-mq.o
  CC      arch/x86/kernel/cpu/umwait.o
  LD [M]  crypto/crypto_simd.o
  CC      crypto/rsapubkey.asn1.o
  CC      crypto/rsaprivkey.asn1.o
  AR      crypto/built-in.a
  CC      fs/jbd2/transaction.o
  CC      mm/slub.o
  CC      kernel/time/timer.o
  CC      security/landlock/fs.o
  AS      arch/x86/kernel/acpi/madt_playdead.o
  CC      arch/x86/kernel/acpi/cstate.o
  MKCAP   arch/x86/kernel/cpu/capflags.c
  AR      arch/x86/kernel/acpi/built-in.a
  CC      security/landlock/net.o
  CC      fs/jbd2/commit.o
  CC      arch/x86/kernel/cpu/powerflags.o
  CC      arch/x86/kernel/apic/apic.o
  CC      kernel/time/hrtimer.o
  CC      fs/jbd2/recovery.o
  CC      fs/ext4/extents_status.o
  AR      security/landlock/built-in.a
  IPE_POL 
  CC      security/ipe/digest.o
  CC      block/blk-mq-tag.o
  CC      security/ipe/eval.o
  CC      fs/jbd2/checkpoint.o
  CC      kernel/time/sleep_timeout.o
  CC      arch/x86/kernel/apic/apic_common.o
  CC      fs/ext4/file.o
  CC      kernel/time/timekeeping.o
  CC      block/blk-stat.o
  CC      fs/jbd2/revoke.o
  CC      security/ipe/hooks.o
  CC      mm/madvise.o
  CC      arch/x86/kernel/apic/apic_noop.o
  CC      arch/x86/kernel/cpu/topology.o
  CC      security/ipe/fs.o
  CC      fs/jbd2/journal.o
  CC      block/blk-mq-sysfs.o
  CC      fs/ext4/fsmap.o
  CC      arch/x86/kernel/apic/ipi.o
  CC      kernel/time/ntp.o
  CC      security/ipe/ipe.o
  CC      arch/x86/kernel/cpu/proc.o
  CC      mm/page_io.o
  CC      arch/x86/kernel/apic/vector.o
  CC      block/blk-mq-cpumap.o
  CC      kernel/time/clocksource.o
  CC      fs/ext4/fsync.o
  CC      security/ipe/policy.o
  CC      arch/x86/kernel/cpu/feat_ctl.o
  CC      block/blk-mq-sched.o
  CC      mm/swap_state.o
  CC      kernel/time/jiffies.o
  CC      arch/x86/kernel/cpu/intel.o
  CC      arch/x86/kernel/apic/init.o
  CC      fs/ext4/hash.o
  CC      security/ipe/policy_fs.o
  AR      fs/jbd2/built-in.a
  CC      io_uring/io_uring.o
  CC      kernel/time/timer_list.o
  CC      block/ioctl.o
  CC      arch/x86/kernel/apic/hw_nmi.o
  CC      mm/swapfile.o
  CC      arch/x86/kernel/cpu/tsx.o
  CC      security/ipe/policy_parser.o
  CC      kernel/time/timeconv.o
  CC      fs/ext4/ialloc.o
  CC      arch/x86/kernel/cpu/intel_epb.o
  CC      block/genhd.o
  CC      arch/x86/kernel/apic/io_apic.o
  CC      security/ipe/audit.o
  CC      kernel/time/timecounter.o
  CC      kernel/time/alarmtimer.o
  CC      arch/x86/kernel/cpu/amd.o
  CC      security/ipe/boot_policy.o
  AR      security/ipe/built-in.a
  CC      security/integrity/ima/ima_fs.o
  CC      block/ioprio.o
  CC      kernel/time/posix-timers.o
  CC      fs/ext4/indirect.o
  CC      arch/x86/kernel/apic/msi.o
  CC      arch/x86/kernel/cpu/hygon.o
  CC      mm/swap_slots.o
  CC      block/badblocks.o
  CC      security/integrity/ima/ima_queue.o
  CC      io_uring/opdef.o
  CC      arch/x86/kernel/cpu/centaur.o
  CC      arch/x86/kernel/apic/apic_numachip.o
  CC      fs/ext4/inline.o
  CC      mm/zswap.o
  CC      kernel/time/posix-cpu-timers.o
  CC      arch/x86/kernel/cpu/zhaoxin.o
  CC      security/integrity/ima/ima_init.o
  CC      block/blk-rq-qos.o
  CC      io_uring/kbuf.o
  CC      arch/x86/kernel/apic/x2apic_uv_x.o
  CC      arch/x86/kernel/cpu/perfctr-watchdog.o
  CC      kernel/time/posix-clock.o
  CC      security/integrity/ima/ima_main.o
  CC      block/disk-events.o
  CC      mm/dmapool.o
  CC      arch/x86/kernel/cpu/vmware.o
  CC      fs/ext4/inode.o
  CC      io_uring/rsrc.o
  CC      kernel/time/itimer.o
  CC      block/blk-ia-ranges.o
  CC      arch/x86/kernel/apic/x2apic_phys.o
  CC      mm/hugetlb.o
  CC      security/integrity/ima/ima_crypto.o
  CC      arch/x86/kernel/cpu/hypervisor.o
  CC      arch/x86/kernel/cpu/mshyperv.o
  CC      block/early-lookup.o
  CC      arch/x86/kernel/apic/x2apic_cluster.o
  CC      io_uring/notif.o
  CC      kernel/time/clockevents.o
  CC      block/bsg.o
  CC      security/integrity/ima/ima_api.o
  CC      arch/x86/kernel/apic/apic_flat_64.o
  CC      kernel/time/tick-common.o
  CC      arch/x86/kernel/cpu/acrn.o
  CC      io_uring/tctx.o
  CC      block/bsg-lib.o
  CC      arch/x86/kernel/apic/probe_64.o
  CC      security/integrity/ima/ima_policy.o
  CC      arch/x86/kernel/cpu/debugfs.o
  CC      kernel/time/tick-broadcast.o
  CC      io_uring/filetable.o
  AR      arch/x86/kernel/apic/built-in.a
  CC      io_uring/rw.o
  CC      fs/ext4/ioctl.o
  CC      block/blk-cgroup.o
  CC      arch/x86/kernel/cpu/bus_lock.o
  CC      kernel/time/tick-broadcast-hrtimer.o
  CC      io_uring/net.o
  CC      security/integrity/ima/ima_template.o
  CC      mm/hugetlb_vmemmap.o
  CC      kernel/time/tick-oneshot.o
  CC      security/integrity/evm/evm_main.o
  CC      arch/x86/kernel/cpu/capflags.o
  AR      arch/x86/kernel/cpu/built-in.a
  CC      arch/x86/kernel/kprobes/core.o
  CC      block/blk-cgroup-rwstat.o
  CC      fs/ext4/mballoc.o
  CC      kernel/time/tick-sched.o
  CC      mm/mempolicy.o
  CC      security/integrity/ima/ima_template_lib.o
  CC      block/blk-throttle.o
  CC      security/integrity/evm/evm_crypto.o
  CC      io_uring/poll.o
  CC      arch/x86/kernel/kprobes/opt.o
  CC      security/integrity/ima/ima_appraise.o
  CC      kernel/time/timer_migration.o
  CC      security/integrity/evm/evm_secfs.o
  CC      arch/x86/kernel/kprobes/ftrace.o
  CC      block/blk-ioprio.o
  CC      io_uring/eventfd.o
  CC      security/integrity/evm/evm_posix_acl.o
  CC      mm/sparse.o
  CC      security/integrity/ima/ima_modsig.o
  AR      arch/x86/kernel/kprobes/built-in.a
  LDS     arch/x86/kernel/vmlinux.lds
  AS      arch/x86/kernel/head_64.o
  CC      arch/x86/kernel/head64.o
  CC      block/blk-iocost.o
  AR      security/integrity/evm/built-in.a
  CC      io_uring/uring_cmd.o
  CC      security/integrity/iint.o
  CC      kernel/time/vsyscall.o
  CC      arch/x86/kernel/ebda.o
  CC      kernel/time/timekeeping_debug.o
  CC      security/integrity/ima/ima_kexec.o
  CC      fs/ext4/migrate.o
  CC      mm/sparse-vmemmap.o
  CC      fs/squashfs/block.o
  CC      io_uring/openclose.o
  CC      arch/x86/kernel/platform-quirks.o
  CC      kernel/time/namespace.o
  CC      security/integrity/ima/ima_asymmetric_keys.o
  CC      fs/ext4/mmp.o
  CC      fs/squashfs/cache.o
  CC      mm/mmu_notifier.o
  CC      arch/x86/kernel/process_64.o
  CC      block/mq-deadline.o
  CC      io_uring/sqpoll.o
  AR      kernel/time/built-in.a
  CC      kernel/futex/core.o
  CC      security/integrity/ima/ima_queue_keys.o
  CC      fs/ext4/move_extent.o
  CC      fs/squashfs/dir.o
  CC      mm/ksm.o
  CC      arch/x86/kernel/signal.o
  CC      block/bio-integrity.o
  CC      fs/squashfs/export.o
  CC      kernel/futex/syscalls.o
  CC      security/integrity/ima/ima_efi.o
  CC      io_uring/xattr.o
  CC      fs/ext4/namei.o
  CC      arch/x86/kernel/signal_64.o
  CC      fs/squashfs/file.o
  CC      block/blk-integrity.o
  CC      kernel/futex/pi.o
  CC      security/integrity/ima/ima_iint.o
  CC      io_uring/nop.o
  CC      arch/x86/kernel/traps.o
  CC      fs/squashfs/fragment.o
  CC      block/t10-pi.o
  CC      kernel/futex/requeue.o
  AR      security/integrity/ima/built-in.a
  CC      security/integrity/integrity_audit.o
  CC      mm/page_poison.o
  CC      fs/squashfs/id.o
  CC      io_uring/fs.o
  CC      arch/x86/kernel/idt.o
  CC      kernel/futex/waitwake.o
  CC      fs/squashfs/inode.o
  CC      mm/memtest.o
  CC      security/integrity/digsig.o
  CC      block/blk-zoned.o
  CC      io_uring/splice.o
  CC      fs/ext4/page-io.o
  CC      mm/migrate.o
  CC      fs/squashfs/namei.o
  CC      arch/x86/kernel/irq.o
  AR      kernel/futex/built-in.a
  CC      kernel/cgroup/cgroup.o
  CC      security/integrity/digsig_asymmetric.o
  CC      io_uring/sync.o
  CC      fs/ext4/readpage.o
  CC      fs/squashfs/super.o
  CC      block/blk-wbt.o
  CC      security/integrity/platform_certs/platform_keyring.o
  CC      io_uring/msg_ring.o
  CC      fs/ext4/resize.o
  CC      arch/x86/kernel/irq_64.o
  CC      fs/squashfs/symlink.o
  CC      security/integrity/platform_certs/machine_keyring.o
  CC      mm/memory-tiers.o
  CC      block/blk-mq-debugfs.o
  CC      io_uring/advise.o
  CC      fs/squashfs/decompressor.o
  CC      arch/x86/kernel/dumpstack_64.o
  CC      security/integrity/platform_certs/efi_parser.o
  CC      mm/migrate_device.o
  CC      block/sed-opal.o
  CC      fs/squashfs/page_actor.o
  CC      arch/x86/kernel/time.o
  CC      io_uring/epoll.o
  CC      fs/ext4/super.o
  CC      security/integrity/platform_certs/load_uefi.o
  CC      arch/x86/kernel/ioport.o
  CC      io_uring/statx.o
  CC      fs/squashfs/file_direct.o
  CC      kernel/cgroup/rstat.o
  CC      security/integrity/platform_certs/keyring_handler.o
  CC      mm/huge_memory.o
  CC      arch/x86/kernel/dumpstack.o
  CC      fs/squashfs/decompressor_single.o
  CC      block/blk-pm.o
  CC      io_uring/timeout.o
  AR      security/integrity/built-in.a
  CC      security/commoncap.o
  CC      kernel/cgroup/namespace.o
  CC      fs/squashfs/decompressor_multi.o
  CC      arch/x86/kernel/nmi.o
  CC      block/blk-crypto.o
  CC      io_uring/fdinfo.o
  CC      kernel/cgroup/cgroup-v1.o
  CC      fs/squashfs/decompressor_multi_percpu.o
  CC      block/blk-crypto-profile.o
  CC      security/lsm_syscalls.o
  CC      arch/x86/kernel/fred.o
  CC      io_uring/cancel.o
  CC      fs/squashfs/xattr.o
  CC      kernel/cgroup/freezer.o
  CC      block/blk-crypto-sysfs.o
  CC      security/min_addr.o
  CC      arch/x86/kernel/ldt.o
  CC      fs/squashfs/xattr_id.o
  CC      mm/khugepaged.o
  CC      io_uring/waitid.o
  CC      block/blk-crypto-fallback.o
  CC      kernel/cgroup/legacy_freezer.o
  CC      security/security.o
  CC      fs/squashfs/lz4_wrapper.o
  CC      arch/x86/kernel/setup.o
  CC      io_uring/register.o
  CC      kernel/cgroup/pids.o
  CC      fs/squashfs/lzo_wrapper.o
  CC      block/holder.o
  CC      kernel/cgroup/rdma.o
  CC      arch/x86/kernel/x86_init.o
  AR      block/built-in.a
  CC      fs/ext4/symlink.o
  CC      fs/squashfs/xz_wrapper.o
  CC      mm/page_counter.o
  CC      io_uring/truncate.o
  CC      kernel/cgroup/cpuset.o
  CC      arch/x86/kernel/i8259.o
  CC      fs/squashfs/zlib_wrapper.o
  CC      lib/math/div64.o
  CC      mm/memcontrol.o
  CC      lib/math/gcd.o
  CC      lib/math/lcm.o
  CC      lib/math/int_log.o
  CC      fs/ext4/sysfs.o
  CC      lib/math/int_pow.o
  CC      lib/math/int_sqrt.o
  CC      lib/math/reciprocal_div.o
  CC      security/inode.o
  CC      lib/math/rational.o
  CC      io_uring/memmap.o
  CC      arch/x86/kernel/irqinit.o
  CC      fs/squashfs/zstd_wrapper.o
  AR      lib/math/built-in.a
  CC      fs/ext4/xattr.o
  CC      lib/crypto/mpi/generic_mpih-lshift.o
  CC      io_uring/alloc_cache.o
  CC      security/lsm_audit.o
  AR      fs/squashfs/built-in.a
  CC      fs/ramfs/inode.o
  CC      arch/x86/kernel/jump_label.o
  CC      lib/crypto/mpi/generic_mpih-mul1.o
  CC      io_uring/io-wq.o
  CC      kernel/cgroup/misc.o
  CC      arch/x86/kernel/irq_work.o
  CC      fs/ramfs/file-mmu.o
  CC      lib/crypto/mpi/generic_mpih-mul2.o
  CC      security/device_cgroup.o
  CC      kernel/cgroup/dmem.o
  CC      fs/ext4/xattr_hurd.o
  CC      lib/crypto/mpi/generic_mpih-mul3.o
  AR      fs/ramfs/built-in.a
  CC      kernel/debug/kdb/kdb_io.o
  CC      mm/vmpressure.o
  CC      arch/x86/kernel/probe_roms.o
  CC      io_uring/futex.o
  AR      kernel/cgroup/built-in.a
  CC      mm/swap_cgroup.o
  CC      fs/ext4/xattr_trusted.o
  CC      lib/crypto/mpi/generic_mpih-rshift.o
  AR      security/built-in.a
  CC      kernel/debug/kdb/kdb_main.o
  CC      kernel/debug/debug_core.o
  CC      arch/x86/kernel/sys_ia32.o
  CC      arch/x86/ia32/audit.o
  AR      arch/x86/ia32/built-in.a
  CC      lib/crypto/memneq.o
  CC      mm/hugetlb_cgroup.o
  CC      io_uring/napi.o
  CC      lib/crypto/mpi/generic_mpih-sub1.o
  CC      fs/ext4/xattr_user.o
  CC      kernel/debug/gdbstub.o
  CC      arch/x86/kernel/signal_32.o
  CC      lib/crypto/mpi/generic_mpih-add1.o
  AS      arch/x86/lib/clear_page_64.o
  CC      arch/x86/lib/cmdline.o
  CC      fs/ext4/fast_commit.o
  AS      arch/x86/lib/cmpxchg16b_emu.o
  CC      arch/x86/lib/copy_mc.o
  CC      mm/memory-failure.o
  CC      kernel/debug/kdb/kdb_support.o
  AS      arch/x86/lib/copy_mc_64.o
  AS      arch/x86/lib/copy_page_64.o
  AR      io_uring/built-in.a
  CC      lib/crypto/mpi/mpicoder.o
  AS      arch/x86/lib/copy_user_64.o
  AR      drivers/cache/built-in.a
  AR      drivers/irqchip/built-in.a
  AS      arch/x86/lib/copy_user_uncached_64.o
  AR      drivers/bus/mhi/built-in.a
  AR      drivers/bus/built-in.a
  CC      arch/x86/kernel/sys_x86_64.o
  AR      drivers/phy/allwinner/built-in.a
  CC      arch/x86/lib/cpu.o
  AR      drivers/phy/amlogic/built-in.a
  AR      drivers/phy/broadcom/built-in.a
  AR      drivers/phy/cadence/built-in.a
  AR      drivers/phy/freescale/built-in.a
  AR      drivers/phy/hisilicon/built-in.a
  AR      drivers/phy/ingenic/built-in.a
  AR      drivers/phy/intel/built-in.a
  AR      drivers/phy/lantiq/built-in.a
  AR      drivers/phy/marvell/built-in.a
  AR      drivers/phy/mediatek/built-in.a
  CC      fs/hugetlbfs/inode.o
  AR      drivers/phy/microchip/built-in.a
  AR      drivers/phy/motorola/built-in.a
  AR      drivers/phy/mscc/built-in.a
  AR      drivers/phy/nuvoton/built-in.a
  AR      drivers/phy/qualcomm/built-in.a
  AR      drivers/phy/ralink/built-in.a
  AR      drivers/phy/realtek/built-in.a
  AR      drivers/phy/renesas/built-in.a
  AR      drivers/phy/rockchip/built-in.a
  AR      drivers/phy/samsung/built-in.a
  AR      drivers/phy/socionext/built-in.a
  AR      drivers/phy/st/built-in.a
  AR      drivers/phy/starfive/built-in.a
  AR      drivers/phy/sunplus/built-in.a
  AR      drivers/phy/tegra/built-in.a
  AR      drivers/phy/ti/built-in.a
  AR      drivers/phy/xilinx/built-in.a
  CC      drivers/phy/phy-core.o
  CC      kernel/debug/kdb/kdb_bt.o
  CC      lib/crypto/mpi/mpi-add.o
  AS      arch/x86/lib/csum-copy_64.o
  CC      arch/x86/lib/csum-partial_64.o
  CC      arch/x86/lib/csum-wrappers_64.o
  CC      arch/x86/kernel/espfix_64.o
  CC      fs/ext4/orphan.o
  CC      arch/x86/lib/delay.o
  GENKDB  kernel/debug/kdb/gen-kdb_cmds.c
  CC      kernel/debug/kdb/kdb_bp.o
  AR      drivers/phy/built-in.a
  AR      drivers/pinctrl/actions/built-in.a
  AR      drivers/pinctrl/bcm/built-in.a
  AR      drivers/pinctrl/cirrus/built-in.a
  AR      drivers/pinctrl/freescale/built-in.a
  CC      drivers/pinctrl/intel/pinctrl-baytrail.o
  AR      fs/hugetlbfs/built-in.a
  CC      mm/page_isolation.o
  CC      drivers/gpio/gpiolib.o
  CC      lib/crypto/mpi/mpi-bit.o
  CC      arch/x86/lib/error-inject.o
  CC      arch/x86/kernel/ksysfs.o
  CC      kernel/debug/kdb/kdb_debugger.o
  CC      fs/ext4/acl.o
  AS      arch/x86/lib/getuser.o
  GEN     arch/x86/lib/inat-tables.c
  CC      arch/x86/lib/insn-eval.o
  CC      lib/crypto/mpi/mpi-cmp.o
  CC      drivers/pinctrl/intel/pinctrl-cherryview.o
  CC      mm/zpool.o
  CC      arch/x86/kernel/bootflag.o
  CC      kernel/debug/kdb/kdb_keyboard.o
  CC      lib/crypto/mpi/mpi-sub-ui.o
  CC      fs/ext4/xattr_security.o
  CC      mm/zbud.o
  CC      arch/x86/lib/insn.o
  CC      arch/x86/kernel/e820.o
  CC      drivers/pinctrl/intel/pinctrl-intel.o
  CC      lib/crypto/mpi/mpi-div.o
  CC      kernel/debug/kdb/gen-kdb_cmds.o
  CC      arch/x86/lib/kaslr.o
  AR      kernel/debug/kdb/built-in.a
  AR      kernel/debug/built-in.a
  CC      kernel/trace/rv/rv.o
  AS      arch/x86/lib/memcpy_64.o
  AS      arch/x86/lib/memmove_64.o
  CC      mm/zsmalloc.o
  AS      arch/x86/lib/memset_64.o
  CC      arch/x86/lib/misc.o
  CC      fs/ext4/verity.o
  CC      arch/x86/lib/pc-conf-reg.o
  CC      drivers/gpio/gpiolib-devres.o
  CC      lib/crypto/mpi/mpi-mod.o
  AS      arch/x86/lib/putuser.o
  AS      arch/x86/lib/retpoline.o
  CC      arch/x86/lib/usercopy.o
  CC      arch/x86/kernel/pci-dma.o
  AR      drivers/pinctrl/intel/built-in.a
  AR      drivers/pinctrl/mediatek/built-in.a
  AR      drivers/pinctrl/mvebu/built-in.a
  AR      drivers/pinctrl/nomadik/built-in.a
  CC      kernel/trace/rv/monitors/wwnr/wwnr.o
  AR      drivers/pinctrl/nuvoton/built-in.a
  CC      lib/crypto/mpi/mpi-mul.o
  AR      drivers/pinctrl/nxp/built-in.a
  CC      drivers/gpio/gpiolib-legacy.o
  CC      arch/x86/lib/usercopy_64.o
  AR      drivers/pinctrl/qcom/built-in.a
  AR      drivers/pinctrl/sophgo/built-in.a
  AR      drivers/pinctrl/spacemit/built-in.a
  AR      drivers/pinctrl/sprd/built-in.a
  AR      drivers/pinctrl/sunplus/built-in.a
  AR      drivers/pinctrl/ti/built-in.a
  CC      drivers/pinctrl/core.o
  CC      fs/ext4/crypto.o
  CC      mm/early_ioremap.o
  CC      arch/x86/kernel/quirks.o
  CC      drivers/gpio/gpiolib-cdev.o
  CC      lib/crypto/mpi/mpih-cmp.o
  CC      arch/x86/lib/msr-smp.o
  CC      kernel/trace/rv/rv_reactors.o
  AR      fs/ext4/built-in.a
  CC      fs/fat/cache.o
  CC      arch/x86/lib/cache-smp.o
  CC      drivers/pinctrl/pinctrl-utils.o
  CC      lib/crypto/mpi/mpih-div.o
  CC      mm/numa.o
  CC      arch/x86/lib/crc32-glue.o
  CC      arch/x86/kernel/kdebugfs.o
  CC      kernel/trace/rv/reactor_printk.o
  CC      mm/numa_memblks.o
  AS      arch/x86/lib/crc32-pclmul.o
  AS      arch/x86/lib/crc32c-3way.o
  CC      drivers/pinctrl/pinmux.o
  CC      arch/x86/lib/crc-t10dif-glue.o
  CC      fs/fat/dir.o
  CC      arch/x86/kernel/alternative.o
  CC      drivers/gpio/gpiolib-sysfs.o
  CC      lib/crypto/mpi/mpih-mul.o
  CC      kernel/trace/rv/reactor_panic.o
  AS      arch/x86/lib/crct10dif-pcl-asm_64.o
  CC      arch/x86/lib/msr.o
  CC      mm/balloon_compaction.o
  CC      drivers/pinctrl/pinconf.o
  CC      drivers/gpio/gpiolib-acpi.o
  CC      lib/crypto/mpi/mpi-pow.o
  AR      kernel/trace/rv/built-in.a
  CC      kernel/trace/trace_clock.o
  AS      arch/x86/lib/msr-reg.o
  CC      arch/x86/lib/msr-reg-export.o
  CC      mm/secretmem.o
  CC      fs/fat/fatent.o
  CC      drivers/pinctrl/pinconf-generic.o
  CC      arch/x86/kernel/i8253.o
  AS      arch/x86/lib/hweight.o
  CC      arch/x86/lib/iomem.o
  CC      kernel/trace/ftrace.o
  CC      lib/crypto/mpi/mpiutil.o
  CC      drivers/gpio/gpiolib-swnode.o
  CC      drivers/pinctrl/pinctrl-amd.o
  CC      arch/x86/kernel/hw_breakpoint.o
  CC      arch/x86/lib/inat.o
  CC      mm/userfaultfd.o
  AR      arch/x86/lib/built-in.a
  AR      arch/x86/lib/lib.a
  AR      lib/crypto/mpi/built-in.a
  CC      lib/crypto/utils.o
  CC [M]  sound/core/seq/seq.o
  CC      fs/fat/file.o
  CC      drivers/gpio/gpio-mmio.o
  CC      lib/crypto/chacha.o
  CC [M]  sound/core/seq/seq_lock.o
  CC      arch/x86/kernel/tsc.o
  CC      lib/crypto/aes.o
  CC      drivers/pinctrl/pinctrl-sx150x.o
  CC      drivers/gpio/gpio-crystalcove.o
  CC      fs/fat/inode.o
  CC [M]  sound/core/seq/seq_clientmgr.o
  CC      lib/crypto/aesgcm.o
  CC      mm/page_idle.o
  CC      drivers/gpio/gpio-palmas.o
  CC      arch/x86/kernel/tsc_msr.o
  AR      drivers/pinctrl/built-in.a
  AR      arch/x86/platform/atom/built-in.a
  CC [M]  arch/x86/platform/atom/punit_atom_debug.o
  CC      lib/crypto/gf128mul.o
  CC      arch/x86/kernel/io_delay.o
  CC      kernel/trace/ring_buffer.o
  CC [M]  sound/core/seq/seq_memory.o
  CC      fs/fat/misc.o
  AR      arch/x86/platform/ce4100/built-in.a
  CC      drivers/gpio/gpio-rc5t583.o
  CC      arch/x86/platform/efi/memmap.o
  CC      mm/usercopy.o
  CC      arch/x86/kernel/rtc.o
  CC      lib/crypto/blake2s.o
  CC      drivers/gpio/gpio-tps6586x.o
  CC      arch/x86/platform/efi/quirks.o
  CC [M]  sound/core/seq/seq_queue.o
  CC      mm/memremap.o
  CC      fs/fat/nfs.o
  CC      arch/x86/kernel/resource.o
  CC      lib/crypto/blake2s-generic.o
  AS      arch/x86/kernel/irqflags.o
  CC      arch/x86/kernel/static_call.o
  CC      drivers/gpio/gpio-tps65910.o
  CC [M]  sound/core/seq/seq_fifo.o
  CC      lib/crypto/sha1.o
  CC      fs/fat/namei_vfat.o
  CC      arch/x86/platform/efi/efi.o
  CC      mm/hmm.o
  CC      arch/x86/kernel/process.o
  AR      drivers/gpio/built-in.a
  CC      drivers/pwm/core.o
  CC      kernel/trace/trace.o
  CC [M]  sound/core/seq/seq_prioq.o
  CC      lib/crypto/sha256.o
  CC      mm/memfd.o
  CC      arch/x86/platform/efi/efi_64.o
  CC [M]  sound/core/seq/seq_timer.o
  CC [M]  lib/crypto/arc4.o
  CC [M]  fs/fat/namei_msdos.o
  CC      arch/x86/kernel/ptrace.o
  AR      lib/crypto/built-in.a
  LD [M]  lib/crypto/libarc4.o
  CC      lib/zlib_inflate/inffast.o
  CC [M]  sound/core/seq/seq_system.o
  CC      drivers/pwm/pwm-crc.o
  CC      lib/zlib_inflate/inflate.o
  CC      mm/ptdump.o
  AS      arch/x86/platform/efi/efi_stub_64.o
  AS      arch/x86/platform/efi/efi_thunk_64.o
  CC      arch/x86/platform/efi/runtime-map.o
  AR      fs/fat/built-in.a
  LD [M]  fs/fat/msdos.o
  CC      fs/ecryptfs/dentry.o
  CC [M]  sound/core/seq/seq_ports.o
  CC      arch/x86/kernel/tls.o
  CC      lib/zlib_inflate/infutil.o
  CC      drivers/pwm/pwm-lpss.o
  CC      mm/page_reporting.o
  CC      lib/zlib_inflate/inftrees.o
  CC      fs/ecryptfs/file.o
  AR      arch/x86/platform/efi/built-in.a
  AR      arch/x86/platform/geode/built-in.a
  AR      arch/x86/platform/iris/built-in.a
  CC      arch/x86/platform/intel/iosf_mbi.o
  CC      lib/zlib_inflate/inflate_syms.o
  CC      drivers/pwm/pwm-lpss-pci.o
  CC [M]  sound/core/seq/seq_info.o
  CC      arch/x86/kernel/step.o
  CC      mm/bootmem_info.o
  CC [M]  sound/core/seq/seq_ump_convert.o
  AR      lib/zlib_inflate/built-in.a
  CC      lib/zlib_deflate/deflate.o
  CC      fs/ecryptfs/inode.o
  CC      drivers/pwm/pwm-lpss-platform.o
  AR      arch/x86/platform/intel/built-in.a
  AR      arch/x86/platform/intel-mid/built-in.a
  AR      arch/x86/platform/intel-quark/built-in.a
  AR      arch/x86/platform/olpc/built-in.a
  AR      arch/x86/platform/scx200/built-in.a
  AR      arch/x86/platform/ts5500/built-in.a
  CC      arch/x86/platform/uv/bios_uv.o
  CC      mm/execmem.o
  CC      arch/x86/kernel/tboot.o
  CC      kernel/trace/trace_output.o
  AR      drivers/pwm/built-in.a
  CC      drivers/leds/trigger/ledtrig-disk.o
  CC      lib/zlib_deflate/deftree.o
  CC      fs/ecryptfs/main.o
  CC [M]  sound/core/seq/seq_dummy.o
  CC      arch/x86/platform/uv/uv_irq.o
  CC      mm/shmem_quota.o
  CC      arch/x86/kernel/i8237.o
  CC      drivers/leds/trigger/ledtrig-cpu.o
  CC      lib/zlib_deflate/deflate_syms.o
  CC      arch/x86/kernel/stacktrace.o
  CC [M]  sound/core/seq/seq_midi.o
  CC      kernel/trace/trace_seq.o
  CC      arch/x86/platform/uv/uv_time.o
  CC      fs/ecryptfs/super.o
  CC      mm/pt_reclaim.o
  CC      drivers/leds/trigger/ledtrig-panic.o
  AR      lib/zlib_deflate/built-in.a
  CC      lib/lzo/lzo1x_compress.o
  CC      arch/x86/kernel/reboot.o
  CC      kernel/trace/trace_stat.o
  CC [M]  sound/core/seq/seq_ump_client.o
  CC      arch/x86/platform/uv/uv_nmi.o
  AR      drivers/leds/trigger/built-in.a
  AR      drivers/leds/blink/built-in.a
  AR      drivers/leds/simple/built-in.a
  CC      drivers/leds/led-core.o
  CC      lib/lzo/lzo1x_compress_safe.o
  CC      fs/ecryptfs/mmap.o
  AR      mm/built-in.a
  CC      fs/ecryptfs/read_write.o
  CC [M]  sound/core/seq/seq_midi_event.o
  CC      arch/x86/kernel/early-quirks.o
  CC      kernel/trace/trace_printk.o
  CC      lib/lzo/lzo1x_decompress_safe.o
  CC      drivers/leds/led-class.o
  AR      samples/vfio-mdev/built-in.a
  AR      samples/built-in.a
  CC      arch/x86/net/bpf_jit_comp.o
  CC      fs/ecryptfs/crypto.o
  AR      arch/x86/platform/uv/built-in.a
  AR      arch/x86/platform/built-in.a
  CC      fs/exportfs/expfs.o
  LD [M]  sound/core/seq/snd-seq.o
  LD [M]  sound/core/seq/snd-seq-dummy.o
  LD [M]  sound/core/seq/snd-seq-midi.o
  LD [M]  sound/core/seq/snd-seq-ump-client.o
  LD [M]  sound/core/seq/snd-seq-midi-event.o
  CC [M]  sound/core/sound.o
  AR      lib/lzo/built-in.a
  CC      lib/lz4/lz4_decompress.o
  CC      drivers/leds/led-triggers.o
  CC      kernel/trace/pid_list.o
  CC      arch/x86/kernel/smp.o
  AR      fs/exportfs/built-in.a
  CC      kernel/bpf/core.o
  CC [M]  sound/core/init.o
  CC      fs/ecryptfs/keystore.o
  CC      drivers/leds/leds-ns2.o
  CC      kernel/trace/tracing_map.o
  AR      lib/lz4/built-in.a
  CC      lib/zstd/zstd_compress_module.o
  CC      arch/x86/kernel/smpboot.o
  CC [M]  sound/core/memory.o
  AR      drivers/leds/built-in.a
  CC      drivers/pci/msi/pcidev_msi.o
  CC      lib/zstd/compress/fse_compress.o
  CC      fs/ecryptfs/kthread.o
  AR      arch/x86/net/built-in.a
  CC      arch/x86/purgatory/purgatory.o
  CC      lib/zstd/compress/hist.o
  CC      kernel/trace/trace_sched_switch.o
  CC [M]  sound/core/control.o
  AS      arch/x86/purgatory/stack.o
  CC      lib/zstd/compress/huf_compress.o
  AS      arch/x86/purgatory/setup-x86_64.o
  CC      arch/x86/purgatory/sha256.o
  CC      drivers/pci/msi/api.o
  CC      arch/x86/kernel/tsc_sync.o
  CC      kernel/bpf/syscall.o
  CC      fs/ecryptfs/debug.o
  AS      arch/x86/purgatory/entry64.o
  CC      arch/x86/purgatory/string.o
  LD      arch/x86/purgatory/purgatory.ro
  LD      arch/x86/purgatory/purgatory.chk
  AS      arch/x86/purgatory/kexec-purgatory.o
  AR      arch/x86/purgatory/built-in.a
  CC      lib/zstd/compress/zstd_compress.o
  CC      arch/x86/kernel/setup_percpu.o
  CC      drivers/pci/msi/msi.o
  CC      kernel/trace/trace_functions.o
  CC      fs/ecryptfs/messaging.o
  CC      net/core/sock.o
  CC [M]  sound/core/misc.o
  CC      arch/x86/kernel/mpparse.o
  CC      drivers/pci/msi/irqdomain.o
  CC      kernel/trace/trace_sched_wakeup.o
  CC      fs/ecryptfs/miscdev.o
  CC [M]  sound/core/device.o
  CC      arch/x86/kernel/ftrace.o
  AR      drivers/pci/msi/built-in.a
  CC      drivers/pci/pcie/portdrv.o
  CC      lib/zstd/compress/zstd_compress_literals.o
  AR      fs/ecryptfs/built-in.a
  CC      fs/nls/nls_base.o
  CC [M]  sound/core/info.o
  CC      lib/zstd/compress/zstd_compress_sequences.o
  CC      kernel/trace/trace_hwlat.o
  CC      lib/zstd/compress/zstd_compress_superblock.o
  CC      kernel/bpf/verifier.o
  CC      drivers/pci/pcie/rcec.o
  CC      fs/nls/nls_cp437.o
  AS      arch/x86/kernel/ftrace_64.o
  CC      arch/x86/kernel/trace_clock.o
  CC      lib/zstd/compress/zstd_double_fast.o
  CC [M]  sound/core/info_oss.o
  CC      arch/x86/kernel/trace.o
  CC      kernel/trace/trace_osnoise.o
  CC [M]  fs/nls/nls_iso8859-1.o
  CC      drivers/pci/pcie/bwctrl.o
  CC [M]  sound/core/isadma.o
  CC      net/core/request_sock.o
  CC      arch/x86/kernel/rethook.o
  CC [M]  fs/nls/nls_utf8.o
  CC [M]  sound/core/sound_oss.o
  CC      drivers/pci/pcie/aspm.o
  CC      arch/x86/kernel/vmcore_info_64.o
  CC [M]  fs/nls/nls_ucs2_utils.o
  CC      net/core/skbuff.o
  CC [M]  sound/core/vmaster.o
  AR      fs/nls/built-in.a
  CC      fs/unicode/utf8-norm.o
  CC      lib/zstd/compress/zstd_fast.o
  CC      arch/x86/kernel/machine_kexec_64.o
  CC      kernel/trace/trace_nop.o
  CC      drivers/pci/pcie/aer.o
  CC [M]  sound/core/ctljack.o
  CC      fs/unicode/utf8-core.o
  CC      kernel/trace/trace_stack.o
  CC [M]  sound/core/jack.o
  AS      arch/x86/kernel/relocate_kernel_64.o
  CC      arch/x86/kernel/kexec-bzimage64.o
  COPY    fs/unicode/utf8data.c
  CC      fs/unicode/utf8data.o
  CC      drivers/pci/pcie/err.o
  CC [M]  sound/core/hwdep.o
  AR      fs/unicode/built-in.a
  CC      fs/fuse/dev.o
  CC      kernel/trace/trace_mmiotrace.o
  CC      drivers/pci/pcie/tlp.o
  CC      arch/x86/kernel/crash_dump_64.o
  CC      lib/zstd/compress/zstd_lazy.o
  CC [M]  sound/core/timer.o
  CC      drivers/pci/pcie/pme.o
  CC      kernel/trace/trace_functions_graph.o
  CC      arch/x86/kernel/crash.o
  CC      drivers/pci/pcie/dpc.o
  CC      arch/x86/kernel/module.o
  CC      fs/fuse/dir.o
  CC      net/core/datagram.o
  CC [M]  sound/core/hrtimer.o
  CC      kernel/trace/blktrace.o
  CC      drivers/pci/pcie/ptm.o
  CC      arch/x86/kernel/kgdb.o
  CC [M]  sound/core/pcm.o
  CC      drivers/pci/pcie/edr.o
  CC      fs/fuse/file.o
  CC      arch/x86/kernel/early_printk.o
  CC      kernel/trace/fgraph.o
  CC      net/core/stream.o
  CC [M]  sound/core/pcm_native.o
  AR      drivers/pci/pcie/built-in.a
  AR      drivers/pci/pwrctrl/built-in.a
  CC      drivers/pci/hotplug/pci_hotplug_core.o
  CC      arch/x86/kernel/hpet.o
  CC      net/core/scm.o
  CC      drivers/pci/hotplug/cpci_hotplug_core.o
  CC      kernel/trace/trace_events.o
  CC      arch/x86/kernel/amd_nb.o
  CC      fs/fuse/inode.o
  CC      arch/x86/kernel/amd_node.o
  CC      drivers/pci/hotplug/cpci_hotplug_pci.o
  CC      kernel/bpf/inode.o
  CC [M]  sound/core/pcm_lib.o
  CC      net/core/gen_stats.o
  CC      fs/fuse/control.o
  CC      arch/x86/kernel/kvm.o
  CC      drivers/pci/hotplug/acpi_pcihp.o
  CC      net/core/gen_estimator.o
  CC      kernel/trace/trace_export.o
  CC      drivers/pci/hotplug/pciehp_core.o
  CC      kernel/bpf/helpers.o
  CC      fs/fuse/xattr.o
  CC [M]  sound/core/pcm_misc.o
  CC      kernel/trace/trace_syscalls.o
  CC      drivers/pci/hotplug/pciehp_ctrl.o
  CC      arch/x86/kernel/kvmclock.o
  CC      net/core/net_namespace.o
  CC      fs/fuse/acl.o
  CC [M]  sound/core/pcm_memory.o
  CC      drivers/pci/hotplug/pciehp_pci.o
  CC      arch/x86/kernel/paravirt.o
  CC      fs/fuse/readdir.o
  CC      kernel/trace/trace_event_perf.o
  CC      kernel/bpf/tnum.o
  CC [M]  sound/core/memalloc.o
  CC      kernel/bpf/log.o
  CC      drivers/pci/hotplug/pciehp_hpc.o
  CC      net/core/secure_seq.o
  CC      arch/x86/kernel/paravirt-spinlocks.o
  CC      fs/fuse/ioctl.o
  CC      kernel/trace/trace_events_filter.o
  CC [M]  sound/core/pcm_timer.o
  CC      arch/x86/kernel/pvclock.o
  CC      lib/zstd/compress/zstd_ldm.o
  CC      kernel/bpf/token.o
  CC      drivers/pci/hotplug/shpchp_core.o
  CC      arch/x86/kernel/pmem.o
  CC [M]  sound/core/seq_device.o
  CC      fs/fuse/iomode.o
  CC      lib/zstd/compress/zstd_opt.o
  CC      net/core/flow_dissector.o
  CC      kernel/bpf/bpf_iter.o
  CC      arch/x86/kernel/jailhouse.o
  CC [M]  sound/core/rawmidi.o
  CC      drivers/pci/hotplug/shpchp_ctrl.o
  CC      kernel/trace/trace_events_trigger.o
  CC      fs/fuse/passthrough.o
  CC      arch/x86/kernel/pcspeaker.o
  CC      kernel/bpf/map_iter.o
  CC      drivers/pci/hotplug/shpchp_pci.o
  CC      fs/fuse/sysctl.o
  CC      arch/x86/kernel/check.o
  CC      kernel/trace/trace_eprobe.o
  CC [M]  sound/core/ump.o
  CC      net/core/sysctl_net_core.o
  CC      lib/zstd/zstd_decompress_module.o
  CC      drivers/pci/hotplug/shpchp_sysfs.o
  CC      fs/fuse/dev_uring.o
  CC      kernel/bpf/task_iter.o
  CC      arch/x86/kernel/uprobes.o
  CC      lib/zstd/decompress/huf_decompress.o
  CC      drivers/pci/hotplug/shpchp_hpc.o
  CC [M]  sound/core/ump_convert.o
  CC      kernel/trace/trace_events_inject.o
  CC      net/core/dev.o
  AR      fs/fuse/built-in.a
  AR      fs/hostfs/built-in.a
  CC      fs/debugfs/inode.o
  CC      kernel/bpf/prog_iter.o
  CC      arch/x86/kernel/perf_regs.o
  LD [M]  sound/core/snd.o
  LD [M]  sound/core/snd-hwdep.o
  LD [M]  sound/core/snd-timer.o
  LD [M]  sound/core/snd-hrtimer.o
  LD [M]  sound/core/snd-pcm.o
  LD [M]  sound/core/snd-seq-device.o
  LD [M]  sound/core/snd-rawmidi.o
  LD [M]  sound/core/snd-ump.o
  CC      drivers/pci/hotplug/acpiphp_core.o
  CC [M]  sound/pci/hda/hda_bind.o
  CC      kernel/trace/trace_events_synth.o
  CC      arch/x86/kernel/tracepoint.o
  CC      fs/debugfs/file.o
  CC      kernel/bpf/link_iter.o
  CC      drivers/pci/hotplug/acpiphp_glue.o
  CC      lib/zstd/decompress/zstd_ddict.o
  CC      arch/x86/kernel/itmt.o
  CC      lib/zstd/decompress/zstd_decompress.o
  CC [M]  sound/pci/hda/hda_codec.o
  CC      kernel/bpf/hashtab.o
  CC      lib/zstd/decompress/zstd_decompress_block.o
  CC      arch/x86/kernel/umip.o
  AR      fs/debugfs/built-in.a
  CC      fs/tracefs/inode.o
  CC      kernel/trace/trace_events_hist.o
  CC      drivers/pci/hotplug/octep_hp.o
  CC      arch/x86/kernel/unwind_frame.o
  AR      drivers/pci/hotplug/built-in.a
  CC      fs/tracefs/event_inode.o
  AR      drivers/pci/endpoint/functions/built-in.a
  CC      drivers/pci/endpoint/pci-ep-cfs.o
  CC [M]  sound/pci/hda/hda_jack.o
  CC      arch/x86/kernel/callthunks.o
  CC      kernel/bpf/arraymap.o
  CC      drivers/pci/endpoint/pci-epc-core.o
  AR      fs/tracefs/built-in.a
  CC      fs/pstore/inode.o
  CC      lib/zstd/zstd_common_module.o
  CC [M]  sound/pci/hda/hda_auto_parser.o
  CC      arch/x86/kernel/cet.o
  CC      lib/zstd/common/debug.o
  CC      lib/zstd/common/entropy_common.o
  CC      drivers/pci/endpoint/pci-epf-core.o
  CC      fs/pstore/platform.o
  CC      lib/zstd/common/error_private.o
  CC      lib/zstd/common/fse_decompress.o
  CC      kernel/trace/trace_events_user.o
  CC      kernel/bpf/percpu_freelist.o
  CC      arch/x86/kernel/shstk.o
  CC [M]  sound/pci/hda/hda_sysfs.o
  CC      kernel/bpf/bpf_lru_list.o
  AR      fs/pstore/built-in.a
  CC      lib/zstd/common/zstd_common.o
  CC      fs/efivarfs/inode.o
  CC      drivers/pci/endpoint/pci-epc-mem.o
  AR      lib/zstd/built-in.a
  CC      lib/xz/xz_dec_syms.o
  CC      net/core/dev_addr_lists.o
  CC      kernel/bpf/lpm_trie.o
  CC      lib/xz/xz_dec_stream.o
  CC      fs/efivarfs/file.o
  CC      arch/x86/kernel/audit_64.o
  CC [M]  sound/pci/hda/hda_controller.o
  AR      drivers/pci/endpoint/built-in.a
  CC      drivers/pci/controller/dwc/pcie-designware.o
  CC      lib/xz/xz_dec_lzma2.o
  CC      net/core/dst.o
  CC      fs/efivarfs/super.o
  CC      arch/x86/kernel/amd_gart_64.o
  CC      kernel/trace/bpf_trace.o
  CC      kernel/bpf/map_in_map.o
  CC      drivers/pci/controller/dwc/pcie-designware-host.o
  CC      lib/xz/xz_dec_bcj.o
  CC [M]  sound/pci/hda/hda_proc.o
  CC      fs/efivarfs/vars.o
  CC      arch/x86/kernel/aperture_64.o
  CC      kernel/bpf/bloom_filter.o
  CC      net/core/netevent.o
  AR      lib/xz/built-in.a
  CC      lib/dim/dim.o
  CC      drivers/pci/controller/dwc/pcie-designware-ep.o
  CC      lib/dim/net_dim.o
  AR      fs/efivarfs/built-in.a
  CC [M]  fs/minix/bitmap.o
  CC      kernel/bpf/local_storage.o
  CC [M]  sound/pci/hda/hda_hwdep.o
  CC      arch/x86/kernel/mmconf-fam10h_64.o
  CC      net/core/neighbour.o
  CC      kernel/trace/trace_kprobe.o
  CC      drivers/pci/controller/dwc/pcie-designware-plat.o
  CC [M]  fs/minix/itree_v1.o
  CC [M]  sound/pci/hda/hda_beep.o
  CC      lib/dim/rdma_dim.o
  CC      arch/x86/kernel/vsmp_64.o
  CC      kernel/bpf/queue_stack_maps.o
  AR      drivers/pci/controller/dwc/built-in.a
  AR      drivers/pci/controller/mobiveil/built-in.a
  AR      drivers/pci/controller/plda/built-in.a
  AR      drivers/pci/controller/built-in.a
  AR      drivers/pci/switch/built-in.a
  CC      drivers/pci/access.o
  CC [M]  fs/minix/itree_v2.o
  AR      lib/dim/built-in.a
  CC      lib/fonts/fonts.o
  CC [M]  arch/x86/kernel/msr.o
  CC [M]  sound/pci/hda/patch_hdmi.o
  CC      kernel/bpf/ringbuf.o
  CC      lib/fonts/font_8x8.o
  CC      lib/fonts/font_8x16.o
  CC      kernel/trace/error_report-traces.o
  CC [M]  fs/minix/namei.o
  CC [M]  arch/x86/kernel/cpuid.o
  CC      drivers/pci/bus.o
  CC      net/core/rtnetlink.o
  CC      lib/fonts/font_acorn_8x8.o
  CC      lib/fonts/font_6x10.o
  CC      lib/fonts/font_ter16x32.o
  AR      arch/x86/kernel/built-in.a
  CC      arch/x86/virt/svm/cmdline.o
  CC [M]  fs/minix/inode.o
  CC      kernel/trace/power-traces.o
  CC      drivers/pci/probe.o
  CC      kernel/bpf/bpf_local_storage.o
  AR      arch/x86/virt/svm/built-in.a
  AR      arch/x86/virt/vmx/built-in.a
  AR      arch/x86/virt/built-in.a
  AR      lib/fonts/built-in.a
  CC [M]  arch/x86/kvm/../../../virt/kvm/kvm_main.o
  CC [M]  lib/raid6/algos.o
  CC [M]  sound/pci/hda/hda_eld.o
  CC [M]  lib/raid6/recov.o
  CC [M]  fs/minix/file.o
  CC [M]  sound/pci/hda/hda_intel.o
  CC      drivers/pci/host-bridge.o
  CC      kernel/trace/rpm-traces.o
  CC      kernel/bpf/bpf_task_storage.o
  HOSTCC  lib/raid6/mktables
  CC [M]  fs/minix/dir.o
  UNROLL  lib/raid6/int1.c
  UNROLL  lib/raid6/int2.c
  UNROLL  lib/raid6/int4.c
  UNROLL  lib/raid6/int8.c
  CC [M]  lib/raid6/recov_ssse3.o
  CC      drivers/pci/remove.o
  CC      kernel/bpf/bpf_inode_storage.o
  CC      kernel/trace/trace_kdb.o
  LD [M]  fs/minix/minix.o
  CC [M]  lib/raid6/recov_avx2.o
  CC [M]  fs/hfsplus/super.o
  LD [M]  sound/pci/hda/snd-hda-codec.o
  CC      drivers/pci/pci.o
  LD [M]  sound/pci/hda/snd-hda-codec-hdmi.o
  LD [M]  sound/pci/hda/snd-hda-intel.o
  CC      net/core/utils.o
  CC [M]  sound/usb/misc/ua101.o
  CC [M]  lib/raid6/mmx.o
  CC [M]  lib/raid6/sse1.o
  CC [M]  lib/raid6/sse2.o
  CC      kernel/trace/trace_dynevent.o
  CC      kernel/bpf/disasm.o
  CC [M]  fs/hfsplus/options.o
  CC      net/core/link_watch.o
  CC [M]  lib/raid6/avx2.o
  LD [M]  sound/usb/misc/snd-ua101.o
  CC [M]  sound/usb/usx2y/usbusx2y.o
  CC [M]  arch/x86/kvm/../../../virt/kvm/eventfd.o
  CC      kernel/trace/trace_probe.o
  CC [M]  fs/hfsplus/inode.o
  CC      kernel/bpf/mprog.o
  CC [M]  lib/raid6/avx512.o
  CC [M]  sound/usb/usx2y/usX2Yhwdep.o
  CC      net/core/filter.o
  CC      drivers/pci/pci-driver.o
  CC      kernel/bpf/trampoline.o
  CC [M]  arch/x86/kvm/../../../virt/kvm/binary_stats.o
  CC [M]  fs/hfsplus/ioctl.o
  CC [M]  lib/raid6/recov_avx512.o
  CC [M]  sound/usb/usx2y/usx2yhwdeppcm.o
  CC      kernel/trace/trace_uprobe.o
  CC [M]  fs/hfsplus/extents.o
  TABLE   lib/raid6/tables.c
  CC [M]  lib/raid6/int1.o
  CC [M]  arch/x86/kvm/../../../virt/kvm/vfio.o
  CC      drivers/pci/search.o
  CC      kernel/bpf/btf.o
  CC [M]  sound/usb/usx2y/us122l.o
  CC [M]  lib/raid6/int2.o
  CC      drivers/pci/rom.o
  CC [M]  fs/hfsplus/catalog.o
  CC [M]  arch/x86/kvm/../../../virt/kvm/coalesced_mmio.o
  CC      kernel/trace/trace_boot.o
  CC [M]  lib/raid6/int4.o
  CC      drivers/pci/setup-res.o
  LD [M]  sound/usb/usx2y/snd-usb-usx2y.o
  LD [M]  sound/usb/usx2y/snd-usb-us122l.o
  CC [M]  sound/usb/card.o
  CC [M]  fs/hfsplus/dir.o
  CC [M]  arch/x86/kvm/../../../virt/kvm/async_pf.o
  CC [M]  lib/raid6/int8.o
  CC      drivers/pci/irq.o
  CC      kernel/trace/fprobe.o
  CC [M]  sound/usb/clock.o
  CC [M]  fs/hfsplus/btree.o
  CC [M]  arch/x86/kvm/../../../virt/kvm/irqchip.o
  CC [M]  lib/raid6/tables.o
  CC      drivers/pci/vpd.o
  CC      kernel/trace/rethook.o
  CC [M]  sound/usb/endpoint.o
  CC [M]  fs/hfsplus/bnode.o
  LD [M]  lib/raid6/raid6_pq.o
  CC      drivers/pci/setup-bus.o
  TEST    lib/test_fortify/read_overflow-memchr.log
  CC [M]  arch/x86/kvm/../../../virt/kvm/dirty_ring.o
  CC      kernel/trace/trace_fprobe.o
  TEST    lib/test_fortify/read_overflow-memchr_inv.log
  TEST    lib/test_fortify/read_overflow-memcmp.log
  CC      net/core/sock_diag.o
  CC [M]  sound/usb/fcp.o
  CC [M]  fs/hfsplus/brec.o
  TEST    lib/test_fortify/read_overflow-memscan.log
  CC [M]  arch/x86/kvm/../../../virt/kvm/pfncache.o
  CC      kernel/bpf/memalloc.o
  TEST    lib/test_fortify/read_overflow2-memcmp.log
  CC      drivers/pci/vc.o
  CC [M]  sound/usb/format.o
  TEST    lib/test_fortify/read_overflow2-memcpy.log
  AR      kernel/trace/built-in.a
  CC [M]  fs/hfsplus/bfind.o
  CC      net/core/dev_ioctl.o
  CC      kernel/events/core.o
  CC      kernel/bpf/arena.o
  TEST    lib/test_fortify/read_overflow2-memmove.log
  CC [M]  arch/x86/kvm/../../../virt/kvm/guest_memfd.o
  CC      drivers/pci/mmap.o
  TEST    lib/test_fortify/read_overflow2_field-memcpy.log
  CC [M]  sound/usb/helper.o
  CC [M]  fs/hfsplus/tables.o
  TEST    lib/test_fortify/read_overflow2_field-memmove.log
  CC      drivers/pci/devres.o
  TEST    lib/test_fortify/write_overflow-memcpy.log
  CC [M]  sound/usb/implicit.o
  CC      net/core/tso.o
  CC      kernel/bpf/range_tree.o
  CC [M]  arch/x86/kvm/x86.o
  CC [M]  fs/hfsplus/unicode.o
  TEST    lib/test_fortify/write_overflow-memmove.log
  CC      drivers/pci/proc.o
  TEST    lib/test_fortify/write_overflow-memset.log
  CC [M]  sound/usb/mixer.o
  TEST    lib/test_fortify/write_overflow-strcpy-lit.log
  CC      kernel/bpf/dispatcher.o
  CC      net/core/sock_reuseport.o
  CC [M]  fs/hfsplus/wrapper.o
  TEST    lib/test_fortify/write_overflow-strcpy.log
  CC      drivers/pci/pci-sysfs.o
  TEST    lib/test_fortify/write_overflow-strncpy-src.log
  CC      kernel/bpf/devmap.o
  CC [M]  fs/hfsplus/bitmap.o
  TEST    lib/test_fortify/write_overflow-strncpy.log
  CC      net/core/fib_notifier.o
  CC [M]  sound/usb/mixer_quirks.o
  TEST    lib/test_fortify/write_overflow-strscpy.log
  CC      drivers/pci/slot.o
  TEST    lib/test_fortify/write_overflow_field-memcpy.log
  CC [M]  fs/hfsplus/part_tbl.o
  TEST    lib/test_fortify/write_overflow_field-memmove.log
  CC      net/core/xdp.o
  TEST    lib/test_fortify/write_overflow_field-memset.log
  CC      kernel/bpf/cpumap.o
  CC      drivers/pci/pci-acpi.o
  CAT     lib/test_fortify/test_fortify.log
  CC      lib/argv_split.o
  CC [M]  fs/hfsplus/attributes.o
  CC      kernel/events/ring_buffer.o
  CC [M]  sound/usb/mixer_scarlett.o
  CC      lib/bug.o
  CC [M]  fs/hfsplus/xattr.o
  CC      drivers/pci/iomap.o
  CC [M]  sound/usb/mixer_scarlett2.o
  CC      net/core/flow_offload.o
  CC      lib/buildid.o
  CC      kernel/bpf/offload.o
  CC      kernel/events/callchain.o
  CC      drivers/pci/quirks.o
  CC      lib/clz_tab.o
  CC      lib/cmdline.o
  CC [M]  fs/hfsplus/xattr_user.o
  CC      lib/cpumask.o
  CC      kernel/events/hw_breakpoint.o
  CC      net/core/gro.o
  CC      kernel/bpf/net_namespace.o
  CC      lib/ctype.o
  CC      lib/dec_and_lock.o
  CC [M]  fs/hfsplus/xattr_security.o
  CC      lib/decompress.o
  CC      lib/decompress_bunzip2.o
  CC      kernel/events/uprobes.o
  CC      drivers/pci/ats.o
  CC [M]  sound/usb/mixer_us16x08.o
  CC      kernel/bpf/tcx.o
  CC [M]  fs/hfsplus/xattr_trusted.o
  CC      net/core/netdev-genl.o
  CC      lib/decompress_inflate.o
  CC      drivers/pci/iov.o
  CC [M]  sound/usb/mixer_s1810c.o
  CC      lib/decompress_unlz4.o
  LD [M]  fs/hfsplus/hfsplus.o
  CC [M]  fs/hfs/bitmap.o
  CC      kernel/bpf/stackmap.o
  AR      kernel/events/built-in.a
  CC      lib/decompress_unlzma.o
  AR      drivers/rapidio/switches/built-in.a
  AR      drivers/rapidio/devices/built-in.a
  CC      drivers/rapidio/rio.o
  CC [M]  sound/usb/pcm.o
  CC      net/core/netdev-genl-gen.o
  CC      drivers/pci/pci-label.o
  CC [M]  fs/hfs/bfind.o
  CC [M]  arch/x86/kvm/emulate.o
  CC      lib/decompress_unlzo.o
  CC      kernel/bpf/cgroup_iter.o
  CC      drivers/pci/p2pdma.o
  CC      net/core/gso.o
  CC [M]  fs/hfs/bnode.o
  CC      drivers/rapidio/rio-access.o
  CC [M]  sound/usb/power.o
  CC      lib/decompress_unxz.o
  CC      kernel/bpf/bpf_cgrp_storage.o
  CC [M]  fs/hfs/brec.o
  CC [M]  sound/usb/proc.o
  CC      drivers/rapidio/rio-driver.o
  CC      drivers/pci/vgaarb.o
  CC      lib/decompress_unzstd.o
  CC      net/core/net-sysfs.o
  CC      lib/dump_stack.o
  CC      drivers/rapidio/rio-sysfs.o
  CC [M]  sound/usb/quirks.o
  CC      kernel/bpf/cgroup.o
  CC [M]  fs/hfs/btree.o
  CC      drivers/pci/npem.o
  CC      lib/earlycpio.o
  CC [M]  arch/x86/kvm/i8259.o
  AR      drivers/rapidio/built-in.a
  AR      arch/x86/built-in.a
  CC [M]  arch/x86/kvm/irq.o
  CC      lib/extable.o
  CC [M]  fs/hfs/catalog.o
  CC [M]  sound/usb/stream.o
  CC      drivers/pci/tph.o
  CC      net/core/hotdata.o
  CC      lib/flex_proportions.o
  CC [M]  fs/hfs/dir.o
  CC      net/ethernet/eth.o
  CC      lib/idr.o
  CC      kernel/bpf/reuseport_array.o
  CC [M]  arch/x86/kvm/lapic.o
  AR      drivers/pci/built-in.a
  CC      drivers/video/console/dummycon.o
  CC [M]  fs/hfs/extent.o
  CC      net/core/netdev_rx_queue.o
  CC [M]  sound/usb/validate.o
  CC      lib/iomem_copy.o
  CC      lib/irq_regs.o
  CC      lib/is_single_threaded.o
  CC      drivers/video/console/vgacon.o
  CC [M]  sound/usb/midi2.o
  AR      net/ethernet/built-in.a
  CC [M]  fs/hfs/inode.o
  CC      kernel/bpf/bpf_struct_ops.o
  CC [M]  fs/ntfs3/attrib.o
  CC      net/core/page_pool.o
  CC      lib/klist.o
  CC      lib/kobject.o
  AR      drivers/video/console/built-in.a
  CC      drivers/video/backlight/backlight.o
  CC [M]  sound/usb/media.o
  CC [M]  fs/hfs/attr.o
  CC [M]  arch/x86/kvm/i8254.o
  CC      lib/kobject_uevent.o
  CC      kernel/bpf/cpumask.o
  AR      drivers/video/backlight/built-in.a
  CC      drivers/video/fbdev/core/fb_notify.o
  CC [M]  fs/ntfs3/attrlist.o
  CC [M]  sound/usb/midi.o
  CC [M]  fs/hfs/mdb.o
  CC      net/core/page_pool_user.o
  CC      kernel/bpf/bpf_lsm.o
  CC [M]  arch/x86/kvm/ioapic.o
  CC      drivers/video/fbdev/core/fb_info.o
  CC [M]  fs/ntfs3/bitfunc.o
  CC      lib/logic_pio.o
  CC [M]  fs/hfs/part_tbl.o
  CC      drivers/video/fbdev/core/fbmem.o
  CC      lib/maple_tree.o
  LD [M]  sound/usb/snd-usb-audio.o
  LD [M]  sound/usb/snd-usbmidi-lib.o
  CC      net/core/net-procfs.o
  CC [M]  fs/ntfs3/bitmap.o
  CC [M]  fs/hfs/string.o
  CC [M]  sound/hda/hda_bus_type.o
  CC [M]  arch/x86/kvm/irq_comm.o
  CC      kernel/bpf/crypto.o
  CC [M]  sound/hda/hdac_bus.o
  CC [M]  fs/hfs/super.o
  CC      drivers/video/fbdev/core/fbcmap.o
  CC      net/core/fib_rules.o
  CC      kernel/bpf/relo_core.o
  CC [M]  fs/ntfs3/dir.o
  CC [M]  arch/x86/kvm/cpuid.o
  CC [M]  sound/hda/hdac_device.o
  CC [M]  fs/hfs/sysdep.o
  CC      drivers/video/fbdev/core/modedb.o
  CC [M]  fs/ntfs3/fsntfs.o
  CC [M]  fs/hfs/trans.o
  CC [M]  sound/hda/hdac_sysfs.o
  CC      net/core/net-traces.o
  CC      kernel/bpf/btf_iter.o
  CC      drivers/video/fbdev/core/fbcvt.o
lib/maple_tree.c: In function ‘mas_wr_spanning_store’:
lib/maple_tree.c:3793:1: warning: the frame size of 1032 bytes is larger than 1024 bytes [-Wframe-larger-than=]
 3793 | }
      | ^
  LD [M]  fs/hfs/hfs.o
  CC [M]  fs/ufs/balloc.o
  CC [M]  arch/x86/kvm/pmu.o
  CC [M]  sound/hda/hdac_regmap.o
lib/maple_tree.c: In function ‘mas_wr_bnode’:
lib/maple_tree.c:4054:1: warning: the frame size of 1032 bytes is larger than 1024 bytes [-Wframe-larger-than=]
 4054 | }
      | ^
  CC      kernel/bpf/btf_relocate.o
  CC      drivers/video/fbdev/core/fb_cmdline.o
  CC [M]  fs/ntfs3/frecord.o
  CC      lib/memcat_p.o
  CC [M]  sound/hda/hdac_controller.o
  CC      lib/nmi_backtrace.o
  CC [M]  fs/ufs/cylinder.o
  CC      drivers/video/fbdev/core/fb_backlight.o
  CC      kernel/bpf/kmem_cache_iter.o
  CC [M]  arch/x86/kvm/mtrr.o
  CC      lib/objpool.o
  CC [M]  sound/hda/hdac_stream.o
  CC [M]  fs/ufs/dir.o
  CC      drivers/video/fbdev/core/fbmon.o
  CC      lib/plist.o
  CC [M]  arch/x86/kvm/debugfs.o
  AR      kernel/bpf/built-in.a
  CC      kernel/fork.o
  CC      lib/radix-tree.o
  CC [M]  fs/ntfs3/file.o
  CC [M]  sound/hda/array.o
  CC [M]  fs/ufs/file.o
  CC [M]  arch/x86/kvm/mmu/mmu.o
  CC      lib/ratelimit.o
  CC      drivers/video/fbdev/core/fb_defio.o
  CC      net/core/drop_monitor.o
  CC [M]  fs/ntfs3/fslog.o
  CC [M]  sound/hda/hdmi_chmap.o
  CC      lib/rbtree.o
  CC [M]  fs/ufs/ialloc.o
  CC      lib/seq_buf.o
  CC      drivers/video/fbdev/core/fb_chrdev.o
  CC [M]  fs/ufs/inode.o
  CC [M]  sound/hda/trace.o
  CC      lib/siphash.o
  CC      kernel/exec_domain.o
  CC      net/core/selftests.o
  CC      lib/string.o
  CC      drivers/video/fbdev/core/fb_procfs.o
  CC      lib/timerqueue.o
  CC [M]  sound/hda/hdac_component.o
  CC      kernel/panic.o
  CC      lib/union_find.o
  CC      lib/vsprintf.o
  CC      drivers/video/fbdev/core/fbsysfs.o
  CC [M]  fs/ufs/namei.o
  CC [M]  fs/ntfs3/inode.o
  CC [M]  sound/hda/hdac_i915.o
  CC      kernel/cpu.o
  CC      net/core/timestamping.o
  CC [M]  fs/ufs/super.o
  CC      drivers/video/fbdev/core/fbcon.o
  CC [M]  sound/hda/intel-dsp-config.o
  CC      net/core/ptp_classifier.o
  CC [M]  fs/ntfs3/index.o
  CC [M]  sound/hda/intel-nhlt.o
  CC [M]  fs/ufs/util.o
  CC      lib/win_minmax.o
  CC      kernel/exit.o
  LD [M]  fs/ufs/ufs.o
  CC      net/core/netprio_cgroup.o
  CC [M]  fs/qnx4/inode.o
  CC [M]  sound/hda/intel-sdw-acpi.o
  CC      drivers/video/fbdev/core/bitblit.o
  CC [M]  arch/x86/kvm/mmu/page_track.o
  CC      lib/xarray.o
  LD [M]  sound/hda/snd-hda-core.o
  LD [M]  sound/hda/snd-intel-dspcfg.o
  LD [M]  sound/hda/snd-intel-sdw-acpi.o
  AR      sound/built-in.a
  CC [M]  sound/sound_core.o
  CC [M]  fs/ntfs3/lznt.o
  CC [M]  fs/qnx4/dir.o
  CC      drivers/video/fbdev/core/softcursor.o
  CC [M]  arch/x86/kvm/mmu/spte.o
  CC      net/core/netclassid_cgroup.o
  CC      kernel/softirq.o
  LD [M]  sound/soundcore.o
  CC      lib/lockref.o
  CC      drivers/idle/intel_idle.o
  CC [M]  fs/qnx4/namei.o
  CC [M]  fs/ntfs3/namei.o
  CC      lib/bcd.o
  CC      lib/sort.o
  CC      lib/parser.o
  CC      drivers/video/fbdev/core/tileblit.o
  CC [M]  arch/x86/kvm/mmu/tdp_iter.o
  CC      net/core/lwtunnel.o
  CC [M]  fs/qnx4/bitmap.o
  CC      lib/debug_locks.o
  CC [M]  fs/ntfs3/record.o
  CC      lib/random32.o
  CC      kernel/resource.o
  AR      drivers/idle/built-in.a
  AR      drivers/video/fbdev/omap/built-in.a
  CC      drivers/video/aperture.o
  CC      drivers/video/fbdev/core/fbcon_rotate.o
  LD [M]  fs/qnx4/qnx4.o
  CC      kernel/sysctl.o
  CC      lib/bust_spinlocks.o
  CC [M]  arch/x86/kvm/mmu/tdp_mmu.o
  CC      net/core/lwt_bpf.o
  CC [M]  fs/ntfs3/run.o
  CC      drivers/video/fbdev/core/fbcon_cw.o
  CC      lib/kasprintf.o
  AR      drivers/char/ipmi/built-in.a
  AR      virt/lib/built-in.a
  CC [M]  virt/lib/irqbypass.o
  AR      drivers/video/fbdev/omap2/omapfb/dss/built-in.a
  AR      drivers/video/fbdev/omap2/omapfb/displays/built-in.a
  AR      drivers/video/fbdev/omap2/omapfb/built-in.a
  AR      drivers/video/fbdev/omap2/built-in.a
  CC      arch/x86/pci/i386.o
  CC      lib/bitmap.o
  AR      virt/built-in.a
  CC [M]  fs/ntfs3/super.o
  CC [M]  arch/x86/kvm/hyperv.o
  CC      drivers/video/fbdev/core/fbcon_ud.o
  CC      kernel/capability.o
  CC      net/core/dst_cache.o
  CC      lib/scatterlist.o
  CC      arch/x86/pci/init.o
  CC      drivers/video/screen_info_generic.o
  CC [M]  fs/autofs/init.o
  CC      kernel/ptrace.o
  CC      drivers/video/fbdev/core/fbcon_ccw.o
  CC      arch/x86/pci/mmconfig_64.o
  CC [M]  fs/ntfs3/upcase.o
  CC      net/core/failover.o
  CC      lib/list_sort.o
  CC [M]  fs/autofs/inode.o
  CC      lib/uuid.o
  CC      lib/iov_iter.o
  CC      arch/x86/pci/direct.o
  CC [M]  fs/ntfs3/xattr.o
  CC      drivers/video/fbdev/core/cfbfillrect.o
  CC      kernel/user.o
  CC [M]  arch/x86/kvm/xen.o
  CC [M]  fs/autofs/root.o
  CC      net/core/skmsg.o
  CC      arch/x86/pci/mmconfig-shared.o
  CC      kernel/signal.o
  CC      drivers/video/fbdev/core/cfbcopyarea.o
  CC [M]  fs/ntfs3/lib/decompress_common.o
  CC [M]  fs/autofs/symlink.o
  CC [M]  fs/ntfs3/lib/lzx_decompress.o
  CC      arch/x86/pci/xen.o
  CC      lib/clz_ctz.o
  CC      drivers/video/fbdev/core/cfbimgblt.o
  CC      lib/bsearch.o
  CC [M]  arch/x86/kvm/smm.o
  CC [M]  fs/ntfs3/lib/xpress_decompress.o
  CC [M]  fs/autofs/waitq.o
  CC      net/core/sock_map.o
  CC      lib/find_bit.o
  CC      arch/x86/pci/fixup.o
  LD [M]  fs/ntfs3/ntfs3.o
  CC      drivers/acpi/acpica/dsargs.o
  CC      drivers/video/fbdev/core/fb_io_fops.o
  CC      lib/llist.o
  CC      lib/lwq.o
  CC [M]  fs/autofs/expire.o
  CC      drivers/acpi/acpica/dscontrol.o
  CC      kernel/sys.o
  CC      lib/memweight.o
  CC [M]  arch/x86/kvm/vmx/vmx.o
  CC      lib/kfifo.o
  CC      drivers/acpi/acpica/dsdebug.o
  CC      arch/x86/pci/acpi.o
  CC      drivers/video/fbdev/core/sysfillrect.o
  CC      drivers/acpi/acpica/dsfield.o
  CC [M]  fs/autofs/dev-ioctl.o
  CC      net/core/bpf_sk_storage.o
  CC      lib/percpu-refcount.o
  CC      drivers/acpi/acpica/dsinit.o
  CC      arch/x86/pci/legacy.o
  CC      drivers/video/fbdev/core/syscopyarea.o
  CC      lib/rhashtable.o
  CC      drivers/acpi/acpica/dsmethod.o
  LD [M]  fs/autofs/autofs4.o
  CC [M]  fs/jfs/super.o
  CC      arch/x86/pci/irq.o
  CC      kernel/umh.o
  CC      net/core/devmem.o
  CC      drivers/acpi/acpica/dsmthdat.o
  CC      drivers/video/fbdev/core/sysimgblt.o
  CC      lib/base64.o
  CC      drivers/acpi/acpica/dsobject.o
  CC [M]  fs/jfs/file.o
  CC      lib/once.o
  CC      kernel/workqueue.o
  CC      drivers/acpi/acpica/dsopcode.o
  CC      arch/x86/pci/numachip.o
  CC      drivers/video/fbdev/core/fb_sys_fops.o
  CC [M]  fs/jfs/inode.o
  CC      lib/refcount.o
  AR      net/core/built-in.a
  CC      net/802/fc.o
  CC      lib/rcuref.o
  CC      drivers/acpi/acpica/dspkginit.o
  CC      lib/usercopy.o
  CC      arch/x86/pci/common.o
  AR      drivers/video/fbdev/core/built-in.a
  CC      drivers/video/fbdev/imsttfb.o
  CC [M]  fs/jfs/namei.o
  CC      drivers/acpi/acpica/dsutils.o
  CC      lib/errseq.o
  CC      net/802/fddi.o
  CC      lib/bucket_locks.o
  CC      drivers/acpi/acpica/dswexec.o
  CC      arch/x86/pci/early.o
  CC      arch/x86/kvm/kvm-asm-offsets.s
  CC      lib/generic-radix-tree.o
  CC      drivers/video/fbdev/asiliantfb.o
  CC      drivers/acpi/acpica/dswload.o
  CC [M]  fs/jfs/jfs_mount.o
  CC      arch/x86/pci/bus_numa.o
  AR      net/802/built-in.a
  CC      net/sched/sch_generic.o
  CC      lib/bitmap-str.o
  CC      drivers/acpi/acpica/dswload2.o
  CC [M]  arch/x86/kvm/vmx/pmu_intel.o
  CC      arch/x86/pci/amd_bus.o
  CC [M]  fs/jfs/jfs_umount.o
  AR      drivers/video/fbdev/built-in.a
  CC      drivers/video/screen_info_pci.o
  CC      drivers/acpi/acpica/dswscope.o
  CC      lib/string_helpers.o
  CC      kernel/pid.o
  CC [M]  fs/jfs/jfs_xtree.o
  CC      drivers/acpi/acpica/dswstate.o
  CC      drivers/video/cmdline.o
  CC [M]  arch/x86/kvm/vmx/vmcs12.o
  AR      arch/x86/pci/built-in.a
  CC [M]  fs/xfs/xfs_trace.o
  CC      lib/hexdump.o
  CC      drivers/acpi/acpica/evevent.o
  CC      net/sched/sch_mq.o
  CC      lib/kstrtox.o
  CC      drivers/video/nomodeset.o
  CC      kernel/task_work.o
  CC      drivers/acpi/acpica/evgpe.o
  CC [M]  arch/x86/kvm/vmx/nested.o
  CC      lib/iomap.o
  CC      drivers/video/hdmi.o
  CC      drivers/acpi/acpica/evgpeblk.o
  CC [M]  fs/jfs/jfs_imap.o
  CC      net/sched/sch_frag.o
  CC      kernel/extable.o
  CC      lib/iomap_copy.o
  CC      drivers/acpi/acpica/evgpeinit.o
  CC      lib/devres.o
  AR      drivers/video/built-in.a
  CC      drivers/acpi/numa/srat.o
  CC      drivers/acpi/acpica/evgpeutil.o
  CC      kernel/params.o
  CC      lib/check_signature.o
  CC      net/sched/sch_api.o
  CC      drivers/acpi/acpica/evglock.o
  CC      lib/interval_tree.o
  CC [M]  fs/jfs/jfs_debug.o
  CC      lib/assoc_array.o
  CC      drivers/acpi/numa/hmat.o
  CC      drivers/acpi/acpica/evhandler.o
  CC [M]  fs/jfs/jfs_dmap.o
  CC      kernel/kthread.o
  CC      drivers/acpi/acpica/evmisc.o
  CC      lib/bitrev.o
  AR      drivers/acpi/numa/built-in.a
  CC      net/netlink/af_netlink.o
  CC      drivers/acpi/acpica/evregion.o
  CC      lib/linear_ranges.o
  CC      net/sched/sch_blackhole.o
  CC      drivers/acpi/acpica/evrgnini.o
  CC [M]  arch/x86/kvm/vmx/posted_intr.o
  CC      kernel/sys_ni.o
  CC [M]  fs/jfs/jfs_unicode.o
  CC      lib/packing.o
  CC      drivers/acpi/acpica/evsci.o
  CC      net/sched/cls_api.o
  CC      drivers/acpi/acpica/evxface.o
  CC      kernel/nsproxy.o
  CC [M]  fs/jfs/jfs_dtree.o
  CC      lib/crc-ccitt.o
  CC      drivers/acpi/acpica/evxfevnt.o
  CC [M]  arch/x86/kvm/vmx/main.o
  CC      lib/crc16.o
  CC      net/netlink/genetlink.o
  CC      drivers/acpi/acpica/evxfgpe.o
  CC      kernel/notifier.o
  CC      lib/crc-t10dif.o
  CC      drivers/acpi/acpica/evxfregn.o
  CC [M]  arch/x86/kvm/vmx/sgx.o
  HOSTCC  lib/gen_crc32table
  CC      drivers/acpi/acpica/exconcat.o
  HOSTCC  lib/gen_crc64table
  CC      kernel/ksysfs.o
  CC [M]  fs/jfs/jfs_inode.o
  CC      lib/crc64-rocksoft.o
  CC      net/sched/act_api.o
  CC      net/netlink/policy.o
  CC      drivers/acpi/acpica/exconfig.o
  CC [M]  fs/jfs/jfs_discard.o
  CC      kernel/cred.o
  CC [M]  arch/x86/kvm/vmx/hyperv.o
  CC      lib/xxhash.o
  CC      drivers/acpi/acpica/exconvrt.o
  CC [M]  fs/jfs/jfs_extent.o
  AR      net/netlink/built-in.a
  CC      net/bpf/test_run.o
  CC      lib/genalloc.o
  CC      drivers/acpi/acpica/excreate.o
  CC      kernel/reboot.o
  CC      net/sched/sch_fifo.o
  CC      drivers/acpi/acpica/exdebug.o
  CC [M]  arch/x86/kvm/vmx/hyperv_evmcs.o
  CC [M]  fs/jfs/symlink.o
  CC      lib/percpu_counter.o
  CC      drivers/acpi/acpica/exdump.o
  CC [M]  fs/jfs/jfs_metapage.o
  CC      kernel/async.o
  CC [M]  arch/x86/kvm/svm/svm.o
  CC      drivers/acpi/acpica/exfield.o
  CC      net/sched/ematch.o
  CC      lib/iommu-helper.o
  CC      lib/error-inject.o
  CC      net/bpf/bpf_dummy_struct_ops.o
  CC      drivers/acpi/acpica/exfldio.o
  CC      kernel/range.o
  CC [M]  fs/jfs/jfs_logmgr.o
  CC      kernel/smpboot.o
  CC      lib/syscall.o
  CC      drivers/acpi/acpica/exmisc.o
  CC [M]  net/sched/sch_fq_codel.o
  CC      kernel/ucount.o
  AR      net/bpf/built-in.a
  CC [M]  fs/jfs/jfs_txnmgr.o
  CC      drivers/acpi/acpica/exmutex.o
  CC [M]  fs/xfs/libxfs/xfs_group.o
  CC      lib/dynamic_debug.o
  AR      net/sched/built-in.a
  CC      arch/x86/power/cpu.o
  CC      drivers/acpi/acpica/exnames.o
  CC      kernel/regset.o
  CC      drivers/acpi/acpica/exoparg1.o
  CC      kernel/ksyms_common.o
  CC      net/ethtool/ioctl.o
  CC [M]  fs/jfs/resize.o
  UPD     arch/x86/kvm/kvm-asm-offsets.h
  CC [M]  arch/x86/kvm/svm/pmu.o
  CC      arch/x86/power/hibernate_64.o
  CC      drivers/acpi/acpica/exoparg2.o
  CC      lib/errname.o
  CC      kernel/groups.o
  CC      lib/nlattr.o
  CC [M]  fs/jfs/xattr.o
  CC      drivers/acpi/acpica/exoparg3.o
  AS      arch/x86/power/hibernate_asm_64.o
  CC      arch/x86/power/hibernate.o
  CC [M]  fs/xfs/libxfs/xfs_ag.o
  CC [M]  arch/x86/kvm/svm/nested.o
  CC      drivers/acpi/acpica/exoparg6.o
  CC      kernel/vhost_task.o
  CC      lib/cpu_rmap.o
  CC [M]  fs/jfs/ioctl.o
  AR      arch/x86/power/built-in.a
  CC      arch/x86/video/video-common.o
  CC      drivers/acpi/acpica/exprep.o
  CC      kernel/kcmp.o
  CC      lib/dynamic_queue_limits.o
  CC      drivers/acpi/acpica/exregion.o
  CC      net/ethtool/common.o
  AR      arch/x86/video/built-in.a
  CC [M]  fs/jfs/acl.o
  CC [M]  fs/btrfs/super.o
  CC      kernel/freezer.o
  CC      drivers/acpi/acpica/exresnte.o
  CC [M]  arch/x86/kvm/svm/avic.o
  LD [M]  fs/jfs/jfs.o
  CC      net/ethtool/netlink.o
  CC      lib/glob.o
  CC      drivers/acpi/acpica/exresolv.o
  CC [M]  fs/xfs/libxfs/xfs_ag_resv.o
  CC      drivers/acpi/acpica/exresop.o
  CC      kernel/profile.o
  CC [M]  fs/btrfs/ctree.o
  CC      lib/digsig.o
  CC      drivers/acpi/acpica/exserial.o
  CC      net/ethtool/bitset.o
  CC      kernel/stacktrace.o
  CC      lib/strncpy_from_user.o
  CC      drivers/acpi/acpica/exstore.o
  CC [M]  arch/x86/kvm/svm/hyperv.o
  CC      kernel/dma.o
  CC      drivers/acpi/acpica/exstoren.o
  CC      lib/strnlen_user.o
  CC [M]  fs/xfs/libxfs/xfs_alloc.o
  CC      drivers/acpi/acpica/exstorob.o
  CC      net/ethtool/strset.o
  LD [M]  arch/x86/kvm/kvm.o
  CC      kernel/smp.o
  AS [M]  arch/x86/kvm/vmx/vmenter.o
  AS [M]  arch/x86/kvm/svm/vmenter.o
  CC      lib/net_utils.o
  LD [M]  arch/x86/kvm/kvm-intel.o
  LD [M]  arch/x86/kvm/kvm-amd.o
  AR      ubuntu/built-in.a
  CC [M]  fs/btrfs/extent-tree.o
  CC      drivers/acpi/acpica/exsystem.o
  CC      drivers/acpi/acpica/extrace.o
  CC      lib/sg_pool.o
  CC      drivers/pnp/pnpacpi/core.o
  CC      net/ethtool/linkinfo.o
  CC      drivers/acpi/acpica/exutils.o
  CC      kernel/uid16.o
  CC      drivers/acpi/acpica/hwacpi.o
  CC      lib/memregion.o
  CC      drivers/pnp/pnpacpi/rsparser.o
  CC      drivers/acpi/acpica/hwesleep.o
  CC      net/ethtool/linkmodes.o
  CC      lib/irq_poll.o
  CC      net/netfilter/core.o
  CC      drivers/acpi/acpica/hwgpe.o
  CC      kernel/module_signature.o
  CC      kernel/kallsyms.o
  AR      drivers/pnp/pnpacpi/built-in.a
  CC      drivers/pnp/core.o
  CC      lib/stackdepot.o
  CC      drivers/acpi/acpica/hwregs.o
  CC [M]  fs/xfs/libxfs/xfs_alloc_btree.o
  CC      net/ethtool/rss.o
  CC [M]  fs/btrfs/print-tree.o
  CC      drivers/pnp/card.o
  CC      drivers/acpi/acpica/hwsleep.o
  CC      kernel/acct.o
  CC      lib/bootconfig.o
  CC      net/netfilter/nf_log.o
  CC      drivers/acpi/acpica/hwvalid.o
  CC      drivers/pnp/driver.o
  CC [M]  fs/btrfs/root-tree.o
  CC      net/ethtool/linkstate.o
  CC      drivers/acpi/acpica/hwxface.o
  CC      lib/asn1_decoder.o
  CC      kernel/vmcore_info.o
  CC      drivers/pnp/resource.o
  CC      drivers/acpi/acpica/hwxfsleep.o
  CC      net/netfilter/nf_queue.o
  CC [M]  fs/xfs/libxfs/xfs_attr.o
  CC      drivers/acpi/acpica/hwpci.o
  CC      lib/asn1_encoder.o
  CC [M]  fs/btrfs/dir-item.o
  CC      net/ethtool/debug.o
  CC      kernel/elfcorehdr.o
  CC      drivers/acpi/acpica/nsaccess.o
  CC      drivers/pnp/manager.o
  GEN     lib/oid_registry_data.c
  CC      lib/ucs2_string.o
  CC      net/netfilter/nf_sockopt.o
  CC      kernel/crash_reserve.o
  CC      drivers/acpi/acpica/nsalloc.o
  CC      net/ethtool/wol.o
  CC      drivers/pnp/support.o
  CC      lib/ubsan.o
  CC [M]  fs/btrfs/file-item.o
  CC      drivers/acpi/acpica/nsarguments.o
  CC      kernel/kexec_core.o
  CC      net/netfilter/utils.o
  CC      lib/sbitmap.o
  CC      drivers/acpi/acpica/nsconvert.o
  CC      drivers/pnp/interface.o
  CC      net/ethtool/features.o
  CC [M]  fs/xfs/libxfs/xfs_attr_leaf.o
  CC      drivers/acpi/acpica/nsdump.o
  CC      lib/group_cpus.o
  CC      kernel/crash_core.o
  CC      drivers/pnp/quirks.o
  CC [M]  fs/btrfs/inode-item.o
  CC      net/netfilter/nf_bpf_link.o
  CC      drivers/acpi/acpica/nseval.o
  CC      net/ethtool/privflags.o
  CC      drivers/acpi/acpica/nsinit.o
  CC      lib/fw_table.o
  CC      drivers/pnp/system.o
  CC      kernel/kexec.o
  CC      drivers/acpi/acpica/nsload.o
  CC      net/netfilter/nf_hooks_lwtunnel.o
  AR      lib/lib.a
  GEN     lib/crc32table.h
  GEN     lib/crc64table.h
  CC      lib/oid_registry.o
  CC [M]  fs/btrfs/disk-io.o
  CC      net/ethtool/rings.o
  AR      drivers/pnp/built-in.a
  CC      fs/open.o
  CC      drivers/acpi/acpica/nsnames.o
  CC      kernel/kexec_file.o
  CC      lib/crc32.o
  CC      drivers/acpi/acpica/nsobject.o
  CC [M]  net/netfilter/nfnetlink.o
  CC      net/ethtool/channels.o
  CC      drivers/acpi/acpica/nsparse.o
  CC [M]  fs/xfs/libxfs/xfs_attr_remote.o
  CC      lib/crc64.o
  CC      drivers/acpi/acpica/nspredef.o
  CC      kernel/compat.o
  CC      fs/read_write.o
  AR      lib/built-in.a
  CC      drivers/acpi/apei/apei-base.o
  CC      drivers/acpi/acpica/nsprepkg.o
  CC      net/ethtool/coalesce.o
  CC [M]  net/netfilter/nf_conntrack_core.o
  CC      drivers/acpi/acpica/nsrepair.o
  CC [M]  fs/btrfs/transaction.o
  CC      drivers/acpi/apei/hest.o
  CC      kernel/utsname.o
  CC      drivers/acpi/acpica/nsrepair2.o
  CC      kernel/user_namespace.o
  CC [M]  fs/xfs/libxfs/xfs_bit.o
  CC      net/ethtool/pause.o
  AR      drivers/amba/built-in.a
  CC      net/ethtool/eee.o
  CC      drivers/acpi/apei/erst.o
  CC      drivers/acpi/acpica/nssearch.o
  CC      drivers/acpi/acpica/nsutils.o
  CC [M]  fs/xfs/libxfs/xfs_bmap.o
  CC [M]  net/netfilter/nf_conntrack_standalone.o
  CC [M]  fs/btrfs/inode.o
  CC      kernel/pid_namespace.o
  CC      net/ethtool/tsinfo.o
  CC      fs/file_table.o
  CC      drivers/acpi/acpica/nswalk.o
  CC      drivers/acpi/apei/bert.o
  CC      drivers/acpi/acpica/nsxfeval.o
  CC      drivers/acpi/apei/ghes.o
  CC      kernel/stop_machine.o
  CC      drivers/acpi/acpica/nsxfname.o
  AR      drivers/clk/actions/built-in.a
  AR      drivers/clk/analogbits/built-in.a
  AR      drivers/clk/bcm/built-in.a
  AR      drivers/clk/imgtec/built-in.a
  AR      drivers/clk/imx/built-in.a
  AR      drivers/clk/ingenic/built-in.a
  AR      drivers/clk/mediatek/built-in.a
  CC      net/ethtool/cabletest.o
  AR      drivers/clk/microchip/built-in.a
  CC [M]  net/netfilter/nf_conntrack_expect.o
  AR      drivers/clk/mstar/built-in.a
  AR      drivers/clk/mvebu/built-in.a
  AR      drivers/clk/ralink/built-in.a
  AR      drivers/clk/renesas/built-in.a
  AR      drivers/clk/socfpga/built-in.a
  AR      drivers/clk/sophgo/built-in.a
  AR      drivers/clk/sprd/built-in.a
  AR      drivers/clk/starfive/built-in.a
  AR      drivers/clk/sunxi-ng/built-in.a
  AR      drivers/clk/ti/built-in.a
  AR      drivers/clk/versatile/built-in.a
  CC      drivers/clk/x86/clk-fch.o
  CC      drivers/acpi/acpica/nsxfobj.o
  CC      kernel/audit.o
  AR      drivers/acpi/apei/built-in.a
  AR      drivers/clk/xilinx/built-in.a
  CC      drivers/acpi/acpica/psargs.o
  CC      drivers/clk/x86/clk-lpss-atom.o
  CC [M]  fs/btrfs/file.o
  CC      net/ethtool/tunnels.o
  CC      drivers/acpi/acpica/psloop.o
  CC      drivers/clk/x86/clk-pmc-atom.o
  CC [M]  net/netfilter/nf_conntrack_helper.o
  CC      drivers/acpi/acpica/psobject.o
  AR      drivers/clk/x86/built-in.a
  CC      drivers/clk/clk-devres.o
  CC [M]  fs/xfs/libxfs/xfs_bmap_btree.o
  CC      drivers/acpi/acpica/psopcode.o
  CC      net/ethtool/fec.o
  CC      kernel/auditfilter.o
  CC [M]  net/netfilter/nf_conntrack_proto.o
  CC      drivers/acpi/acpica/psopinfo.o
  AR      net/ipv4/netfilter/built-in.a
  CC [M]  net/ipv4/netfilter/nf_defrag_ipv4.o
  CC      drivers/clk/clk-bulk.o
  CC [M]  fs/btrfs/defrag.o
  CC      drivers/acpi/acpica/psparse.o
  CC      net/ethtool/eeprom.o
  CC      drivers/clk/clkdev.o
  CC      drivers/acpi/acpica/psscope.o
  CC      kernel/auditsc.o
  CC [M]  net/ipv4/netfilter/ip_tables.o
  CC      drivers/acpi/acpica/pstree.o
  CC [M]  net/netfilter/nf_conntrack_proto_generic.o
  CC      drivers/clk/clk.o
  CC [M]  fs/xfs/libxfs/xfs_btree.o
  CC      drivers/acpi/acpica/psutils.o
  CC [M]  fs/btrfs/extent_map.o
  CC      net/ethtool/stats.o
  CC      drivers/acpi/acpica/pswalk.o
  CC [M]  net/netfilter/nf_conntrack_proto_tcp.o
  CC      drivers/acpi/acpica/psxface.o
  CC      kernel/audit_watch.o
  CC      drivers/acpi/acpica/rsaddr.o
  CC      net/ipv4/route.o
  CC      net/ethtool/phc_vclocks.o
  CC [M]  fs/btrfs/sysfs.o
  CC      drivers/acpi/acpica/rscalc.o
  CC      kernel/audit_fsnotify.o
  CC      drivers/acpi/acpica/rscreate.o
  CC      net/ethtool/mm.o
  CC [M]  net/netfilter/nf_conntrack_proto_udp.o
  CC      drivers/clk/clk-divider.o
  CC      drivers/acpi/acpica/rsdumpinfo.o
  CC      kernel/audit_tree.o
  CC      drivers/acpi/acpica/rsinfo.o
  CC      net/ethtool/module.o
  CC      drivers/clk/clk-fixed-factor.o
  CC [M]  fs/btrfs/accessors.o
  CC [M]  fs/xfs/libxfs/xfs_btree_staging.o
  CC      drivers/acpi/acpica/rsio.o
  CC [M]  net/netfilter/nf_conntrack_proto_icmp.o
  CC      drivers/acpi/acpica/rsirq.o
  CC      drivers/clk/clk-fixed-rate.o
  CC      net/ipv4/inetpeer.o
  CC      kernel/kprobes.o
  CC      drivers/acpi/acpica/rslist.o
  CC [M]  fs/btrfs/xattr.o
  CC      net/ethtool/cmis_fw_update.o
  CC      drivers/clk/clk-gate.o
  CC      drivers/acpi/acpica/rsmemory.o
  CC [M]  net/netfilter/nf_conntrack_extend.o
  CC      net/ipv4/protocol.o
  CC      drivers/acpi/acpica/rsmisc.o
  CC      drivers/clk/clk-multiplier.o
  CC [M]  fs/xfs/libxfs/xfs_da_btree.o
  CC      drivers/acpi/acpica/rsserial.o
  CC      net/ethtool/cmis_cdb.o
  CC [M]  fs/btrfs/ordered-data.o
  CC      drivers/clk/clk-mux.o
  CC      kernel/hung_task.o
  CC      drivers/acpi/acpica/rsutils.o
  CC      net/ipv4/ip_input.o
  CC [M]  net/netfilter/nf_conntrack_acct.o
  CC      drivers/clk/clk-composite.o
  CC      drivers/acpi/acpica/rsxface.o
  CC      kernel/watchdog.o
  CC      net/ethtool/pse-pd.o
  CC [M]  net/netfilter/nf_conntrack_seqadj.o
  CC      drivers/acpi/acpica/tbdata.o
  CC      drivers/clk/clk-fractional-divider.o
  CC [M]  fs/btrfs/extent_io.o
  CC      net/ipv4/ip_fragment.o
  CC      kernel/watchdog_perf.o
  CC      drivers/acpi/acpica/tbfadt.o
  CC      drivers/clk/clk-gpio.o
  CC      net/ethtool/plca.o
  CC      drivers/acpi/acpica/tbfind.o
  CC [M]  fs/xfs/libxfs/xfs_defer.o
  CC [M]  net/netfilter/nf_conntrack_proto_icmpv6.o
  CC      kernel/seccomp.o
  CC      drivers/acpi/acpica/tbinstal.o
  AR      drivers/clk/built-in.a
  CC      net/ethtool/phy.o
  CC      net/ipv4/ip_forward.o
  CC      net/ethtool/tsconfig.o
  CC      drivers/acpi/acpica/tbprint.o
  CC      drivers/acpi/acpica/tbutils.o
  CC [M]  net/netfilter/nf_conntrack_timeout.o
  CC      drivers/acpi/acpica/tbxface.o
  CC [M]  fs/btrfs/volumes.o
  CC      net/ipv4/ip_options.o
  AR      net/ethtool/built-in.a
  CC [M]  fs/xfs/libxfs/xfs_dir2.o
  CC      kernel/relay.o
  CC      drivers/dma/hsu/hsu.o
  CC      drivers/acpi/acpica/tbxfload.o
  AR      drivers/dma/idxd/built-in.a
  AR      drivers/soc/apple/built-in.a
  AR      drivers/soc/aspeed/built-in.a
  AR      drivers/soc/bcm/built-in.a
  CC      drivers/acpi/acpica/tbxfroot.o
  AR      drivers/soc/fsl/built-in.a
  AR      drivers/soc/fujitsu/built-in.a
  AR      drivers/soc/hisilicon/built-in.a
  AR      drivers/soc/imx/built-in.a
  AR      drivers/soc/ixp4xx/built-in.a
  AR      drivers/soc/loongson/built-in.a
  CC [M]  net/netfilter/nf_conntrack_timestamp.o
  AR      drivers/soc/mediatek/built-in.a
  AR      drivers/soc/microchip/built-in.a
  AR      drivers/soc/nuvoton/built-in.a
  AR      drivers/soc/pxa/built-in.a
  AR      drivers/soc/amlogic/built-in.a
  AR      drivers/soc/qcom/built-in.a
  AR      drivers/soc/renesas/built-in.a
  AR      drivers/soc/rockchip/built-in.a
  AR      drivers/soc/sunxi/built-in.a
  AR      drivers/soc/ti/built-in.a
  AR      drivers/soc/versatile/built-in.a
  AR      drivers/soc/xilinx/built-in.a
  AR      drivers/soc/built-in.a
  CC      drivers/acpi/acpica/utaddress.o
  CC      drivers/dma/sh/shdma-base.o
  CC      kernel/utsname_sysctl.o
  AR      drivers/dma/hsu/built-in.a
  CC      drivers/acpi/pmic/intel_pmic.o
  CC      net/ipv4/ip_output.o
  CC      kernel/delayacct.o
  CC      drivers/acpi/acpica/utalloc.o
  CC      drivers/acpi/pmic/intel_pmic_bytcrc.o
  CC      drivers/acpi/acpica/utascii.o
  CC [M]  net/netfilter/nf_conntrack_ecache.o
  AR      drivers/dma/sh/built-in.a
  CC      drivers/dma/lgm/lgm-dma.o
  CC      kernel/taskstats.o
  CC [M]  fs/xfs/libxfs/xfs_dir2_block.o
  CC      drivers/acpi/acpica/utbuffer.o
  CC      drivers/acpi/pmic/intel_pmic_chtcrc.o
  CC      drivers/acpi/acpica/utcksum.o
  CC      kernel/tsacct.o
  CC      drivers/acpi/acpica/utcopy.o
  CC      drivers/acpi/pmic/intel_pmic_chtwc.o
  CC [M]  net/netfilter/nf_conntrack_labels.o
  AR      drivers/dma/lgm/built-in.a
  AR      drivers/dma/amd/built-in.a
  AR      drivers/dma/mediatek/built-in.a
  AR      drivers/dma/qcom/built-in.a
  AR      drivers/dma/stm32/built-in.a
  CC      drivers/dma/ti/edma.o
  CC      net/ipv4/ip_sockglue.o
  CC [M]  fs/btrfs/async-thread.o
  CC      drivers/acpi/acpica/utexcep.o
  AR      drivers/acpi/pmic/built-in.a
  CC      drivers/acpi/dptf/int340x_thermal.o
  CC      kernel/tracepoint.o
  CC      drivers/acpi/acpica/utdebug.o
  CC [M]  net/netfilter/nf_conntrack_proto_dccp.o
  AR      drivers/acpi/dptf/built-in.a
  CC      fs/super.o
  CC      drivers/acpi/acpica/utdecode.o
  CC [M]  fs/xfs/libxfs/xfs_dir2_data.o
  CC [M]  fs/btrfs/ioctl.o
  CC      kernel/latencytop.o
  CC      drivers/dma/ti/omap-dma.o
  CC      drivers/acpi/acpica/utdelete.o
  CC      kernel/irq_work.o
  CC      net/ipv4/inet_hashtables.o
  CC [M]  net/netfilter/nf_conntrack_proto_sctp.o
  CC      drivers/acpi/acpica/uterror.o
  CC      drivers/dma/ti/dma-crossbar.o
  CC [M]  fs/xfs/libxfs/xfs_dir2_leaf.o
  CC [M]  fs/xfs/libxfs/xfs_dir2_node.o
  CC      drivers/acpi/acpica/uteval.o
  CC      kernel/static_call.o
  AR      drivers/dma/ti/built-in.a
  AR      drivers/dma/xilinx/built-in.a
  CC [M]  drivers/dma/dw/core.o
  CC      drivers/acpi/acpica/utglobal.o
  CC      kernel/static_call_inline.o
  CC [M]  net/netfilter/nf_nat_core.o
  CC      drivers/acpi/acpica/uthex.o
  CC      net/ipv4/inet_timewait_sock.o
  CC      drivers/acpi/acpica/utids.o
  CC [M]  fs/btrfs/locking.o
  CC [M]  drivers/dma/dw/dw.o
  CC      kernel/user-return-notifier.o
  CC      drivers/acpi/acpica/utinit.o
  CC      kernel/padata.o
  CC [M]  fs/xfs/libxfs/xfs_dir2_sf.o
  CC [M]  drivers/dma/dw/idma32.o
  CC      drivers/acpi/acpica/utlock.o
  CC      net/ipv4/inet_connection_sock.o
  CC      net/unix/af_unix.o
  CC [M]  net/netfilter/nf_nat_proto.o
  CC [M]  fs/btrfs/orphan.o
  CC      drivers/acpi/acpica/utmath.o
  CC      kernel/jump_label.o
  CC [M]  drivers/dma/dw/acpi.o
  CC      drivers/acpi/acpica/utmisc.o
  CC [M]  fs/btrfs/export.o
  CC      drivers/acpi/acpica/utmutex.o
  CC      kernel/context_tracking.o
  CC [M]  drivers/dma/dw/platform.o
  CC [M]  net/netfilter/nf_nat_helper.o
  CC      drivers/acpi/acpica/utnonansi.o
  CC      net/ipv4/tcp.o
  CC [M]  fs/btrfs/tree-log.o
  LD [M]  drivers/dma/dw/dw_dmac_core.o
  LD [M]  drivers/dma/dw/dw_dmac.o
  CC      drivers/dma/dmaengine.o
  CC      drivers/acpi/acpica/utobject.o
  CC      net/unix/garbage.o
  CC      kernel/iomem.o
  CC [M]  fs/xfs/libxfs/xfs_dquot_buf.o
  CC      drivers/acpi/acpica/utosi.o
  CC [M]  net/netfilter/nf_nat_masquerade.o
  CC      kernel/rseq.o
  CC [M]  fs/xfs/libxfs/xfs_exchmaps.o
  CC      drivers/acpi/acpica/utownerid.o
  CC      drivers/dma/virt-dma.o
  CC      net/unix/sysctl_net_unix.o
  CC      drivers/acpi/acpica/utpredef.o
  CC      drivers/dma/acpi-dma.o
  CC      drivers/acpi/acpica/utresdecode.o
  CC      kernel/watch_queue.o
  CC [M]  net/netfilter/nf_tables_core.o
  CC      drivers/acpi/acpica/utresrc.o
  CC      net/unix/unix_bpf.o
  AR      drivers/dma/built-in.a
  CC      drivers/acpi/x86/apple.o
  CC      drivers/acpi/acpica/utstate.o
  CC [M]  fs/btrfs/free-space-cache.o
  UPD     kernel/config_data
  GZIP    kernel/config_data.gz
  AR      kernel/built-in.a
  CC      net/ipv4/tcp_input.o
  CC [M]  kernel/configs.o
  CC      drivers/acpi/acpica/utstring.o
  CC [M]  net/netfilter/nf_tables_api.o
  CC      drivers/acpi/x86/cmos_rtc.o
  CC [M]  fs/xfs/libxfs/xfs_ialloc.o
  CC      drivers/acpi/acpica/utstrsuppt.o
  AR      net/unix/built-in.a
  CC [M]  net/netfilter/nft_chain_filter.o
  AR      net/ipv6/netfilter/built-in.a
  CC [M]  net/ipv6/netfilter/nf_defrag_ipv6_hooks.o
  CC      drivers/acpi/acpica/utstrtoul64.o
  CC      drivers/acpi/x86/lpss.o
  CC      drivers/acpi/acpica/utxface.o
  CC [M]  net/ipv6/netfilter/nf_conntrack_reasm.o
  CC      drivers/acpi/x86/s2idle.o
  CC      drivers/acpi/acpica/utxfinit.o
  CC [M]  fs/btrfs/zlib.o
  CC      net/ipv4/tcp_output.o
  CC      drivers/acpi/acpica/utxferror.o
  CC      drivers/acpi/acpica/utxfmutex.o
  CC      drivers/acpi/x86/utils.o
  CC [M]  fs/btrfs/lzo.o
  CC      drivers/acpi/acpica/dbcmds.o
  LD [M]  net/ipv6/netfilter/nf_defrag_ipv6.o
  CC      net/ipv6/af_inet6.o
  CC [M]  fs/xfs/libxfs/xfs_ialloc_btree.o
  CC      fs/char_dev.o
  CC      drivers/acpi/x86/blacklist.o
  CC      drivers/acpi/acpica/dbconvert.o
  CC [M]  fs/btrfs/zstd.o
  CC      drivers/acpi/acpica/dbdisply.o
  AR      drivers/acpi/x86/built-in.a
  CC      drivers/virtio/virtio.o
  CC      drivers/acpi/acpica/dbexec.o
  CC      fs/stat.o
  CC      net/ipv6/anycast.o
  CC      drivers/acpi/acpica/dbhistry.o
  CC      net/ipv4/tcp_timer.o
  CC      drivers/virtio/virtio_ring.o
  CC [M]  fs/btrfs/compression.o
  CC [M]  fs/xfs/libxfs/xfs_iext_tree.o
  CC      drivers/acpi/acpica/dbinput.o
  CC [M]  net/netfilter/nf_tables_trace.o
  CC      drivers/acpi/acpica/dbmethod.o
  CC      net/ipv6/ip6_output.o
  CC      net/packet/af_packet.o
  CC      drivers/acpi/acpica/dbnames.o
  CC      net/ipv4/tcp_ipv4.o
  CC [M]  fs/btrfs/delayed-ref.o
  CC      drivers/acpi/acpica/dbobject.o
  CC      drivers/virtio/virtio_anchor.o
  CC [M]  net/netfilter/nft_immediate.o
  CC      drivers/acpi/acpica/dbstats.o
  CC      drivers/virtio/virtio_pci_modern_dev.o
  CC      drivers/acpi/acpica/dbutils.o
  CC [M]  fs/xfs/libxfs/xfs_inode_fork.o
  CC [M]  net/netfilter/nft_cmp.o
  CC      drivers/acpi/acpica/dbxface.o
  CC [M]  fs/btrfs/relocation.o
  CC      drivers/virtio/virtio_pci_legacy_dev.o
  CC      net/ipv6/ip6_input.o
  CC      drivers/acpi/acpica/rsdump.o
  AR      net/packet/built-in.a
  AR      net/dsa/built-in.a
  CC [M]  fs/xfs/libxfs/xfs_inode_buf.o
  AR      drivers/acpi/acpica/built-in.a
  CC      drivers/acpi/tables.o
  CC      net/ipv4/tcp_minisocks.o
  CC      drivers/virtio/virtio_mmio.o
  CC [M]  net/netfilter/nft_range.o
  CC      net/ipv4/tcp_cong.o
  CC      net/ipv6/addrconf.o
  CC [M]  fs/xfs/libxfs/xfs_inode_util.o
  CC      drivers/acpi/osi.o
  CC      drivers/virtio/virtio_pci_modern.o
  CC [M]  net/netfilter/nft_bitwise.o
  CC [M]  fs/btrfs/delayed-inode.o
  CC      drivers/xen/events/events_base.o
  CC      drivers/acpi/osl.o
  CC      drivers/virtio/virtio_pci_common.o
  CC      net/ipv4/tcp_metrics.o
  CC [M]  net/netfilter/nft_byteorder.o
  CC      drivers/virtio/virtio_pci_legacy.o
  CC      drivers/acpi/utils.o
  CC [M]  fs/xfs/libxfs/xfs_log_rlimit.o
  CC      drivers/xen/events/events_2l.o
  CC [M]  fs/btrfs/scrub.o
  CC [M]  net/netfilter/nft_payload.o
  CC      drivers/virtio/virtio_pci_admin_legacy_io.o
  CC      net/ipv4/tcp_fastopen.o
  CC      drivers/acpi/reboot.o
  CC      drivers/xen/events/events_fifo.o
  CC      drivers/virtio/virtio_balloon.o
  CC      net/ipv6/addrlabel.o
  CC [M]  net/netfilter/nft_lookup.o
  CC      drivers/acpi/nvs.o
  AR      drivers/xen/events/built-in.a
  CC      drivers/xen/xenbus/xenbus_client.o
  CC [M]  fs/xfs/libxfs/xfs_metadir.o
  AR      drivers/virtio/built-in.a
  CC      net/ipv4/tcp_rate.o
  CC      drivers/acpi/wakeup.o
  CC      net/ipv6/route.o
  CC [M]  net/netfilter/nft_dynset.o
  CC [M]  fs/btrfs/backref.o
  CC      fs/exec.o
  CC      drivers/acpi/sleep.o
  CC      drivers/xen/xenbus/xenbus_comms.o
  CC      net/ipv4/tcp_recovery.o
  CC [M]  net/netfilter/nft_meta.o
  CC      drivers/xen/xenbus/xenbus_xs.o
  CC      drivers/acpi/device_sysfs.o
  CC [M]  fs/xfs/libxfs/xfs_metafile.o
  CC      net/ipv6/ip6_fib.o
  CC [M]  fs/btrfs/ulist.o
  CC      net/ipv4/tcp_ulp.o
  CC      drivers/acpi/device_pm.o
  CC [M]  net/netfilter/nft_rt.o
  CC      drivers/xen/xenbus/xenbus_probe.o
  CC [M]  fs/btrfs/qgroup.o
  CC      net/ipv4/tcp_offload.o
  CC      drivers/acpi/proc.o
  CC [M]  fs/xfs/libxfs/xfs_parent.o
  CC      drivers/xen/xenbus/xenbus_probe_backend.o
  CC [M]  net/netfilter/nft_exthdr.o
  CC      net/ipv6/ipv6_sockglue.o
  CC      drivers/xen/cpu_hotplug.o
  CC      drivers/acpi/bus.o
  CC      drivers/xen/xenbus/xenbus_dev_frontend.o
  CC      net/strparser/strparser.o
  CC      net/ipv4/tcp_plb.o
  CC [M]  fs/btrfs/send.o
  CC [M]  net/netfilter/nft_last.o
  CC      drivers/xen/xenbus/xenbus_dev_backend.o
  CC      drivers/acpi/glue.o
  CC [M]  fs/xfs/libxfs/xfs_rmap.o
  CC      net/ipv6/ndisc.o
  AR      net/strparser/built-in.a
  CC [M]  net/netfilter/nft_counter.o
  CC      net/ipv4/datagram.o
  CC      drivers/xen/xenbus/xenbus_probe_frontend.o
  AR      net/wireless/tests/built-in.a
  CC      net/wireless/wext-core.o
  CC      drivers/acpi/scan.o
  CC [M]  net/netfilter/nft_objref.o
  AR      drivers/xen/xenbus/built-in.a
  CC      drivers/xen/grant-table.o
  CC      net/ipv4/raw.o
  CC      net/wireless/wext-proc.o
  CC      net/ipv6/udp.o
  CC      drivers/acpi/mipi-disco-img.o
  CC [M]  net/netfilter/nft_inner.o
  CC      drivers/xen/features.o
  CC [M]  fs/xfs/libxfs/xfs_rmap_btree.o
  CC [M]  net/wireless/core.o
  CC      drivers/acpi/resource.o
  CC      net/ipv4/udp.o
  CC [M]  fs/btrfs/dev-replace.o
  CC      drivers/xen/balloon.o
  CC [M]  net/netfilter/nft_chain_route.o
  CC      drivers/acpi/acpi_processor.o
  CC      net/ipv6/udplite.o
  CC [M]  fs/btrfs/raid56.o
  CC      drivers/xen/manage.o
  CC [M]  net/netfilter/nf_tables_offload.o
  CC [M]  fs/xfs/libxfs/xfs_refcount.o
  CC [M]  net/wireless/sysfs.o
  CC      drivers/acpi/processor_core.o
  CC      drivers/xen/time.o
  CC      net/ipv6/raw.o
  CC      drivers/acpi/processor_pdc.o
  CC      net/ipv4/udplite.o
  CC      drivers/xen/mem-reservation.o
  CC [M]  net/netfilter/nft_set_hash.o
  CC      drivers/acpi/ec.o
  CC [M]  fs/btrfs/uuid-tree.o
  CC [M]  net/wireless/radiotap.o
  CC      drivers/xen/pci.o
  CC      net/ipv4/udp_offload.o
  CC      net/ipv6/icmp.o
  CC [M]  fs/btrfs/props.o
  CC [M]  fs/xfs/libxfs/xfs_refcount_btree.o
  CC [M]  net/wireless/util.o
  CC      drivers/acpi/dock.o
  CC [M]  net/netfilter/nft_set_bitmap.o
  CC      drivers/xen/dbgp.o
  CC      drivers/acpi/pci_root.o
  CC      net/ipv4/arp.o
  CC      drivers/xen/acpi.o
  CC [M]  fs/btrfs/free-space-tree.o
  CC [M]  net/netfilter/nft_set_rbtree.o
  CC      net/ipv6/mcast.o
  CC      drivers/xen/xen-acpi-pad.o
  CC      drivers/acpi/pci_link.o
  CC [M]  fs/xfs/libxfs/xfs_rtrefcount_btree.o
  CC [M]  fs/btrfs/tree-checker.o
  CC [M]  net/netfilter/nft_set_pipapo.o
  CC      drivers/xen/pcpu.o
  CC      drivers/acpi/pci_irq.o
  CC      net/ipv4/icmp.o
  CC [M]  net/wireless/reg.o
  CC      drivers/xen/biomerge.o
  CC      drivers/acpi/acpi_apd.o
  CC      net/ipv6/reassembly.o
  CC [M]  fs/btrfs/space-info.o
  CC      drivers/xen/xen-balloon.o
  CC      drivers/acpi/acpi_platform.o
  CC [M]  fs/xfs/libxfs/xfs_rtrmap_btree.o
  CC [M]  net/netfilter/nft_set_pipapo_avx2.o
  CC      net/ipv4/devinet.o
  CC      drivers/xen/sys-hypervisor.o
  CC      net/ipv6/tcp_ipv6.o
  CC      drivers/acpi/acpi_pnp.o
  CC [M]  fs/btrfs/block-rsv.o
  CC [M]  net/wireless/scan.o
  CC      drivers/acpi/power.o
  CC [M]  net/netfilter/nft_compat.o
  CC      drivers/xen/platform-pci.o
  CC [M]  fs/xfs/libxfs/xfs_sb.o
  CC      net/ipv4/af_inet.o
  CC      drivers/acpi/event.o
  CC [M]  fs/btrfs/delalloc-space.o
  CC      drivers/xen/swiotlb-xen.o
  CC [M]  net/netfilter/nft_nat.o
  CC      net/ipv6/ping.o
  CC      drivers/acpi/evged.o
  CC [M]  fs/xfs/libxfs/xfs_symlink_remote.o
  CC      drivers/xen/mcelog.o
  CC [M]  fs/btrfs/block-group.o
  CC      drivers/acpi/sysfs.o
  CC      net/ipv4/igmp.o
  CC [M]  net/netfilter/nft_chain_nat.o
  CC [M]  net/wireless/nl80211.o
  CC      net/ipv6/exthdrs.o
  CC      drivers/xen/xen-acpi-processor.o
  CC [M]  fs/xfs/libxfs/xfs_trans_inode.o
  CC      drivers/acpi/property.o
  CC [M]  fs/xfs/libxfs/xfs_trans_resv.o
  CC      drivers/xen/efi.o
  CC [M]  net/netfilter/x_tables.o
  CC      net/ipv6/datagram.o
  CC [M]  fs/btrfs/discard.o
  CC      drivers/xen/xlate_mmu.o
  CC      drivers/acpi/debugfs.o
  CC [M]  fs/xfs/libxfs/xfs_trans_space.o
  CC      net/ipv4/fib_frontend.o
  CC      drivers/acpi/acpi_lpat.o
  CC      drivers/xen/unpopulated-alloc.o
  CC [M]  fs/btrfs/reflink.o
  CC [M]  fs/xfs/libxfs/xfs_types.o
  CC      net/ipv6/ip6_flowlabel.o
  CC      drivers/acpi/acpi_fpdt.o
  CC [M]  net/netfilter/xt_tcpudp.o
  CC      drivers/xen/grant-dma-ops.o
  CC      net/ipv4/fib_semantics.o
  CC [M]  fs/xfs/libxfs/xfs_rtbitmap.o
  CC      drivers/acpi/acpi_lpit.o
  CC [M]  fs/btrfs/subpage.o
  AR      drivers/xen/built-in.a
  CC [M]  net/netfilter/xt_mark.o
  CC      net/ipv6/inet6_connection_sock.o
  CC      drivers/acpi/prmt.o
  CC [M]  fs/btrfs/tree-mod-log.o
  CC [M]  net/netfilter/xt_MASQUERADE.o
  CC [M]  fs/xfs/libxfs/xfs_rtgroup.o
  CC [M]  fs/btrfs/extent-io-tree.o
  CC      drivers/acpi/acpi_pcc.o
  CC      net/ipv6/udp_offload.o
  CC [M]  fs/xfs/xfs_aops.o
  CC      net/ipv4/fib_trie.o
  CC      drivers/acpi/acpi_ffh.o
  LD [M]  net/netfilter/nf_conntrack.o
  LD [M]  net/netfilter/nf_nat.o
  LD [M]  net/netfilter/nf_tables.o
  AR      net/netfilter/built-in.a
  CC      net/netlabel/netlabel_user.o
  CC      drivers/acpi/ac.o
  CC      net/ipv6/seg6.o
  CC [M]  fs/btrfs/fs.o
  CC      net/netlabel/netlabel_kapi.o
  CC      drivers/regulator/core.o
  CC      drivers/acpi/button.o
  CC [M]  fs/xfs/xfs_attr_inactive.o
  CC [M]  fs/btrfs/messages.o
  CC      net/ipv6/fib6_notifier.o
  CC      net/ipv4/fib_notifier.o
  CC      drivers/acpi/fan_core.o
  CC [M]  fs/xfs/xfs_attr_list.o
  CC [M]  fs/btrfs/bio.o
  CC      net/netlabel/netlabel_domainhash.o
  CC      net/ipv6/rpl.o
  CC      net/ipv4/inet_fragment.o
  CC      drivers/acpi/fan_attr.o
  CC      drivers/acpi/fan_hwmon.o
  CC [M]  fs/btrfs/lru_cache.o
  CC      net/netlabel/netlabel_addrlist.o
  CC      net/ipv6/ioam6.o
  CC [M]  fs/btrfs/raid-stripe-tree.o
  CC      drivers/acpi/pci_slot.o
  CC      drivers/regulator/dummy.o
  CC      net/ipv4/ping.o
  CC [M]  fs/xfs/xfs_bmap_util.o
  CC [M]  net/wireless/mlme.o
  CC      net/netlabel/netlabel_mgmt.o
  CC      drivers/acpi/processor_driver.o
  CC      drivers/regulator/fixed-helper.o
  CC [M]  fs/btrfs/fiemap.o
  CC      net/ipv6/sysctl_net_ipv6.o
  CC      drivers/acpi/processor_thermal.o
  CC      drivers/regulator/helpers.o
  CC      net/ipv4/ip_tunnel_core.o
  CC      net/netlabel/netlabel_unlabeled.o
  CC      drivers/acpi/processor_idle.o
  CC      net/ipv6/ip6mr.o
  CC [M]  fs/btrfs/direct-io.o
  CC [M]  net/wireless/ibss.o
  CC      drivers/regulator/devres.o
  CC [M]  fs/xfs/xfs_bio_io.o
  CC      net/ipv4/gre_offload.o
  CC      net/netlabel/netlabel_cipso_v4.o
  CC      drivers/regulator/irq_helpers.o
  CC [M]  fs/xfs/xfs_buf.o
  CC [M]  fs/btrfs/acl.o
  CC      drivers/acpi/processor_throttling.o
  CC [M]  net/wireless/sme.o
  CC      drivers/regulator/event.o
  CC [M]  fs/btrfs/zoned.o
  CC      net/ipv6/netfilter.o
  CC      net/ipv4/metrics.o
  CC      net/netlabel/netlabel_calipso.o
  CC      drivers/acpi/processor_perflib.o
  AR      drivers/regulator/built-in.a
  CC      fs/pipe.o
  AR      net/netlabel/built-in.a
  CC [M]  fs/xfs/xfs_dahash_test.o
  CC      drivers/acpi/container.o
  CC      net/ipv6/fib6_rules.o
  CC      net/ipv4/netlink.o
  CC [M]  fs/btrfs/verity.o
  CC      drivers/acpi/thermal_lib.o
  CC [M]  net/wireless/chan.o
  CC [M]  net/wireless/ethtool.o
  CC      drivers/acpi/thermal.o
  CC [M]  fs/xfs/xfs_dir2_readdir.o
  CC      net/ipv4/nexthop.o
  CC [M]  net/wireless/mesh.o
  CC      net/ipv6/proc.o
  LD [M]  fs/btrfs/btrfs.o
  CC      drivers/acpi/nhlt.o
  CC      fs/namei.o
  CC [M]  net/wireless/ap.o
  CC      fs/fcntl.o
  CC      drivers/acpi/acpi_memhotplug.o
  CC      net/ipv6/syncookies.o
  CC [M]  net/wireless/trace.o
  CC [M]  fs/xfs/xfs_discard.o
  CC      drivers/acpi/ioapic.o
  CC      net/ipv4/udp_tunnel_stub.o
  AR      drivers/reset/amlogic/built-in.a
  CC      drivers/acpi/battery.o
  AR      drivers/reset/hisilicon/built-in.a
  AR      drivers/reset/starfive/built-in.a
  AR      drivers/reset/sti/built-in.a
  AR      drivers/reset/tegra/built-in.a
  CC      drivers/reset/core.o
  CC      net/ipv6/calipso.o
  CC      drivers/tty/vt/vt_ioctl.o
  CC      net/ipv4/sysctl_net_ipv4.o
  CC      drivers/reset/reset-raspberrypi.o
  CC      drivers/acpi/hed.o
  CC      net/ipv6/seg6_iptunnel.o
  CC      drivers/tty/vt/vc_screen.o
  CC      drivers/reset/reset-simple.o
  CC      drivers/acpi/bgrt.o
  CC [M]  fs/xfs/xfs_error.o
  CC      drivers/char/hw_random/core.o
  CC      net/ipv4/proc.o
  CC      drivers/acpi/cppc_acpi.o
  AR      drivers/reset/built-in.a
  CC      fs/ioctl.o
  CC [M]  fs/xfs/xfs_exchrange.o
  CC      drivers/tty/vt/selection.o
  CC      net/ipv6/seg6_local.o
  CC      drivers/char/hw_random/airoha-trng.o
  CC      drivers/tty/vt/keyboard.o
  CC      drivers/tty/vt/vt.o
  CC      net/ipv4/fib_rules.o
  CC      drivers/char/hw_random/atmel-rng.o
  CC      drivers/acpi/spcr.o
  CC      drivers/char/hw_random/geode-rng.o
  CC      drivers/acpi/acpi_dbg.o
  CC      net/ipv6/seg6_hmac.o
  CC      drivers/tty/hvc/hvc_console.o
  CC [M]  fs/xfs/xfs_export.o
  CC      drivers/char/hw_random/ixp4xx-rng.o
  CC      net/ipv4/ipmr.o
  CC      drivers/acpi/viot.o
  CC      drivers/char/hw_random/omap-rng.o
  CC      drivers/tty/hvc/hvc_irq.o
  CC [M]  fs/xfs/xfs_extent_busy.o
  COPY    drivers/tty/vt/defkeymap.c
  CC      drivers/tty/vt/consolemap.o
  CC      net/ipv6/ioam6_iptunnel.o
  CC [M]  drivers/acpi/acpi_video.o
  CC      drivers/char/hw_random/omap3-rom-rng.o
  CC      drivers/tty/hvc/hvc_xen.o
  HOSTCC  drivers/tty/vt/conmakehash
  CC      drivers/char/hw_random/mxc-rnga.o
  CC      drivers/tty/vt/defkeymap.o
  AR      drivers/tty/hvc/built-in.a
  CC      net/ipv4/ipmr_base.o
  CONMK   drivers/tty/vt/consolemap_deftbl.c
  CC      drivers/tty/vt/consolemap_deftbl.o
  AR      drivers/tty/vt/built-in.a
  CC      net/ipv6/addrconf_core.o
  CC      drivers/tty/serial/8250/8250_core.o
  CC      drivers/iommu/amd/iommu.o
  CC [M]  drivers/acpi/video_detect.o
  CC      drivers/char/hw_random/imx-rngc.o
  CC [M]  fs/xfs/xfs_file.o
  CC      drivers/char/hw_random/ingenic-rng.o
  CC      drivers/tty/serial/8250/8250_platform.o
  CC      net/ipv6/exthdrs_core.o
  AR      drivers/acpi/built-in.a
  LD [M]  drivers/acpi/video.o
  CC      net/ipv4/syncookies.o
  CC      drivers/char/agp/backend.o
  CC      drivers/char/hw_random/ingenic-trng.o
  CC      drivers/tty/serial/8250/8250_pnp.o
  CC      drivers/char/agp/generic.o
  CC      net/ipv6/ip6_checksum.o
  CC      drivers/char/hw_random/nomadik-rng.o
  CC      drivers/iommu/amd/init.o
  CC      drivers/tty/serial/8250/8250_rsa.o
  CC      net/ipv4/netfilter.o
  CC      drivers/char/hw_random/hisi-rng.o
  CC      net/ipv6/ip6_icmp.o
  CC [M]  fs/xfs/xfs_filestream.o
  CC      drivers/char/agp/isoch.o
  CC      drivers/tty/serial/8250/8250_port.o
  CC      drivers/char/hw_random/bcm2835-rng.o
  CC      net/ipv4/tcp_cubic.o
  CC      drivers/char/agp/amd64-agp.o
  CC      net/ipv6/output_core.o
  CC [M]  net/wireless/ocb.o
  CC      drivers/char/hw_random/bcm74110-rng.o
  CC      drivers/iommu/amd/quirks.o
  CC      drivers/char/agp/intel-agp.o
  CC      drivers/char/hw_random/iproc-rng200.o
  CC      net/ipv4/tcp_sigpool.o
  CC [M]  fs/xfs/xfs_fsmap.o
  CC      drivers/tty/serial/8250/8250_dma.o
  CC      net/ipv6/protocol.o
  CC      drivers/iommu/amd/io_pgtable.o
  CC      drivers/char/hw_random/xgene-rng.o
  CC [M]  net/wireless/pmsr.o
  CC      drivers/char/agp/intel-gtt.o
  CC      drivers/tty/serial/8250/8250_fintek.o
  CC      net/ipv6/ip6_offload.o
  CC      drivers/char/hw_random/stm32-rng.o
  CC      net/ipv4/tcp_bpf.o
  CC      drivers/iommu/amd/io_pgtable_v2.o
  CC      drivers/char/agp/via-agp.o
  CC      drivers/char/hw_random/rockchip-rng.o
  CC      drivers/tty/serial/8250/8250_pcilib.o
  CC [M]  net/wireless/debugfs.o
  CC      drivers/iommu/amd/ppr.o
  AR      drivers/char/agp/built-in.a
  CC      drivers/tty/serial/8250/8250_early.o
  AR      drivers/char/hw_random/built-in.a
  CC      drivers/char/tpm/tpm-chip.o
  CC      drivers/tty/serial/8250/8250_mid.o
  CC [M]  fs/xfs/xfs_fsops.o
  CC      net/ipv6/tcpv6_offload.o
  CC      net/ipv4/udp_bpf.o
  CC [M]  net/wireless/wext-compat.o
  CC      drivers/char/tpm/tpm-dev-common.o
  CC      drivers/iommu/amd/pasid.o
  CC      drivers/tty/serial/8250/8250_pci.o
  CC      net/rfkill/core.o
  CC      net/ipv6/exthdrs_offload.o
  AR      drivers/iommu/amd/built-in.a
  CC      drivers/iommu/intel/dmar.o
  CC      drivers/char/tpm/tpm-dev.o
  CC      net/ipv4/cipso_ipv4.o
  CC      net/rfkill/input.o
  CC      drivers/char/tpm/tpm-interface.o
  CC [M]  fs/xfs/xfs_globals.o
  CC      drivers/tty/serial/8250/8250_rt288x.o
  CC      net/ipv6/inet6_hashtables.o
  CC [M]  net/wireless/wext-sme.o
  CC [M]  net/rfkill/rfkill-gpio.o
  CC      drivers/tty/serial/8250/8250_tegra.o
  CC      drivers/char/tpm/tpm1-cmd.o
  CC [M]  fs/xfs/xfs_handle.o
  CC      drivers/iommu/intel/iommu.o
  AR      net/rfkill/built-in.a
  CC [M]  fs/xfs/xfs_health.o
  CC      net/ipv4/tcp_ao.o
  CC      net/ipv6/mcast_snoop.o
  AR      drivers/tty/serial/8250/built-in.a
  CC      drivers/tty/serial/serial_core.o
  GEN     net/wireless/shipped-certs.c
  AR      net/wireless/built-in.a
  CC [M]  net/wireless/shipped-certs.o
  CC      drivers/char/tpm/tpm2-cmd.o
  LD [M]  net/wireless/cfg80211.o
  CC      net/dcb/dcbnl.o
  CC      drivers/char/tpm/tpmrm-dev.o
  CC      net/ipv6/tcp_ao.o
  CC      net/dns_resolver/dns_key.o
  CC [M]  fs/xfs/xfs_icache.o
  CC      drivers/char/tpm/tpm2-space.o
  CC      net/ipv4/bpf_tcp_ca.o
  CC      drivers/tty/serial/serial_base_bus.o
  CC      drivers/iommu/intel/pasid.o
  CC      net/dns_resolver/dns_query.o
  AR      net/ipv6/built-in.a
  AR      net/mpls/built-in.a
  CC      drivers/char/tpm/tpm-sysfs.o
  CC      net/dcb/dcbevent.o
  CC      drivers/tty/serial/serial_ctrl.o
  CC      net/switchdev/switchdev.o
  AR      net/dns_resolver/built-in.a
  CC      drivers/tty/serial/serial_port.o
  CC      drivers/char/tpm/eventlog/common.o
  AR      drivers/iommu/arm/arm-smmu/built-in.a
  AR      drivers/iommu/arm/arm-smmu-v3/built-in.a
  AR      drivers/iommu/arm/built-in.a
  CC [M]  fs/xfs/xfs_ioctl.o
  AR      net/ipv4/built-in.a
  CC      drivers/iommu/intel/nested.o
  CC      drivers/connector/cn_queue.o
  AR      net/dcb/built-in.a
  CC      net/l3mdev/l3mdev.o
  CC      drivers/tty/serial/earlycon.o
  CC      drivers/char/tpm/eventlog/tpm1.o
  AR      net/switchdev/built-in.a
  CC      drivers/iommu/intel/cache.o
  CC      fs/readdir.o
  CC      net/ncsi/ncsi-cmd.o
  CC      drivers/connector/connector.o
  AR      net/l3mdev/built-in.a
  CC      drivers/tty/serial/max310x.o
  CC      drivers/char/mem.o
  CC      drivers/char/tpm/eventlog/tpm2.o
  CC      drivers/iommu/intel/prq.o
  CC      net/xdp/xsk.o
  CC      drivers/connector/cn_proc.o
  CC      drivers/char/tpm/tpm-buf.o
  CC      net/ncsi/ncsi-rsp.o
  CC      drivers/base/power/sysfs.o
  CC      drivers/tty/serial/sccnxp.o
  CC [M]  fs/xfs/xfs_iomap.o
  CC      drivers/iommu/intel/trace.o
  CC      drivers/char/tpm/tpm2-sessions.o
  CC      drivers/base/power/generic_ops.o
  AR      drivers/connector/built-in.a
  CC      drivers/block/loop.o
  CC      drivers/tty/serial/serial_mctrl_gpio.o
  CC      net/ncsi/ncsi-aen.o
  CC      drivers/char/tpm/tpm_ppi.o
  CC      net/xdp/xdp_umem.o
  CC      drivers/base/power/common.o
  CC      drivers/iommu/intel/svm.o
  CC      drivers/tty/serial/kgdb_nmi.o
  CC      drivers/base/power/qos.o
  CC      drivers/char/tpm/eventlog/acpi.o
  CC      drivers/block/virtio_blk.o
  CC      net/ncsi/ncsi-manage.o
  CC [M]  fs/xfs/xfs_iops.o
  CC      net/xdp/xsk_queue.o
  CC      drivers/tty/serial/kgdboc.o
  CC      drivers/iommu/intel/irq_remapping.o
  CC      drivers/char/tpm/eventlog/efi.o
  CC      drivers/base/power/runtime.o
  CC      drivers/block/xen-blkfront.o
  AR      drivers/tty/serial/built-in.a
  CC      drivers/tty/serdev/core.o
  CC      net/xdp/xskmap.o
  CC      drivers/char/tpm/tpm_tis_core.o
  CC      net/ncsi/ncsi-netlink.o
  CC      drivers/iommu/intel/perfmon.o
  CC      drivers/base/power/wakeirq.o
  CC      drivers/tty/serdev/serdev-ttyport.o
  CC      net/xdp/xsk_buff_pool.o
  CC [M]  fs/xfs/xfs_inode.o
  CC      drivers/char/tpm/tpm_tis.o
  CC      drivers/base/power/main.o
  AR      net/ncsi/built-in.a
  CC      net/mptcp/protocol.o
  AR      drivers/tty/serdev/built-in.a
  AR      drivers/tty/ipwireless/built-in.a
  CC      drivers/tty/tty_io.o
  AR      drivers/iommu/intel/built-in.a
  AR      drivers/iommu/iommufd/built-in.a
  AR      drivers/block/built-in.a
  AR      drivers/iommu/riscv/built-in.a
  CC      drivers/iommu/iommu.o
  CC      drivers/base/firmware_loader/builtin/main.o
  CC      drivers/char/tpm/tpm_crb.o
  AR      drivers/base/firmware_loader/builtin/built-in.a
  CC      drivers/base/firmware_loader/fallback_table.o
  AR      net/xdp/built-in.a
  CC      drivers/char/random.o
  CC      drivers/base/power/wakeup.o
  AR      drivers/char/tpm/built-in.a
  CC      fs/select.o
  CC      drivers/base/firmware_loader/main.o
  CC      drivers/tty/n_tty.o
drivers/char/random.c: In function ‘try_to_generate_entropy’:
drivers/char/random.c:1357:1: warning: the frame size of 1152 bytes is larger than 1024 bytes [-Wframe-larger-than=]
 1357 | }
      | ^
  CC      drivers/iommu/iommu-traces.o
  CC      drivers/char/ttyprintk.o
  CC      drivers/base/power/wakeup_stats.o
  CC [M]  fs/xfs/xfs_itable.o
  CC      drivers/base/firmware_loader/fallback.o
  CC      drivers/tty/tty_ioctl.o
  CC      drivers/char/misc.o
  CC      net/mctp/af_mctp.o
  CC      drivers/base/power/trace.o
  CC      net/mptcp/subflow.o
  CC      drivers/iommu/iommu-sysfs.o
  CC      drivers/char/virtio_console.o
  CC [M]  fs/xfs/xfs_iwalk.o
  CC      drivers/base/firmware_loader/sysfs.o
  CC      drivers/tty/tty_ldisc.o
  CC      drivers/base/power/clock_ops.o
  CC      drivers/iommu/dma-iommu.o
  CC      net/mctp/device.o
  CC      drivers/tty/tty_buffer.o
  CC      drivers/base/firmware_loader/sysfs_upload.o
  AR      drivers/base/power/built-in.a
  CC [M]  net/tls/tls_main.o
  CC      drivers/char/hpet.o
  AR      drivers/base/firmware_loader/built-in.a
  CC      drivers/base/regmap/regmap.o
  CC      net/mptcp/options.o
  CC      drivers/tty/tty_port.o
  CC      drivers/iommu/io-pgtable.o
  CC [M]  fs/xfs/xfs_message.o
  CC      net/mctp/route.o
  CC [M]  drivers/char/lp.o
  CC      drivers/iommu/iova.o
  CC      drivers/tty/tty_mutex.o
  CC [M]  net/tls/tls_sw.o
  CC [M]  fs/xfs/xfs_mount.o
  CC [M]  drivers/char/ppdev.o
  CC      drivers/iommu/irq_remapping.o
  CC      drivers/tty/tty_ldsem.o
  CC      net/mptcp/token.o
  CC      net/mctp/neigh.o
  CC      drivers/tty/tty_baudrate.o
  CC      drivers/iommu/virtio-iommu.o
  AR      drivers/char/built-in.a
  CC      drivers/iommu/iommu-sva.o
  CC      drivers/base/regmap/regcache.o
  CC      drivers/tty/tty_jobctrl.o
  AR      net/mctp/built-in.a
  CC [M]  fs/xfs/xfs_mru_cache.o
  CC [M]  net/tls/tls_proc.o
  CC      net/mptcp/crypto.o
  CC      drivers/iommu/io-pgfault.o
  CC      drivers/base/regmap/regcache-rbtree.o
  CC      fs/dcache.o
  CC [M]  net/tls/trace.o
  CC      drivers/tty/n_null.o
  CC [M]  fs/xfs/xfs_pwork.o
  AR      drivers/iommu/built-in.a
  AR      drivers/misc/eeprom/built-in.a
  AR      drivers/misc/cb710/built-in.a
  AR      drivers/misc/lis3lv02d/built-in.a
  AR      drivers/misc/cardreader/built-in.a
  CC      drivers/base/regmap/regcache-flat.o
  AR      drivers/misc/pvpanic/built-in.a
  AR      drivers/misc/keba/built-in.a
  CC      drivers/tty/pty.o
  CC [M]  drivers/misc/mei/hdcp/mei_hdcp.o
  CC [M]  drivers/misc/mei/pxp/mei_pxp.o
  CC [M]  net/tls/tls_strp.o
  CC      net/mptcp/ctrl.o
  CC      drivers/base/regmap/regcache-maple.o
  CC      drivers/tty/tty_audit.o
  CC      fs/inode.o
  CC [M]  drivers/misc/mei/init.o
  CC      drivers/mfd/88pm860x-core.o
  CC      drivers/base/regmap/regmap-debugfs.o
  CC      drivers/tty/sysrq.o
  CC [M]  fs/xfs/xfs_reflink.o
  CC      net/mptcp/pm.o
  CC [M]  drivers/misc/mei/hbm.o
  CC [M]  net/tls/tls_device.o
  CC      drivers/mfd/88pm860x-i2c.o
  CC      drivers/base/regmap/regmap-i2c.o
  AR      drivers/tty/built-in.a
  CC      net/mptcp/diag.o
  CC [M]  drivers/misc/mei/interrupt.o
  CC      drivers/mfd/wm8400-core.o
  CC      drivers/misc/sram.o
  AR      drivers/base/test/built-in.a
  CC      fs/attr.o
  CC      drivers/base/regmap/regmap-spi.o
  CC [M]  drivers/misc/mei/client.o
  CC [M]  drivers/misc/rpmb-core.o
  CC [M]  net/tls/tls_device_fallback.o
  CC      drivers/mfd/wm831x-core.o
  CC      net/mptcp/mib.o
  CC      drivers/base/regmap/regmap-mmio.o
  CC [M]  fs/xfs/xfs_stats.o
  AR      drivers/nfc/built-in.a
  CC      drivers/base/component.o
  CC      drivers/mfd/wm831x-irq.o
  CC [M]  fs/xfs/xfs_super.o
  CC      drivers/base/regmap/regmap-irq.o
  CC      net/mptcp/pm_netlink.o
  CC      fs/bad_inode.o
  CC      drivers/base/core.o
  CC [M]  drivers/misc/mei/main.o
  LD [M]  net/tls/tls.o
  AR      drivers/misc/built-in.a
  CC      drivers/nvdimm/core.o
  CC      drivers/mfd/wm831x-otp.o
  CC      net/mptcp/sockopt.o
  AR      drivers/base/regmap/built-in.a
  CC [M]  fs/xfs/xfs_symlink.o
  CC      drivers/mfd/wm831x-auxadc.o
  CC      drivers/nvdimm/bus.o
  CC [M]  drivers/misc/mei/dma-ring.o
  CC      drivers/mfd/wm831x-i2c.o
  CC      net/mptcp/pm_userspace.o
  CC [M]  drivers/misc/mei/bus.o
  CC [M]  drivers/misc/mei/bus-fixup.o
  CC      drivers/nvdimm/dimm_devs.o
  CC [M]  net/bluetooth/rfcomm/core.o
  CC      drivers/mfd/wm831x-spi.o
  CC      drivers/base/bus.o
  CC      fs/file.o
  CC [M]  drivers/misc/mei/debugfs.o
  CC [M]  fs/xfs/xfs_sysfs.o
  CC      drivers/mfd/wm8350-core.o
  CC      net/mptcp/fastopen.o
  CC      drivers/base/dd.o
  CC      drivers/nvdimm/nd_perf.o
  CC [M]  drivers/misc/mei/mei-trace.o
  CC [M]  fs/xfs/xfs_trans.o
  CC      drivers/mfd/wm8350-regmap.o
  CC [M]  net/bluetooth/rfcomm/sock.o
  CC      drivers/nvdimm/dimm.o
  AR      drivers/dax/hmem/built-in.a
  CC      drivers/dax/super.o
  CC      drivers/base/syscore.o
  CC [M]  drivers/misc/mei/pci-me.o
  CC      net/mptcp/sched.o
  CC      drivers/mfd/wm8350-gpio.o
  CC      drivers/nvdimm/region_devs.o
  CC      drivers/dax/bus.o
  CC [M]  net/bluetooth/rfcomm/tty.o
  CC [M]  drivers/misc/mei/hw-me.o
  CC      drivers/base/driver.o
  CC      drivers/mfd/wm8350-irq.o
  CC      net/mptcp/mptcp_pm_gen.o
  CC      drivers/base/class.o
  CC [M]  fs/xfs/xfs_xattr.o
  CC      drivers/mfd/wm8350-i2c.o
  AR      drivers/dax/built-in.a
  CC [M]  net/mac80211/main.o
  CC      drivers/nvdimm/region.o
  CC [M]  drivers/misc/mei/pci-txe.o
  LD [M]  net/bluetooth/rfcomm/rfcomm.o
  CC [M]  net/bluetooth/bnep/core.o
  CC      net/mptcp/syncookies.o
  CC      drivers/base/platform.o
  CC [M]  fs/xfs/xfs_log.o
  CC      drivers/mfd/tps65910.o
  CC [M]  drivers/misc/mei/hw-txe.o
  CC      drivers/nvdimm/namespace_devs.o
  CC      drivers/base/cpu.o
  CC      net/mptcp/bpf.o
  CC [M]  net/bluetooth/bnep/sock.o
  CC      drivers/mfd/tps65912-core.o
  LD [M]  drivers/misc/mei/mei.o
  LD [M]  drivers/misc/mei/mei-me.o
  LD [M]  drivers/misc/mei/mei-txe.o
  CC [M]  net/qrtr/af_qrtr.o
  CC [M]  net/mac80211/status.o
  CC      drivers/mfd/tps65912-i2c.o
  CC      drivers/base/firmware.o
  AR      net/mptcp/built-in.a
  CC      drivers/mfd/tps65912-spi.o
  CC [M]  net/bluetooth/bnep/netdev.o
  CC      drivers/nvdimm/label.o
  CC [M]  net/qrtr/ns.o
  CC      drivers/base/init.o
  CC      fs/filesystems.o
  CC      drivers/mfd/twl-core.o
  CC [M]  fs/xfs/xfs_log_cil.o
  LD [M]  net/bluetooth/bnep/bnep.o
  CC [M]  net/bluetooth/af_bluetooth.o
  CC      drivers/base/map.o
  CC      drivers/nvdimm/badrange.o
  CC [M]  net/mac80211/driver-ops.o
  CC      drivers/mfd/twl4030-irq.o
  CC      fs/namespace.o
  CC      drivers/base/devres.o
  LD [M]  net/qrtr/qrtr.o
  CC [M]  fs/xfs/xfs_bmap_item.o
  CC      drivers/mfd/twl6030-irq.o
  CC      drivers/nvdimm/claim.o
  CC [M]  net/bluetooth/hci_core.o
  CC      drivers/base/attribute_container.o
  CC      drivers/mfd/twl4030-audio.o
  CC      drivers/nvdimm/btt_devs.o
  CC      drivers/base/transport_class.o
  CC      drivers/dma-buf/heaps/system_heap.o
  CC [M]  net/mac80211/sta_info.o
  CC      drivers/mfd/twl6040.o
  CC      drivers/base/topology.o
  CC      drivers/nvdimm/pfn_devs.o
  CC [M]  fs/xfs/xfs_buf_item.o
  AR      drivers/dma-buf/heaps/built-in.a
  CC      drivers/dma-buf/dma-buf.o
  CC      fs/seq_file.o
  CC      drivers/mfd/mfd-core.o
  CC      drivers/base/container.o
  CC [M]  net/bluetooth/hci_conn.o
  CC      drivers/nvdimm/dax_devs.o
  CC      drivers/base/property.o
  CC      drivers/dma-buf/dma-fence.o
  CC      drivers/mfd/ezx-pcap.o
  CC      drivers/mfd/da903x.o
  CC      drivers/nvdimm/security.o
  CC      drivers/dma-buf/dma-fence-array.o
  CC [M]  net/mac80211/wep.o
  CC [M]  fs/xfs/xfs_buf_item_recover.o
  CC      drivers/dma-buf/dma-fence-chain.o
  CC      drivers/mfd/da9052-irq.o
  CC      drivers/base/cacheinfo.o
  CC [M]  net/bluetooth/hci_event.o
  CC      drivers/nvdimm/e820.o
  CC      drivers/dma-buf/dma-fence-unwrap.o
  AR      drivers/cxl/core/built-in.a
  AR      drivers/cxl/built-in.a
  AR      drivers/macintosh/built-in.a
  CC [M]  drivers/macintosh/mac_hid.o
  CC      drivers/mfd/da9052-core.o
  CC      drivers/base/swnode.o
  CC [M]  net/mac80211/aead_api.o
  AR      drivers/nvdimm/built-in.a
  CC      drivers/dma-buf/dma-resv.o
  AR      drivers/scsi/device_handler/built-in.a
  AR      drivers/scsi/megaraid/built-in.a
  CC      drivers/scsi/scsi.o
  CC      net/devres.o
  CC      drivers/mfd/da9052-spi.o
  CC [M]  net/mac80211/wpa.o
  CC      drivers/base/faux.o
  CC      drivers/dma-buf/dma-heap.o
  CC      drivers/mfd/da9052-i2c.o
  CC [M]  fs/xfs/xfs_dquot_item_recover.o
  CC      net/socket.o
  CC      drivers/scsi/hosts.o
  CC      drivers/base/auxiliary.o
  CC      drivers/mfd/lp8788.o
  CC      drivers/dma-buf/sync_file.o
  CC [M]  net/mac80211/scan.o
  CC [M]  fs/xfs/xfs_exchmaps_item.o
  CC      drivers/base/devtmpfs.o
  CC      drivers/scsi/scsi_ioctl.o
  CC      drivers/dma-buf/sw_sync.o
  CC      drivers/mfd/lp8788-irq.o
  CC [M]  net/bluetooth/mgmt.o
  CC      drivers/base/node.o
  CC      drivers/mfd/da9055-core.o
  CC      drivers/scsi/scsicam.o
  CC [M]  fs/xfs/xfs_extfree_item.o
  CC      drivers/dma-buf/sync_debug.o
  CC      drivers/mfd/da9055-i2c.o
  CC      drivers/scsi/scsi_error.o
  CC [M]  net/mac80211/offchannel.o
  CC      drivers/base/memory.o
  CC      fs/xattr.o
  CC      drivers/dma-buf/udmabuf.o
  CC      drivers/mfd/da9063-core.o
  CC      drivers/base/module.o
  AR      drivers/dma-buf/built-in.a
  AR      drivers/nvme/common/built-in.a
  AR      drivers/nvme/host/built-in.a
  AR      drivers/nvme/target/built-in.a
  AR      drivers/nvme/built-in.a
  CC [M]  net/mac80211/ht.o
  CC      drivers/scsi/scsi_lib.o
  CC      drivers/mfd/da9063-irq.o
  CC      drivers/scsi/constants.o
  CC      drivers/base/auxiliary_sysfs.o
  CC [M]  fs/xfs/xfs_attr_item.o
  CC [M]  net/mac80211/agg-tx.o
  CC      drivers/mfd/da9063-i2c.o
  CC      drivers/base/hypervisor.o
  CC      drivers/scsi/scsi_lib_dma.o
  CC      drivers/base/pinctrl.o
  CC      drivers/ata/libata-core.o
  CC      net/compat.o
  CC      drivers/scsi/scsi_scan.o
  CC      drivers/mfd/max14577.o
  CC [M]  net/bluetooth/hci_sock.o
  CC      drivers/base/devcoredump.o
  CC [M]  net/mac80211/agg-rx.o
  CC      drivers/mfd/max77693.o
  CC [M]  fs/xfs/xfs_icreate_item.o
  CC      drivers/base/platform-msi.o
  GEN     drivers/scsi/scsi_devinfo_tbl.c
  CC      drivers/scsi/scsi_devinfo.o
  CC      fs/libfs.o
  CC      drivers/mfd/max77843.o
  CC [M]  net/bluetooth/hci_sysfs.o
  CC      drivers/base/physical_location.o
  CC      drivers/scsi/scsi_sysctl.o
  CC [M]  net/mac80211/vht.o
  CC      drivers/base/trace.o
  CC      drivers/mfd/max8925-core.o
  CC [M]  fs/xfs/xfs_inode_item.o
  CC [M]  net/bluetooth/l2cap_core.o
  CC      drivers/scsi/scsi_proc.o
  AR      drivers/gpu/host1x/built-in.a
  AR      drivers/gpu/drm/tests/built-in.a
  AR      drivers/gpu/drm/arm/built-in.a
  CC      drivers/gpu/drm/clients/drm_client_setup.o
  CC      drivers/ata/libata-scsi.o
  AR      drivers/base/built-in.a
  CC [M]  net/bluetooth/l2cap_sock.o
  CC      drivers/mfd/max8925-i2c.o
  CC      drivers/scsi/scsi_debugfs.o
  CC [M]  net/mac80211/he.o
  CC      drivers/gpu/drm/clients/drm_log.o
  CC      drivers/mfd/max8997.o
  CC      drivers/scsi/scsi_trace.o
  CC      drivers/gpu/drm/clients/drm_fbdev_client.o
  CC [M]  fs/xfs/xfs_inode_item_recover.o
  CC      net/sysctl_net.o
  CC      drivers/mfd/max8997-irq.o
  CC      drivers/scsi/scsi_logging.o
  CC      drivers/ata/libata-eh.o
  CC [M]  net/mac80211/s1g.o
  AR      drivers/gpu/drm/clients/built-in.a
  AR      drivers/gpu/drm/display/built-in.a
  CC [M]  drivers/gpu/drm/display/drm_display_helper_mod.o
  CC      drivers/scsi/scsi_pm.o
  CC      drivers/mfd/max8998.o
  CC [M]  net/bluetooth/smp.o
  CC [M]  drivers/gpu/drm/display/drm_dp_dual_mode_helper.o
  CC      drivers/scsi/scsi_dh.o
  CC [M]  net/mac80211/ibss.o
  CC [M]  fs/xfs/xfs_iunlink_item.o
  CC [M]  drivers/gpu/drm/display/drm_dp_helper.o
  CC      drivers/mfd/max8998-irq.o
  CC [M]  net/mac80211/iface.o
  CC      drivers/scsi/scsi_bsg.o
  CC      drivers/ata/libata-transport.o
  CC      drivers/mfd/adp5520.o
  CC      drivers/scsi/scsi_common.o
  CC      drivers/scsi/virtio_scsi.o
  CC [M]  net/bluetooth/lib.o
  CC      drivers/mfd/tps6586x.o
  CC      drivers/ata/libata-trace.o
  CC [M]  drivers/gpu/drm/display/drm_dp_mst_topology.o
  CC [M]  fs/xfs/xfs_refcount_item.o
  CC [M]  fs/xfs/xfs_rmap_item.o
  CC      drivers/ata/libata-sata.o
  CC      drivers/mfd/tps65090.o
  CC [M]  net/mac80211/link.o
  CC      drivers/scsi/sd.o
  CC [M]  net/bluetooth/ecdh_helper.o
  CC [M]  net/bluetooth/mgmt_util.o
  CC      drivers/mfd/aat2870-core.o
  CC      drivers/ata/libata-sff.o
  CC [M]  drivers/gpu/drm/display/drm_dsc_helper.o
  CC [M]  net/mac80211/rate.o
  CC      drivers/mfd/palmas.o
  CC [M]  fs/xfs/xfs_log_recover.o
  CC [M]  net/bluetooth/mgmt_config.o
  CC [M]  fs/xfs/xfs_trans_ail.o
  CC      drivers/scsi/sd_dif.o
  CC [M]  drivers/gpu/drm/display/drm_hdcp_helper.o
  CC      drivers/mfd/rc5t583.o
  CC      drivers/ata/libata-pmp.o
  CC [M]  net/bluetooth/hci_codec.o
  CC      drivers/scsi/sd_zbc.o
  CC [M]  drivers/gpu/drm/display/drm_hdmi_helper.o
  CC [M]  net/mac80211/michael.o
  CC      drivers/mfd/rc5t583-irq.o
  CC      drivers/ata/libata-acpi.o
  CC [M]  drivers/gpu/drm/display/drm_scdc_helper.o
  CC      drivers/scsi/sr.o
  CC [M]  net/bluetooth/eir.o
  CC      drivers/mfd/syscon.o
  CC      drivers/scsi/sr_ioctl.o
  CC [M]  net/mac80211/tkip.o
  CC [M]  fs/xfs/xfs_trans_buf.o
  CC      drivers/mfd/as3711.o
  CC      drivers/ata/libata-zpodd.o
  CC [M]  drivers/gpu/drm/display/drm_dp_aux_dev.o
  AR      net/built-in.a
  CC      drivers/ata/libata-pata-timings.o
  CC      drivers/scsi/sr_vendor.o
  CC [M]  net/bluetooth/hci_sync.o
  CC      drivers/mfd/intel_soc_pmic_crc.o
  CC [M]  fs/xfs/xfs_dquot.o
  CC [M]  drivers/gpu/drm/display/drm_dp_cec.o
  CC      drivers/ata/ata_piix.o
  CC      drivers/scsi/sg.o
  CC [M]  net/mac80211/aes_cmac.o
  CC      drivers/mfd/intel_soc_pmic_chtwc.o
  LD [M]  drivers/gpu/drm/display/drm_display_helper.o
  AR      drivers/gpu/drm/renesas/rcar-du/built-in.a
  CC [M]  fs/xfs/xfs_dquot_item.o
  AR      drivers/gpu/drm/renesas/rz-du/built-in.a
  AR      drivers/gpu/drm/renesas/built-in.a
  AR      drivers/gpu/drm/omapdrm/built-in.a
  AR      drivers/gpu/drm/tilcdc/built-in.a
  AR      drivers/gpu/drm/imx/built-in.a
  AR      drivers/gpu/drm/i2c/built-in.a
  AR      drivers/gpu/drm/panel/built-in.a
  AR      drivers/gpu/drm/bridge/analogix/built-in.a
  AR      drivers/gpu/drm/bridge/cadence/built-in.a
  AR      drivers/gpu/drm/bridge/imx/built-in.a
  AR      drivers/gpu/drm/bridge/synopsys/built-in.a
  AR      drivers/gpu/drm/bridge/built-in.a
  AR      drivers/gpu/drm/hisilicon/built-in.a
  AR      drivers/gpu/drm/mxsfb/built-in.a
  CC      drivers/gpu/drm/tiny/simpledrm.o
  CC      drivers/ata/pata_sis.o
  CC [M]  drivers/mfd/lpc_ich.o
  CC [M]  net/mac80211/aes_gmac.o
  CC      drivers/scsi/scsi_sysfs.o
  CC [M]  net/mac80211/fils_aead.o
  AR      drivers/mfd/built-in.a
  AR      drivers/gpu/drm/xlnx/built-in.a
  CC      fs/fs-writeback.o
  CC [M]  fs/xfs/xfs_trans_dquot.o
  CC      drivers/ata/ata_generic.o
  AR      drivers/gpu/drm/tiny/built-in.a
  AR      drivers/gpu/drm/gud/built-in.a
  AR      drivers/gpu/drm/solomon/built-in.a
  CC [M]  drivers/gpu/drm/ttm/ttm_tt.o
  CC      drivers/gpu/vga/vga_switcheroo.o
  CC [M]  net/bluetooth/coredump.o
  CC [M]  net/mac80211/cfg.o
  AR      drivers/ata/built-in.a
  CC      drivers/spi/spi.o
  AR      drivers/scsi/built-in.a
  CC      fs/pnode.o
  CC [M]  drivers/gpu/drm/ttm/ttm_bo.o
  AR      drivers/gpu/vga/built-in.a
  CC [M]  fs/xfs/xfs_qm_syscalls.o
  CC [M]  net/bluetooth/sco.o
  CC [M]  net/mac80211/ethtool.o
  CC [M]  drivers/gpu/drm/scheduler/sched_main.o
  CC [M]  drivers/gpu/drm/ttm/ttm_bo_util.o
  CC [M]  fs/xfs/xfs_qm_bhv.o
  CC [M]  drivers/gpu/drm/scheduler/sched_fence.o
  CC [M]  drivers/gpu/drm/ttm/ttm_bo_vm.o
  CC [M]  fs/xfs/xfs_qm.o
  CC [M]  net/bluetooth/iso.o
  CC      drivers/spi/spi-mem.o
  CC [M]  drivers/gpu/drm/scheduler/sched_entity.o
  CC [M]  drivers/gpu/drm/i915/i915_config.o
  HOSTCC  drivers/gpu/drm/xe/xe_gen_wa_oob
  GEN     xe_wa_oob.c xe_wa_oob.h
  CC [M]  drivers/gpu/drm/xe/xe_bb.o
  CC [M]  drivers/gpu/drm/i915/i915_driver.o
  CC [M]  drivers/gpu/drm/ttm/ttm_module.o
  CC [M]  drivers/gpu/drm/xe/xe_bo.o
  CC [M]  drivers/spi/spi-intel.o
  LD [M]  drivers/gpu/drm/scheduler/gpu-sched.o
  CC      drivers/gpu/drm/drm_atomic.o
  CC [M]  net/mac80211/rx.o
  CC [M]  drivers/gpu/drm/ttm/ttm_execbuf_util.o
  CC [M]  net/bluetooth/leds.o
  CC [M]  drivers/gpu/drm/i915/i915_drm_client.o
  CC [M]  drivers/gpu/drm/ttm/ttm_range_manager.o
  CC [M]  drivers/spi/spi-intel-platform.o
  CC [M]  fs/xfs/xfs_quotaops.o
  CC      fs/splice.o
  AR      drivers/spi/built-in.a
  CC [M]  drivers/gpu/drm/xe/xe_bo_evict.o
  CC [M]  drivers/gpu/drm/ttm/ttm_resource.o
  CC [M]  net/bluetooth/msft.o
  AR      drivers/net/phy/mediatek/built-in.a
  AR      drivers/net/phy/qcom/built-in.a
  CC      drivers/net/phy/mdio-boardinfo.o
  CC [M]  drivers/gpu/drm/i915/i915_getparam.o
  CC [M]  fs/xfs/xfs_rtalloc.o
  CC [M]  drivers/gpu/drm/xe/xe_devcoredump.o
  CC      drivers/net/phy/stubs.o
  CC [M]  drivers/gpu/drm/ttm/ttm_pool.o
  CC [M]  drivers/gpu/drm/i915/i915_ioctl.o
  CC [M]  net/mac80211/spectmgmt.o
  CC [M]  net/bluetooth/aosp.o
  CC [M]  drivers/gpu/drm/xe/xe_device.o
  CC      drivers/net/phy/mdio_devres.o
  CC [M]  drivers/gpu/drm/ttm/ttm_device.o
  CC [M]  drivers/gpu/drm/ttm/ttm_sys_manager.o
  CC [M]  drivers/gpu/drm/i915/i915_irq.o
  CC [M]  net/bluetooth/hci_debugfs.o
  CC [M]  net/mac80211/tx.o
  CC [M]  fs/xfs/xfs_acl.o
  CC      drivers/net/phy/phy.o
  CC [M]  drivers/gpu/drm/ttm/ttm_agp_backend.o
  CC [M]  drivers/gpu/drm/i915/i915_mitigations.o
  CC [M]  drivers/gpu/drm/xe/xe_device_sysfs.o
  AR      drivers/message/fusion/built-in.a
  AR      drivers/message/built-in.a
  AR      drivers/firewire/built-in.a
  CC [M]  fs/xfs/xfs_sysctl.o
  LD [M]  drivers/gpu/drm/ttm/ttm.o
  CC      fs/sync.o
  LD [M]  net/bluetooth/bluetooth.o
  CC      drivers/net/phy/phy-c45.o
  CC [M]  drivers/gpu/drm/i915/i915_module.o
  CC [M]  drivers/gpu/drm/xe/xe_dma_buf.o
  CC      drivers/cdrom/cdrom.o
  AR      drivers/auxdisplay/built-in.a
  CC [M]  fs/xfs/xfs_ioctl32.o
  CC      drivers/net/phy/phy-core.o
  CC      drivers/gpu/drm/drm_atomic_uapi.o
  CC [M]  drivers/gpu/drm/xe/xe_drm_client.o
  CC [M]  drivers/gpu/drm/i915/i915_params.o
  CC [M]  drivers/gpu/drm/i915/i915_pci.o
  CC      drivers/net/phy/phy_device.o
  CC [M]  drivers/gpu/drm/xe/xe_exec.o
  CC [M]  net/mac80211/key.o
  CC      drivers/net/pse-pd/pse_core.o
  AR      drivers/cdrom/built-in.a
  CC      drivers/net/phy/linkmode.o
  CC [M]  fs/xfs/xfs_pnfs.o
  CC [M]  drivers/gpu/drm/i915/i915_scatterlist.o
  CC [M]  drivers/gpu/drm/i915/i915_switcheroo.o
  CC [M]  drivers/gpu/drm/xe/xe_execlist.o
  AR      drivers/net/pse-pd/built-in.a
  CC      drivers/net/mdio/acpi_mdio.o
  CC      fs/utimes.o
  CC [M]  fs/xfs/xfs_notify_failure.o
  CC      drivers/net/phy/phy_link_topology.o
  CC      drivers/net/phy/mdio_bus.o
  CC [M]  drivers/gpu/drm/xe/xe_exec_queue.o
  CC [M]  drivers/gpu/drm/i915/i915_sysfs.o
  CC [M]  net/mac80211/util.o
  CC      drivers/net/mdio/fwnode_mdio.o
  CC      drivers/usb/common/common.o
  LD [M]  fs/xfs/xfs.o
  AR      drivers/net/pcs/built-in.a
  CC      drivers/gpu/drm/drm_auth.o
  CC      fs/d_path.o
  CC [M]  drivers/gpu/drm/i915/i915_utils.o
  AR      drivers/net/mdio/built-in.a
  CC [M]  drivers/gpu/drm/xe/xe_force_wake.o
  CC      drivers/usb/common/debug.o
  CC      drivers/net/phy/mdio_device.o
  CC      drivers/usb/common/led.o
  AR      drivers/net/ethernet/3com/built-in.a
  AR      drivers/net/ethernet/8390/built-in.a
  AR      drivers/net/ethernet/adaptec/built-in.a
  CC      drivers/usb/core/usb.o
  AR      drivers/net/ethernet/adi/built-in.a
  AR      drivers/net/ethernet/agere/built-in.a
  AR      drivers/net/ethernet/alacritech/built-in.a
  AR      drivers/net/ethernet/alteon/built-in.a
  AR      drivers/net/ethernet/amazon/built-in.a
  AR      drivers/net/ethernet/amd/built-in.a
  AR      drivers/net/ethernet/aquantia/built-in.a
  AR      drivers/net/ethernet/arc/built-in.a
  AR      drivers/net/ethernet/asix/built-in.a
  AR      drivers/net/ethernet/atheros/built-in.a
  AR      drivers/net/ethernet/cadence/built-in.a
  AR      drivers/net/ethernet/broadcom/built-in.a
  AR      drivers/net/ethernet/brocade/built-in.a
  AR      drivers/net/ethernet/cavium/common/built-in.a
  CC      fs/stack.o
  AR      drivers/net/ethernet/cavium/thunder/built-in.a
  AR      drivers/net/ethernet/cavium/liquidio/built-in.a
  AR      drivers/net/ethernet/cavium/octeon/built-in.a
  AR      drivers/net/ethernet/cavium/built-in.a
  AR      drivers/net/ethernet/chelsio/built-in.a
  AR      drivers/net/ethernet/cirrus/built-in.a
  AR      drivers/net/ethernet/cisco/built-in.a
  AR      drivers/net/ethernet/cortina/built-in.a
  AR      drivers/net/ethernet/dec/tulip/built-in.a
  AR      drivers/net/ethernet/dec/built-in.a
  AR      drivers/net/ethernet/dlink/built-in.a
  AR      drivers/net/ethernet/emulex/built-in.a
  AR      drivers/net/ethernet/engleder/built-in.a
  AR      drivers/net/ethernet/ezchip/built-in.a
  AR      drivers/net/ethernet/faraday/built-in.a
  AR      drivers/net/ethernet/freescale/enetc/built-in.a
  AR      drivers/net/ethernet/freescale/built-in.a
  AR      drivers/net/ethernet/fungible/built-in.a
  AR      drivers/net/ethernet/google/built-in.a
  AR      drivers/net/ethernet/huawei/built-in.a
  AR      drivers/net/ethernet/intel/built-in.a
  AR      drivers/net/ethernet/i825xx/built-in.a
  AR      drivers/net/ethernet/microsoft/built-in.a
  AR      drivers/net/ethernet/litex/built-in.a
  AR      drivers/net/ethernet/marvell/octeon_ep/built-in.a
  AR      drivers/net/ethernet/marvell/octeon_ep_vf/built-in.a
  AR      drivers/net/ethernet/marvell/octeontx2/built-in.a
  CC [M]  drivers/gpu/drm/i915/intel_clock_gating.o
  AR      drivers/net/ethernet/marvell/prestera/built-in.a
  AR      drivers/net/ethernet/marvell/built-in.a
  AR      drivers/usb/common/built-in.a
  AR      drivers/net/ethernet/mellanox/built-in.a
  AR      drivers/net/ethernet/meta/built-in.a
  CC      drivers/input/serio/serio.o
  AR      drivers/net/ethernet/micrel/built-in.a
  CC [M]  drivers/gpu/drm/xe/xe_ggtt.o
  CC      drivers/net/ethernet/microchip/vcap/vcap_api_debugfs.o
  CC      fs/fs_struct.o
  CC      drivers/net/phy/swphy.o
  CC      drivers/usb/core/hub.o
  CC      fs/statfs.o
  CC      drivers/input/serio/i8042.o
  CC [M]  drivers/gpu/drm/i915/intel_cpu_info.o
  CC [M]  drivers/gpu/drm/xe/xe_gpu_scheduler.o
  CC      drivers/net/ethernet/microchip/vcap/vcap_api.o
  CC      drivers/net/phy/phy_led_triggers.o
  CC [M]  drivers/gpu/drm/i915/intel_device_info.o
  CC [M]  net/mac80211/parse.o
  CC [M]  drivers/gpu/drm/xe/xe_gsc.o
  CC      fs/fs_pin.o
  CC      drivers/net/phy/mii_timestamper.o
  CC      fs/nsfs.o
  CC      drivers/input/serio/libps2.o
  CC [M]  drivers/gpu/drm/i915/intel_memory_region.o
  CC [M]  drivers/gpu/drm/xe/xe_gsc_debugfs.o
  CC      drivers/net/phy/bcm84881.o
  CC      drivers/usb/core/hcd.o
  CC      fs/fs_types.o
  CC [M]  drivers/input/serio/serio_raw.o
  CC [M]  net/mac80211/wme.o
  CC      drivers/net/ethernet/microchip/vcap/vcap_tc.o
  CC [M]  drivers/gpu/drm/xe/xe_gsc_proxy.o
  CC [M]  drivers/gpu/drm/i915/intel_pcode.o
  CC      fs/fs_context.o
  AR      drivers/input/serio/built-in.a
  CC      drivers/input/keyboard/atkbd.o
  CC      drivers/net/phy/fixed_phy.o
  CC [M]  drivers/gpu/drm/xe/xe_gsc_submit.o
  CC      drivers/usb/core/urb.o
  CC [M]  net/mac80211/chan.o
  AR      drivers/net/ethernet/microchip/vcap/built-in.a
  AR      drivers/net/ethernet/microchip/built-in.a
  CC [M]  drivers/gpu/drm/i915/intel_region_ttm.o
  AR      drivers/net/ethernet/mscc/built-in.a
  AR      drivers/net/ethernet/myricom/built-in.a
  AR      drivers/net/ethernet/natsemi/built-in.a
  AR      drivers/net/ethernet/neterion/built-in.a
  AR      drivers/net/ethernet/netronome/built-in.a
  AR      drivers/net/ethernet/ni/built-in.a
  AR      drivers/net/ethernet/nvidia/built-in.a
  AR      drivers/net/ethernet/oki-semi/built-in.a
  AR      drivers/net/ethernet/packetengines/built-in.a
  AR      drivers/net/ethernet/qlogic/built-in.a
  AR      drivers/net/ethernet/qualcomm/emac/built-in.a
  AR      drivers/net/ethernet/qualcomm/built-in.a
  AR      drivers/net/ethernet/realtek/built-in.a
  AR      drivers/net/ethernet/renesas/built-in.a
  AR      drivers/net/ethernet/rdc/built-in.a
  AR      drivers/net/ethernet/rocker/built-in.a
  CC      fs/fs_parser.o
  AR      drivers/net/ethernet/samsung/built-in.a
  AR      drivers/net/ethernet/seeq/built-in.a
  AR      drivers/net/ethernet/silan/built-in.a
  AR      drivers/net/ethernet/sis/built-in.a
  AR      drivers/net/ethernet/sfc/built-in.a
  AR      drivers/net/ethernet/smsc/built-in.a
  AR      drivers/net/ethernet/socionext/built-in.a
  AR      drivers/net/ethernet/stmicro/built-in.a
  AR      drivers/net/ethernet/sun/built-in.a
  AR      drivers/net/ethernet/sunplus/built-in.a
  AR      drivers/net/ethernet/tehuti/built-in.a
  AR      drivers/net/ethernet/ti/built-in.a
  AR      drivers/net/ethernet/vertexcom/built-in.a
  AR      drivers/net/ethernet/via/built-in.a
  AR      drivers/net/ethernet/wangxun/built-in.a
  AR      drivers/net/ethernet/wiznet/built-in.a
  AR      drivers/input/keyboard/built-in.a
  AR      drivers/net/ethernet/xilinx/built-in.a
  AR      drivers/net/ethernet/synopsys/built-in.a
  CC [M]  drivers/gpu/drm/xe/xe_gt.o
  AR      drivers/input/mouse/built-in.a
  CC [M]  drivers/input/mouse/psmouse-base.o
  AR      drivers/net/ethernet/pensando/built-in.a
  AR      drivers/net/ethernet/built-in.a
  AR      drivers/net/phy/built-in.a
  AR      drivers/net/fddi/built-in.a
  CC      drivers/gpu/drm/drm_blend.o
  AR      drivers/net/hamradio/built-in.a
  CC      drivers/net/ppp/ppp_generic.o
  CC      drivers/usb/core/message.o
  CC [M]  drivers/gpu/drm/i915/intel_runtime_pm.o
  CC      fs/fsopen.o
  AR      drivers/input/joystick/built-in.a
  CC [M]  drivers/gpu/drm/xe/xe_gt_ccs_mode.o
  CC      drivers/rtc/lib.o
  CC [M]  drivers/input/mouse/synaptics.o
  CC [M]  drivers/gpu/drm/i915/intel_sbi.o
  CC [M]  net/mac80211/trace.o
  CC [M]  drivers/gpu/drm/xe/xe_gt_clock.o
  CC      drivers/rtc/class.o
  CC      fs/init.o
  CC      drivers/usb/core/driver.o
  AR      drivers/net/ppp/built-in.a
  CC      drivers/net/slip/slhc.o
  CC [M]  drivers/input/mouse/focaltech.o
  CC [M]  drivers/gpu/drm/xe/xe_gt_freq.o
  CC      drivers/rtc/interface.o
  CC [M]  drivers/gpu/drm/i915/intel_step.o
  CC      fs/kernel_read_file.o
  CC      drivers/usb/core/config.o
  CC [M]  drivers/input/mouse/alps.o
  CC [M]  drivers/gpu/drm/xe/xe_gt_idle.o
  CC      fs/mnt_idmapping.o
  CC [M]  drivers/gpu/drm/i915/intel_uncore.o
  AR      drivers/net/slip/built-in.a
  AR      drivers/net/wan/framer/built-in.a
  AR      drivers/net/wan/built-in.a
  AR      drivers/net/wireless/admtek/built-in.a
  AR      drivers/net/wireless/ath/built-in.a
  CC      drivers/rtc/nvmem.o
  AR      drivers/net/wireless/atmel/built-in.a
  AR      drivers/net/wireless/broadcom/built-in.a
  AR      drivers/net/wireless/intel/built-in.a
  AR      drivers/net/wireless/intersil/built-in.a
  AR      drivers/net/wireless/marvell/built-in.a
  AR      drivers/net/wireless/mediatek/built-in.a
  AR      drivers/net/wireless/microchip/built-in.a
  AR      drivers/net/wireless/purelifi/built-in.a
  AR      drivers/net/wireless/quantenna/built-in.a
  AR      drivers/net/wireless/ralink/built-in.a
  CC [M]  drivers/net/wireless/realtek/rtw88/main.o
  CC [M]  drivers/gpu/drm/xe/xe_gt_mcr.o
  CC      fs/remap_range.o
  CC      drivers/usb/core/file.o
  CC      drivers/rtc/dev.o
  CC [M]  drivers/input/mouse/byd.o
  CC      drivers/usb/core/buffer.o
  CC [M]  drivers/gpu/drm/xe/xe_gt_pagefault.o
  CC [M]  drivers/input/mouse/elantech.o
  CC      fs/pidfs.o
  CC      drivers/rtc/proc.o
  CC [M]  drivers/net/wireless/realtek/rtw88/mac80211.o
  CC      drivers/usb/core/sysfs.o
  CC [M]  drivers/gpu/drm/i915/intel_uncore_trace.o
  CC      drivers/rtc/sysfs.o
  CC [M]  drivers/gpu/drm/xe/xe_gt_sysfs.o
  CC      fs/buffer.o
  CC [M]  drivers/input/mouse/logips2pp.o
  CC      drivers/rtc/rtc-mc146818-lib.o
  CC [M]  drivers/gpu/drm/i915/intel_wakeref.o
  CC      drivers/usb/core/endpoint.o
  CC [M]  drivers/gpu/drm/xe/xe_gt_throttle.o
  CC [M]  drivers/net/wireless/realtek/rtw88/util.o
  CC [M]  drivers/input/mouse/lifebook.o
  CC      drivers/rtc/rtc-amlogic-a4.o
  CC      drivers/usb/core/devio.o
  CC [M]  drivers/gpu/drm/xe/xe_gt_tlb_invalidation.o
  CC [M]  drivers/gpu/drm/i915/vlv_sideband.o
  CC [M]  drivers/input/mouse/sentelic.o
  CC      drivers/rtc/rtc-cmos.o
  CC [M]  drivers/net/wireless/realtek/rtw88/debug.o
  CC      fs/mpage.o
  CC [M]  drivers/input/mouse/trackpoint.o
  CC [M]  drivers/gpu/drm/xe/xe_gt_topology.o
  CC [M]  drivers/gpu/drm/i915/vlv_suspend.o
  AR      drivers/rtc/built-in.a
  AR      drivers/i2c/algos/built-in.a
  CC [M]  drivers/i2c/algos/i2c-algo-bit.o
  CC [M]  drivers/input/mouse/touchkit_ps2.o
  CC      fs/proc_namespace.o
  CC      drivers/usb/core/notify.o
  CC [M]  drivers/net/wireless/realtek/rtw88/tx.o
  CC [M]  drivers/gpu/drm/xe/xe_guc.o
  CC      drivers/i2c/busses/i2c-designware-common.o
  CC [M]  drivers/input/mouse/cypress_ps2.o
  CC [M]  drivers/gpu/drm/i915/soc/intel_dram.o
  CC      drivers/usb/core/generic.o
  CC      fs/direct-io.o
  CC [M]  drivers/input/mouse/vmmouse.o
  CC      drivers/usb/core/quirks.o
  CC      drivers/i2c/busses/i2c-designware-master.o
  CC [M]  drivers/net/wireless/realtek/rtw88/rx.o
  CC [M]  drivers/gpu/drm/xe/xe_guc_ads.o
  CC [M]  net/mac80211/mlme.o
  CC [M]  drivers/gpu/drm/i915/soc/intel_gmch.o
  CC [M]  drivers/input/mouse/psmouse-smbus.o
  CC      drivers/usb/core/devices.o
  CC      fs/eventpoll.o
  CC      drivers/i2c/busses/i2c-designware-platdrv.o
  CC [M]  drivers/net/wireless/realtek/rtw88/mac.o
  CC [M]  drivers/gpu/drm/i915/soc/intel_pch.o
  LD [M]  drivers/input/mouse/psmouse.o
  AR      drivers/input/tablet/built-in.a
  CC      drivers/input/touchscreen/elants_i2c.o
  CC [M]  drivers/gpu/drm/xe/xe_guc_capture.o
  CC      drivers/usb/core/phy.o
  CC      drivers/i2c/busses/i2c-designware-baytrail.o
  CC      drivers/usb/core/port.o
  CC [M]  drivers/gpu/drm/i915/soc/intel_rom.o
  AR      drivers/input/touchscreen/built-in.a
  CC      drivers/input/misc/uinput.o
  CC [M]  drivers/i2c/busses/i2c-i801.o
  CC      fs/anon_inodes.o
  CC [M]  drivers/net/wireless/realtek/rtw88/phy.o
  CC [M]  drivers/gpu/drm/xe/xe_guc_ct.o
  AR      drivers/input/misc/built-in.a
  CC      drivers/input/input.o
  CC      drivers/usb/core/hcd-pci.o
  CC      fs/signalfd.o
  CC [M]  drivers/gpu/drm/i915/i915_memcpy.o
  CC [M]  drivers/gpu/drm/i915/i915_mm.o
  AR      drivers/i2c/busses/built-in.a
  AR      drivers/i2c/muxes/built-in.a
  CC      drivers/i2c/i2c-boardinfo.o
  CC      drivers/usb/core/usb-acpi.o
  CC      fs/timerfd.o
  CC [M]  drivers/gpu/drm/xe/xe_guc_db_mgr.o
  CC      drivers/input/input-compat.o
  CC      drivers/i2c/i2c-core-base.o
  CC [M]  drivers/gpu/drm/i915/i915_sw_fence.o
  CC [M]  drivers/net/wireless/realtek/rtw88/coex.o
  AR      drivers/usb/core/built-in.a
  AR      drivers/usb/phy/built-in.a
  CC      drivers/usb/dwc2/core.o
  CC [M]  drivers/gpu/drm/xe/xe_guc_hwconfig.o
  CC      drivers/input/input-mt.o
  CC [M]  drivers/gpu/drm/i915/i915_sw_fence_work.o
  CC      fs/eventfd.o
  CC [M]  drivers/gpu/drm/i915/i915_syncmap.o
  CC      drivers/input/input-poller.o
  CC [M]  net/mac80211/tdls.o
  CC [M]  drivers/gpu/drm/xe/xe_guc_id_mgr.o
  CC      drivers/usb/dwc2/core_intr.o
  CC [M]  drivers/gpu/drm/i915/i915_user_extensions.o
  CC      drivers/i2c/i2c-core-smbus.o
  CC      fs/userfaultfd.o
  CC      drivers/input/ff-core.o
  CC [M]  drivers/gpu/drm/i915/i915_ioc32.o
  CC [M]  drivers/gpu/drm/xe/xe_guc_klv_helpers.o
  CC      drivers/input/touchscreen.o
  CC [M]  drivers/net/wireless/realtek/rtw88/efuse.o
  CC      drivers/usb/dwc2/platform.o
  CC [M]  drivers/gpu/drm/xe/xe_guc_log.o
  CC [M]  drivers/gpu/drm/i915/i915_debugfs.o
  CC      drivers/input/vivaldi-fmap.o
  CC      drivers/i2c/i2c-core-acpi.o
  CC      fs/aio.o
  CC [M]  net/mac80211/ocb.o
  CC [M]  drivers/net/wireless/realtek/rtw88/fw.o
  CC      drivers/input/mousedev.o
  CC      drivers/usb/dwc2/drd.o
  CC [M]  drivers/gpu/drm/xe/xe_guc_pc.o
  CC      drivers/i2c/i2c-core-slave.o
  CC [M]  drivers/gpu/drm/i915/i915_debugfs_params.o
  CC      drivers/usb/dwc2/params.o
  CC      drivers/input/evdev.o
  CC [M]  net/mac80211/airtime.o
  CC [M]  drivers/gpu/drm/xe/xe_guc_submit.o
  CC      fs/dax.o
  CC      drivers/i2c/i2c-dev.o
  CC [M]  drivers/net/wireless/realtek/rtw88/ps.o
  CC [M]  drivers/gpu/drm/i915/i915_pmu.o
  CC [M]  drivers/input/input-leds.o
  CC      drivers/usb/dwc2/hcd.o
  CC [M]  drivers/i2c/i2c-smbus.o
  CC [M]  drivers/input/joydev.o
  CC [M]  drivers/net/wireless/realtek/rtw88/sec.o
  CC [M]  drivers/gpu/drm/i915/gt/gen2_engine_cs.o
  CC [M]  drivers/gpu/drm/xe/xe_heci_gsc.o
  CC      fs/locks.o
  CC [M]  drivers/i2c/i2c-mux.o
  AR      drivers/input/built-in.a
  AR      drivers/net/mctp/built-in.a
  AR      drivers/net/wireless/realtek/built-in.a
  CC      drivers/gpu/drm/drm_bridge.o
  CC [M]  drivers/net/wireless/realtek/rtw88/bf.o
  CC [M]  net/mac80211/eht.o
  CC [M]  drivers/gpu/drm/xe/xe_hw_engine.o
  CC [M]  drivers/gpu/drm/i915/gt/gen6_engine_cs.o
  AR      drivers/i2c/built-in.a
  AR      drivers/net/wireless/rsi/built-in.a
  CC [M]  drivers/net/wireless/realtek/rtw88/sar.o
  CC      drivers/usb/dwc2/hcd_intr.o
  AR      drivers/net/wireless/silabs/built-in.a
  CC      fs/binfmt_script.o
  CC      drivers/usb/host/pci-quirks.o
  CC [M]  net/mac80211/led.o
  CC [M]  drivers/gpu/drm/i915/gt/gen6_ppgtt.o
  CC [M]  drivers/gpu/drm/xe/xe_hw_engine_class_sysfs.o
  AR      drivers/net/wireless/st/built-in.a
  CC      drivers/gpu/drm/drm_cache.o
  CC [M]  drivers/net/wireless/realtek/rtw88/regd.o
  CC      fs/binfmt_elf.o
  CC      drivers/usb/dwc2/hcd_queue.o
  CC      drivers/usb/host/ehci-hcd.o
  AR      drivers/i3c/built-in.a
  CC      drivers/usb/host/ehci-pci.o
  CC [M]  drivers/gpu/drm/xe/xe_hw_engine_group.o
  CC [M]  net/mac80211/debugfs.o
  CC [M]  drivers/gpu/drm/i915/gt/gen7_renderclear.o
  CC [M]  drivers/net/wireless/realtek/rtw88/wow.o
  CC      fs/compat_binfmt_elf.o
  CC      drivers/net/loopback.o
  CC      drivers/usb/dwc2/hcd_ddma.o
  CC [M]  drivers/gpu/drm/xe/xe_hw_fence.o
  CC [M]  drivers/gpu/drm/i915/gt/gen8_engine_cs.o
  CC [M]  drivers/net/wireless/realtek/rtw88/led.o
  CC [M]  net/mac80211/debugfs_sta.o
  CC      fs/backing-file.o
  CC [M]  drivers/gpu/drm/xe/xe_huc.o
  CC      drivers/usb/dwc2/debugfs.o
  AR      drivers/net/wireless/ti/built-in.a
  CC      drivers/gpu/drm/drm_color_mgmt.o
  CC [M]  drivers/gpu/drm/i915/gt/gen8_ppgtt.o
  CC      fs/mbcache.o
  CC [M]  drivers/net/wireless/realtek/rtw88/rtw8723x.o
  AR      drivers/usb/dwc2/built-in.a
  AR      drivers/usb/storage/built-in.a
  CC      drivers/net/netkit.o
  CC      drivers/usb/host/ehci-platform.o
  CC [M]  drivers/gpu/drm/xe/xe_irq.o
  CC [M]  net/mac80211/debugfs_netdev.o
  CC      fs/posix_acl.o
  CC      drivers/usb/host/ohci-hcd.o
  CC [M]  net/mac80211/debugfs_key.o
  CC [M]  drivers/net/wireless/realtek/rtw88/rtw8723d.o
  CC [M]  drivers/gpu/drm/xe/xe_lrc.o
  CC [M]  drivers/gpu/drm/i915/gt/intel_breadcrumbs.o
  CC      drivers/usb/host/ohci-pci.o
  CC      fs/coredump.o
  CC      drivers/net/tun.o
  AR      drivers/usb/misc/built-in.a
  CC [M]  drivers/net/wireless/realtek/rtw88/rtw8723d_table.o
  CC [M]  net/mac80211/mesh.o
  CC [M]  drivers/gpu/drm/i915/gt/intel_context.o
  CC      fs/drop_caches.o
  CC      drivers/usb/host/ohci-platform.o
  CC [M]  drivers/net/wireless/realtek/rtw88/rtw8723du.o
  CC [M]  drivers/gpu/drm/i915/gt/intel_context_sseu.o
  CC      fs/sysctls.o
  CC      fs/fhandle.o
  AR      drivers/media/i2c/built-in.a
  AR      drivers/media/tuners/built-in.a
  CC [M]  drivers/media/tuners/mc44s803.o
  CC      drivers/usb/host/uhci-hcd.o
  CC [M]  drivers/gpu/drm/xe/xe_migrate.o
  CC [M]  net/mac80211/mesh_pathtbl.o
  CC [M]  drivers/net/wireless/realtek/rtw88/usb.o
  CC [M]  drivers/gpu/drm/i915/gt/intel_engine_cs.o
  CC      fs/bpf_fs_kfuncs.o
  CC [M]  drivers/media/tuners/mt20xx.o
  CC [M]  fs/binfmt_misc.o
  LD [M]  drivers/net/wireless/realtek/rtw88/rtw88_core.o
  AR      drivers/net/wireless/zydas/built-in.a
  AR      drivers/net/wireless/virtual/built-in.a
  CC      drivers/gpu/drm/drm_connector.o
  CC [M]  drivers/gpu/drm/xe/xe_mmio.o
  CC [M]  drivers/media/tuners/tuner-simple.o
  CC      drivers/usb/host/xhci.o
  LD [M]  drivers/net/wireless/realtek/rtw88/rtw88_8723x.o
  LD [M]  drivers/net/wireless/realtek/rtw88/rtw88_8723d.o
  LD [M]  drivers/net/wireless/realtek/rtw88/rtw88_8723du.o
  LD [M]  drivers/net/wireless/realtek/rtw88/rtw88_usb.o
  CC [M]  net/mac80211/mesh_plink.o
  AR      drivers/net/wireless/built-in.a
  CC      drivers/net/virtio_net.o
  AR      fs/built-in.a
  CC [M]  drivers/gpu/drm/i915/gt/intel_engine_heartbeat.o
  AR      drivers/media/rc/keymaps/built-in.a
  CC [M]  drivers/media/rc/rc-main.o
  CC [M]  drivers/media/rc/rc-ir-raw.o
  CC [M]  drivers/gpu/drm/xe/xe_mocs.o
  CC [M]  drivers/media/tuners/tuner-types.o
  CC      drivers/usb/host/xhci-mem.o
  CC [M]  drivers/gpu/drm/i915/gt/intel_engine_pm.o
  CC [M]  drivers/media/rc/lirc_dev.o
  CC [M]  drivers/media/tuners/tda18271-maps.o
  CC [M]  net/mac80211/mesh_hwmp.o
  CC [M]  drivers/gpu/drm/xe/xe_module.o
  CC      drivers/usb/early/ehci-dbgp.o
  CC [M]  drivers/media/rc/keymaps/rc-cec.o
  CC [M]  drivers/gpu/drm/i915/gt/intel_engine_user.o
  CC [M]  drivers/media/tuners/tda18271-common.o
  CC [M]  drivers/gpu/drm/xe/xe_oa.o
  AR      drivers/media/rc/built-in.a
  LD [M]  drivers/media/rc/rc-core.o
  CC      drivers/usb/roles/class.o
  CC      drivers/usb/host/xhci-ext-caps.o
  CC [M]  net/mac80211/mesh_sync.o
  CC      drivers/usb/early/xhci-dbc.o
  CC [M]  drivers/media/tuners/tda18271-fe.o
  CC [M]  drivers/usb/roles/intel-xhci-usb-role-switch.o
  CC [M]  drivers/gpu/drm/i915/gt/intel_execlists_submission.o
  CC      drivers/usb/host/xhci-ring.o
  CC      drivers/net/xen-netfront.o
  AR      drivers/usb/roles/built-in.a
  AR      drivers/usb/early/built-in.a
  CC      drivers/usb/host/xhci-hub.o
  AR      drivers/pps/clients/built-in.a
  CC      drivers/pps/pps.o
  CC [M]  drivers/gpu/drm/xe/xe_observation.o
  CC [M]  net/mac80211/mesh_ps.o
  CC [M]  drivers/media/tuners/tda827x.o
  CC      drivers/pps/kapi.o
  CC [M]  drivers/gpu/drm/xe/xe_pat.o
  CC      drivers/pps/sysfs.o
  CC [M]  drivers/gpu/drm/i915/gt/intel_ggtt.o
  CC      drivers/usb/host/xhci-dbg.o
  CC [M]  drivers/media/tuners/tda8290.o
  CC [M]  net/mac80211/pm.o
  CC      drivers/net/net_failover.o
  CC      drivers/gpu/drm/drm_crtc.o
  AR      drivers/pps/built-in.a
  CC      drivers/ptp/ptp_clock.o
  CC [M]  drivers/gpu/drm/xe/xe_pci.o
  CC      drivers/usb/host/xhci-trace.o
  CC [M]  drivers/media/tuners/tda9887.o
  CC [M]  drivers/gpu/drm/xe/xe_pcode.o
  AR      drivers/net/built-in.a
  CC [M]  drivers/gpu/drm/i915/gt/intel_ggtt_fencing.o
  CC      drivers/ptp/ptp_chardev.o
  AR      drivers/media/common/b2c2/built-in.a
  AR      drivers/media/common/saa7146/built-in.a
  CC [M]  net/mac80211/rc80211_minstrel_ht.o
  AR      drivers/media/common/siano/built-in.a
  AR      drivers/media/common/v4l2-tpg/built-in.a
  AR      drivers/media/common/videobuf2/built-in.a
  CC [M]  drivers/media/common/videobuf2/videobuf2-core.o
  CC      drivers/power/reset/restart-poweroff.o
  CC [M]  drivers/gpu/drm/xe/xe_pm.o
  CC [M]  drivers/media/tuners/tea5761.o
  CC      drivers/ptp/ptp_sysfs.o
  AR      drivers/power/reset/built-in.a
  CC      drivers/power/supply/power_supply_core.o
  CC      drivers/usb/host/xhci-dbgcap.o
  CC [M]  drivers/gpu/drm/i915/gt/intel_gt.o
  CC      drivers/ptp/ptp_vclock.o
  CC [M]  drivers/media/tuners/tea5767.o
  CC      drivers/power/supply/power_supply_sysfs.o
  CC [M]  drivers/media/common/videobuf2/frame_vector.o
  CC [M]  drivers/gpu/drm/xe/xe_preempt_fence.o
  CC      drivers/usb/host/xhci-dbgtty.o
  CC [M]  net/mac80211/rc80211_minstrel_ht_debugfs.o
  CC [M]  drivers/gpu/drm/i915/gt/intel_gt_buffer_pool.o
  CC      drivers/power/supply/power_supply_leds.o
  CC [M]  drivers/media/common/videobuf2/vb2-trace.o
  CC      drivers/ptp/ptp_dte.o
  CC [M]  drivers/media/tuners/xc2028.o
  CC [M]  drivers/gpu/drm/xe/xe_pt.o
  CC      drivers/usb/host/xhci-debugfs.o
  CC      drivers/power/supply/power_supply_hwmon.o
  CC      drivers/ptp/ptp_qoriq.o
  CC [M]  drivers/media/common/videobuf2/videobuf2-memops.o
  CC [M]  drivers/gpu/drm/i915/gt/intel_gt_ccs_mode.o
  CC [M]  net/mac80211/wbrf.o
  CC      drivers/power/supply/samsung-sdi-battery.o
  CC      drivers/usb/host/xhci-pci.o
  CC [M]  drivers/media/common/videobuf2/videobuf2-v4l2.o
  CC [M]  drivers/media/tuners/xc4000.o
  CC      drivers/ptp/ptp_qoriq_debugfs.o
  CC      drivers/power/supply/charger-manager.o
  CC [M]  drivers/gpu/drm/i915/gt/intel_gt_clock_utils.o
  CC [M]  drivers/gpu/drm/xe/xe_pt_walk.o
  LD [M]  net/mac80211/mac80211.o
  CC      drivers/hwmon/hwmon.o
  AR      drivers/ptp/built-in.a
  AR      drivers/thermal/broadcom/built-in.a
  AR      drivers/thermal/renesas/built-in.a
  AR      drivers/thermal/samsung/built-in.a
  CC [M]  drivers/thermal/intel/int340x_thermal/int3400_thermal.o
  CC [M]  drivers/gpu/drm/xe/xe_query.o
  AR      drivers/usb/host/built-in.a
  AR      drivers/usb/built-in.a
  CC [M]  drivers/media/tuners/xc5000.o
  CC [M]  drivers/power/sequencing/core.o
  CC [M]  drivers/gpu/drm/i915/gt/intel_gt_debugfs.o
  CC [M]  drivers/media/common/videobuf2/videobuf2-vmalloc.o
  AR      drivers/power/supply/built-in.a
  CC [M]  drivers/thermal/intel/int340x_thermal/int340x_thermal_zone.o
  CC      drivers/thermal/intel/intel_tcc.o
  CC [M]  drivers/hwmon/coretemp.o
  LD [M]  drivers/power/sequencing/pwrseq-core.o
  AR      drivers/power/built-in.a
  CC [M]  drivers/gpu/drm/xe/xe_range_fence.o
  CC [M]  drivers/gpu/drm/xe/xe_reg_sr.o
  CC [M]  drivers/thermal/intel/int340x_thermal/int3402_thermal.o
  CC      drivers/thermal/intel/therm_throt.o
  LD [M]  drivers/media/common/videobuf2/videobuf2-common.o
  CC [M]  drivers/media/common/uvc.o
  CC [M]  drivers/gpu/drm/i915/gt/intel_gt_engines_debugfs.o
  LD [M]  drivers/media/tuners/tda18271.o
  AR      drivers/thermal/st/built-in.a
  AR      drivers/thermal/qcom/built-in.a
  CC [M]  drivers/gpu/drm/i915/gt/intel_gt_irq.o
  CC      drivers/thermal/intel/intel_hfi.o
  AR      drivers/hwmon/built-in.a
  CC [M]  drivers/thermal/intel/int340x_thermal/int3403_thermal.o
  AR      drivers/thermal/tegra/built-in.a
  AR      drivers/media/common/built-in.a
  CC [M]  drivers/thermal/intel/int340x_thermal/processor_thermal_device.o
  AR      drivers/media/platform/allegro-dvt/built-in.a
  AR      drivers/media/platform/amlogic/meson-ge2d/built-in.a
  AR      drivers/media/platform/amlogic/built-in.a
  AR      drivers/media/platform/amphion/built-in.a
  CC [M]  drivers/gpu/drm/xe/xe_reg_whitelist.o
  AR      drivers/media/platform/aspeed/built-in.a
  AR      drivers/media/platform/atmel/built-in.a
  AR      drivers/media/platform/broadcom/built-in.a
  AR      drivers/media/platform/cadence/built-in.a
  AR      drivers/media/platform/chips-media/coda/built-in.a
  AR      drivers/media/platform/chips-media/wave5/built-in.a
  AR      drivers/media/platform/chips-media/built-in.a
  AR      drivers/media/platform/imagination/built-in.a
  AR      drivers/media/platform/intel/built-in.a
  AR      drivers/media/platform/marvell/built-in.a
  AR      drivers/media/platform/mediatek/jpeg/built-in.a
  AR      drivers/media/platform/mediatek/mdp/built-in.a
  AR      drivers/media/platform/mediatek/vcodec/common/built-in.a
  AR      drivers/media/platform/mediatek/vcodec/encoder/built-in.a
  AR      drivers/media/platform/mediatek/vcodec/decoder/built-in.a
  AR      drivers/media/platform/mediatek/vcodec/built-in.a
  AR      drivers/media/platform/mediatek/vpu/built-in.a
  AR      drivers/media/platform/mediatek/mdp3/built-in.a
  AR      drivers/media/platform/mediatek/built-in.a
  AR      drivers/media/pci/ttpci/built-in.a
  AR      drivers/media/pci/b2c2/built-in.a
  AR      drivers/media/platform/microchip/built-in.a
  AR      drivers/media/platform/nuvoton/built-in.a
  AR      drivers/media/pci/pluto2/built-in.a
  AR      drivers/media/pci/dm1105/built-in.a
  AR      drivers/media/platform/nvidia/tegra-vde/built-in.a
  CC [M]  drivers/gpu/drm/xe/xe_rtp.o
  AR      drivers/media/platform/nvidia/built-in.a
  AR      drivers/media/pci/pt1/built-in.a
  AR      drivers/media/pci/pt3/built-in.a
  AR      drivers/media/platform/nxp/dw100/built-in.a
  AR      drivers/media/pci/mantis/built-in.a
  AR      drivers/media/platform/nxp/imx-jpeg/built-in.a
  AR      drivers/media/pci/ngene/built-in.a
  AR      drivers/media/platform/nxp/imx8-isi/built-in.a
  AR      drivers/media/pci/ddbridge/built-in.a
  AR      drivers/media/platform/nxp/built-in.a
  AR      drivers/media/pci/saa7146/built-in.a
  AR      drivers/media/pci/smipcie/built-in.a
  AR      drivers/media/platform/qcom/camss/built-in.a
  AR      drivers/media/pci/netup_unidvb/built-in.a
  AR      drivers/media/platform/qcom/venus/built-in.a
  AR      drivers/media/platform/qcom/built-in.a
  AR      drivers/media/pci/intel/ipu3/built-in.a
  AR      drivers/media/platform/raspberrypi/pisp_be/built-in.a
  AR      drivers/media/pci/intel/ivsc/built-in.a
  AR      drivers/media/pci/intel/built-in.a
  AR      drivers/media/platform/raspberrypi/rp1-cfe/built-in.a
  AR      drivers/media/pci/built-in.a
  AR      drivers/media/platform/raspberrypi/built-in.a
  AR      drivers/media/platform/renesas/rcar-vin/built-in.a
  CC      drivers/watchdog/watchdog_core.o
  AR      drivers/media/platform/renesas/rzg2l-cru/built-in.a
  AR      drivers/media/platform/renesas/vsp1/built-in.a
  AR      drivers/media/platform/renesas/built-in.a
  AR      drivers/media/platform/rockchip/rga/built-in.a
  AR      drivers/media/platform/rockchip/rkisp1/built-in.a
  CC [M]  drivers/thermal/intel/intel_powerclamp.o
  AR      drivers/media/platform/rockchip/built-in.a
  AR      drivers/media/platform/samsung/exynos-gsc/built-in.a
  AR      drivers/media/platform/samsung/exynos4-is/built-in.a
  AR      drivers/media/platform/samsung/s3c-camif/built-in.a
  AR      drivers/media/platform/samsung/s5p-g2d/built-in.a
  AR      drivers/media/platform/samsung/s5p-jpeg/built-in.a
  AR      drivers/media/platform/samsung/s5p-mfc/built-in.a
  AR      drivers/media/platform/samsung/built-in.a
  CC [M]  drivers/gpu/drm/i915/gt/intel_gt_mcr.o
  AR      drivers/media/usb/b2c2/built-in.a
  AR      drivers/media/platform/st/sti/bdisp/built-in.a
  AR      drivers/media/usb/dvb-usb/built-in.a
  AR      drivers/media/platform/st/sti/c8sectpfe/built-in.a
  AR      drivers/media/usb/dvb-usb-v2/built-in.a
  AR      drivers/media/platform/st/sti/delta/built-in.a
  AR      drivers/media/usb/s2255/built-in.a
  AR      drivers/media/usb/siano/built-in.a
  AR      drivers/media/platform/st/sti/hva/built-in.a
  AR      drivers/media/usb/ttusb-budget/built-in.a
  AR      drivers/media/platform/st/stm32/built-in.a
  AR      drivers/media/platform/st/built-in.a
  AR      drivers/media/usb/ttusb-dec/built-in.a
  CC [M]  drivers/media/usb/uvc/uvc_driver.o
  CC [M]  drivers/thermal/intel/int340x_thermal/int3401_thermal.o
  AR      drivers/media/platform/sunxi/sun4i-csi/built-in.a
  AR      drivers/media/platform/sunxi/sun6i-csi/built-in.a
  AR      drivers/media/platform/sunxi/sun6i-mipi-csi2/built-in.a
  AR      drivers/media/platform/sunxi/sun8i-a83t-mipi-csi2/built-in.a
  AR      drivers/media/platform/sunxi/sun8i-di/built-in.a
  AR      drivers/media/platform/sunxi/sun8i-rotate/built-in.a
  AR      drivers/media/platform/sunxi/built-in.a
  CC [M]  drivers/thermal/intel/int340x_thermal/processor_thermal_device_pci_legacy.o
  AR      drivers/media/platform/ti/am437x/built-in.a
  AR      drivers/media/platform/ti/cal/built-in.a
  AR      drivers/media/platform/ti/vpe/built-in.a
  AR      drivers/media/platform/ti/davinci/built-in.a
  AR      drivers/media/platform/ti/j721e-csi2rx/built-in.a
  AR      drivers/media/platform/ti/omap/built-in.a
  AR      drivers/media/platform/ti/omap3isp/built-in.a
  AR      drivers/media/platform/ti/built-in.a
  AR      drivers/media/platform/verisilicon/built-in.a
  AR      drivers/media/platform/via/built-in.a
  AR      drivers/media/platform/xilinx/built-in.a
  AR      drivers/media/platform/built-in.a
  CC [M]  drivers/gpu/drm/xe/xe_ring_ops.o
  CC      drivers/watchdog/watchdog_dev.o
  AR      drivers/media/mmc/siano/built-in.a
  AR      drivers/media/mmc/built-in.a
  CC      drivers/gpu/drm/drm_displayid.o
  AR      drivers/thermal/mediatek/built-in.a
  CC [M]  drivers/media/usb/uvc/uvc_queue.o
  CC [M]  drivers/gpu/drm/i915/gt/intel_gt_pm.o
  CC [M]  drivers/thermal/intel/int340x_thermal/processor_thermal_device_pci.o
  CC      drivers/md/md.o
  CC      drivers/watchdog/watchdog_pretimeout.o
  AR      drivers/accessibility/braille/built-in.a
  AR      drivers/accessibility/built-in.a
  CC [M]  drivers/thermal/intel/intel_soc_dts_iosf.o
  CC [M]  drivers/gpu/drm/xe/xe_sa.o
  CC [M]  drivers/thermal/intel/int340x_thermal/processor_thermal_rapl.o
  CC [M]  drivers/media/usb/uvc/uvc_v4l2.o
  CC      drivers/watchdog/pretimeout_noop.o
  CC      drivers/watchdog/stm32_iwdg.o
  AR      drivers/media/firewire/built-in.a
  CC      drivers/watchdog/marvell_gti_wdt.o
  CC [M]  drivers/gpu/drm/i915/gt/intel_gt_pm_debugfs.o
  CC [M]  drivers/gpu/drm/xe/xe_sched_job.o
  CC [M]  drivers/thermal/intel/int340x_thermal/processor_thermal_rfim.o
  CC [M]  drivers/gpu/drm/xe/xe_step.o
  CC      drivers/md/md-bitmap.o
  AR      drivers/watchdog/built-in.a
  CC [M]  drivers/gpu/drm/i915/gt/intel_gt_pm_irq.o
  CC [M]  drivers/media/usb/uvc/uvc_video.o
  CC      drivers/gpu/drm/drm_drv.o
  AR      drivers/isdn/hardware/built-in.a
  CC [M]  drivers/gpu/drm/xe/xe_sync.o
  AR      drivers/isdn/built-in.a
  AR      drivers/media/spi/built-in.a
  AR      drivers/media/test-drivers/built-in.a
  CC [M]  drivers/thermal/intel/int340x_thermal/processor_thermal_mbox.o
  CC [M]  drivers/gpu/drm/i915/gt/intel_gt_requests.o
  CC      drivers/md/md-autodetect.o
  CC [M]  drivers/thermal/intel/int340x_thermal/processor_thermal_wt_req.o
  CC [M]  drivers/gpu/drm/xe/xe_tile.o
  CC      drivers/md/dm-init.o
  CC [M]  drivers/thermal/intel/int340x_thermal/processor_thermal_wt_hint.o
  CC [M]  drivers/media/usb/uvc/uvc_ctrl.o
  CC [M]  drivers/media/mc/mc-device.o
  CC      drivers/edac/edac_mc.o
  CC [M]  drivers/gpu/drm/i915/gt/intel_gt_sysfs.o
  CC [M]  drivers/gpu/drm/xe/xe_tile_sysfs.o
  CC [M]  drivers/thermal/intel/int340x_thermal/processor_thermal_power_floor.o
  CC      drivers/opp/core.o
  CC [M]  drivers/media/mc/mc-devnode.o
  CC [M]  drivers/gpu/drm/xe/xe_trace.o
  CC [M]  drivers/thermal/intel/int340x_thermal/acpi_thermal_rel.o
  CC      drivers/edac/edac_device.o
  CC [M]  drivers/gpu/drm/i915/gt/intel_gt_sysfs_pm.o
  CC      drivers/md/dm-uevent.o
  CC [M]  drivers/media/usb/uvc/uvc_status.o
  CC [M]  drivers/media/mc/mc-entity.o
  CC      drivers/opp/cpu.o
  CC      drivers/md/dm-zone.o
  CC      drivers/edac/edac_mc_sysfs.o
  AR      drivers/thermal/intel/built-in.a
  CC      drivers/thermal/thermal_core.o
  CC [M]  drivers/media/usb/uvc/uvc_isight.o
  CC [M]  drivers/gpu/drm/i915/gt/intel_gtt.o
  CC      drivers/opp/debugfs.o
  CC      drivers/edac/edac_module.o
  CC [M]  drivers/gpu/drm/xe/xe_trace_bo.o
  CC      drivers/md/dm-ima.o
  CC [M]  drivers/media/mc/mc-request.o
  CC [M]  drivers/media/usb/uvc/uvc_debugfs.o
  AR      drivers/opp/built-in.a
  CC      drivers/md/dm-audit.o
  CC      drivers/edac/edac_device_sysfs.o
  CC      drivers/thermal/thermal_sysfs.o
  CC [M]  drivers/media/mc/mc-dev-allocator.o
  CC [M]  drivers/gpu/drm/i915/gt/intel_llc.o
  CC [M]  drivers/media/usb/uvc/uvc_metadata.o
  CC [M]  drivers/gpu/drm/xe/xe_trace_guc.o
  CC      drivers/gpu/drm/drm_dumb_buffers.o
  CC      drivers/md/dm.o
  LD [M]  drivers/media/mc/mc.o
  CC [M]  drivers/media/v4l2-core/v4l2-async.o
  CC      drivers/edac/wq.o
  CC      drivers/thermal/thermal_trip.o
  CC [M]  drivers/gpu/drm/i915/gt/intel_lrc.o
  CC      drivers/gpu/drm/drm_edid.o
  CC [M]  drivers/media/usb/uvc/uvc_entity.o
  CC [M]  drivers/gpu/drm/xe/xe_trace_lrc.o
  CC      drivers/thermal/thermal_helpers.o
  CC      drivers/edac/edac_pci.o
  CC [M]  drivers/media/v4l2-core/v4l2-fwnode.o
  CC      drivers/thermal/thermal_thresholds.o
  CC      drivers/edac/edac_pci_sysfs.o
  LD [M]  drivers/media/usb/uvc/uvcvideo.o
  AR      drivers/media/usb/built-in.a
  CC [M]  drivers/gpu/drm/i915/gt/intel_migrate.o
  CC [M]  drivers/gpu/drm/i915/gt/intel_mocs.o
  CC [M]  drivers/gpu/drm/xe/xe_ttm_sys_mgr.o
  CC      drivers/md/dm-table.o
  CC      drivers/thermal/thermal_netlink.o
  CC [M]  drivers/media/v4l2-core/v4l2-dv-timings.o
  CC      drivers/edac/ghes_edac.o
  CC [M]  drivers/gpu/drm/xe/xe_ttm_stolen_mgr.o
  CC      drivers/thermal/thermal_hwmon.o
  CC [M]  drivers/gpu/drm/i915/gt/intel_ppgtt.o
  CC      drivers/gpu/drm/drm_eld.o
  CC      drivers/md/dm-target.o
  CC [M]  drivers/gpu/drm/xe/xe_ttm_vram_mgr.o
  AR      drivers/edac/built-in.a
  CC      drivers/thermal/gov_fair_share.o
  CC      drivers/gpu/drm/drm_encoder.o
  CC [M]  drivers/media/dvb-core/dvbdev.o
  CC      drivers/gpu/drm/drm_file.o
  CC [M]  drivers/media/v4l2-core/v4l2-dev.o
  CC      drivers/thermal/gov_bang_bang.o
  CC [M]  drivers/gpu/drm/i915/gt/intel_rc6.o
  CC      drivers/md/dm-linear.o
  CC [M]  drivers/gpu/drm/xe/xe_tuning.o
  CC      drivers/cpufreq/cpufreq.o
  CC [M]  drivers/gpu/drm/i915/gt/intel_region_lmem.o
  CC [M]  drivers/media/dvb-core/dmxdev.o
  CC      drivers/thermal/gov_step_wise.o
  CC      drivers/md/dm-stripe.o
  CC [M]  drivers/media/v4l2-core/v4l2-ioctl.o
  CC [M]  drivers/gpu/drm/xe/xe_uc.o
  CC      drivers/thermal/gov_user_space.o
  CC [M]  drivers/gpu/drm/i915/gt/intel_renderstate.o
  CC [M]  drivers/media/cec/core/cec-core.o
  CC [M]  drivers/media/dvb-core/dvb_demux.o
  CC      drivers/md/dm-ioctl.o
  CC [M]  drivers/gpu/drm/xe/xe_uc_fw.o
  CC      drivers/thermal/gov_power_allocator.o
  CC      drivers/cpufreq/freq_table.o
  CC [M]  drivers/media/cec/core/cec-adap.o
  CC [M]  drivers/gpu/drm/i915/gt/intel_reset.o
  CC [M]  drivers/media/dvb-core/dvb_ca_en50221.o
  CC      drivers/cpufreq/cpufreq_stats.o
  CC [M]  drivers/gpu/drm/xe/xe_vm.o
  CC [M]  drivers/media/v4l2-core/v4l2-device.o
  CC      drivers/thermal/devfreq_cooling.o
  CC      drivers/md/dm-io.o
  CC      drivers/cpufreq/cpufreq_performance.o
  CC [M]  drivers/media/dvb-core/dvb_frontend.o
  CC      drivers/thermal/pcie_cooling.o
  CC [M]  drivers/media/cec/core/cec-api.o
  CC [M]  drivers/media/v4l2-core/v4l2-fh.o
  CC      drivers/md/dm-kcopyd.o
  CC      drivers/cpufreq/cpufreq_powersave.o
  CC [M]  drivers/gpu/drm/i915/gt/intel_ring.o
  AR      drivers/thermal/built-in.a
  CC      drivers/cpuidle/governors/ladder.o
  LD [M]  drivers/media/cec/core/cec.o
  CC      drivers/cpufreq/cpufreq_userspace.o
  CC [M]  drivers/gpu/drm/xe/xe_vram.o
  CC [M]  drivers/media/v4l2-core/v4l2-event.o
  CC      drivers/cpuidle/governors/menu.o
  CC      drivers/md/dm-sysfs.o
  CC [M]  drivers/media/dvb-core/dvb_net.o
  CC [M]  drivers/gpu/drm/i915/gt/intel_ring_submission.o
  CC      drivers/cpufreq/cpufreq_ondemand.o
  CC [M]  drivers/media/v4l2-core/v4l2-subdev.o
  CC      drivers/cpuidle/governors/teo.o
  CC      drivers/cpufreq/cpufreq_conservative.o
  CC [M]  drivers/gpu/drm/xe/xe_vram_freq.o
  CC      drivers/md/dm-stats.o
  CC      drivers/cpuidle/governors/haltpoll.o
  CC [M]  drivers/gpu/drm/xe/xe_vsec.o
  CC      drivers/cpufreq/cpufreq_governor.o
  CC      drivers/gpu/drm/drm_fourcc.o
  CC [M]  drivers/media/dvb-core/dvb_ringbuffer.o
  CC [M]  drivers/gpu/drm/i915/gt/intel_rps.o
  AR      drivers/cpuidle/governors/built-in.a
  CC      drivers/cpuidle/cpuidle.o
  CC [M]  drivers/gpu/drm/xe/xe_wait_user_fence.o
  AR      drivers/media/built-in.a
  CC [M]  drivers/media/v4l2-core/v4l2-common.o
  CC      drivers/cpufreq/cpufreq_governor_attr_set.o
  CC      drivers/md/dm-rq.o
  CC [M]  drivers/gpu/drm/i915/gt/intel_sa_media.o
  LD [M]  drivers/media/dvb-core/dvb-core.o
  CC      drivers/cpufreq/acpi-cpufreq.o
  CC      drivers/cpufreq/amd-pstate.o
  CC [M]  drivers/gpu/drm/xe/xe_wa.o
  CC      drivers/md/dm-io-rewind.o
  CC      drivers/cpuidle/driver.o
  CC [M]  drivers/media/v4l2-core/v4l2-ctrls-core.o
  CC [M]  drivers/gpu/drm/i915/gt/intel_sseu.o
  CC [M]  drivers/gpu/drm/xe/xe_wopcm.o
  CC [M]  drivers/gpu/drm/xe/xe_hmm.o
  CC      drivers/cpuidle/governor.o
  CC      drivers/md/dm-builtin.o
  CC [M]  drivers/gpu/drm/i915/gt/intel_sseu_debugfs.o
  CC      drivers/cpufreq/amd-pstate-trace.o
  CC      drivers/mmc/core/core.o
  CC      drivers/cpuidle/sysfs.o
  CC [M]  drivers/gpu/drm/xe/xe_hwmon.o
  AR      drivers/md/built-in.a
  CC      drivers/gpu/drm/drm_framebuffer.o
  CC [M]  drivers/gpu/drm/i915/gt/intel_timeline.o
  CC [M]  drivers/media/v4l2-core/v4l2-ctrls-api.o
  CC      drivers/cpuidle/poll_state.o
  CC      drivers/cpufreq/powernow-k8.o
  CC [M]  drivers/gpu/drm/i915/gt/intel_tlb.o
  AR      drivers/cpuidle/built-in.a
  AR      drivers/ufs/built-in.a
  CC      drivers/mmc/core/bus.o
  CC [M]  drivers/gpu/drm/xe/xe_gt_sriov_vf.o
  CC [M]  drivers/gpu/drm/xe/xe_guc_relay.o
  AR      drivers/mmc/host/built-in.a
  CC [M]  drivers/mmc/host/sdhci.o
  CC [M]  drivers/media/v4l2-core/v4l2-ctrls-request.o
  CC      drivers/mmc/core/host.o
  CC      drivers/cpufreq/pcc-cpufreq.o
  CC [M]  drivers/gpu/drm/i915/gt/intel_wopcm.o
  CC [M]  drivers/media/v4l2-core/v4l2-ctrls-defs.o
  AR      drivers/firmware/arm_ffa/built-in.a
  AR      drivers/firmware/arm_scmi/built-in.a
  AR      drivers/firmware/broadcom/built-in.a
  AR      drivers/firmware/cirrus/test/built-in.a
  AR      drivers/firmware/cirrus/built-in.a
  AR      drivers/firmware/meson/built-in.a
  AR      drivers/firmware/microchip/built-in.a
  CC      drivers/firmware/efi/libstub/efi-stub-helper.o
  CC [M]  drivers/gpu/drm/i915/gt/intel_workarounds.o
  CC      drivers/cpufreq/speedstep-centrino.o
  CC [M]  drivers/gpu/drm/xe/xe_memirq.o
  CC      drivers/mmc/core/mmc.o
  CC      drivers/gpu/drm/drm_gem.o
  CC [M]  drivers/media/v4l2-core/v4l2-compat-ioctl32.o
  CC      drivers/cpufreq/intel_pstate.o
  CC      drivers/firmware/efi/libstub/gop.o
  CC [M]  drivers/gpu/drm/xe/xe_sriov.o
  CC [M]  drivers/mmc/host/sdhci-acpi.o
  CC [M]  drivers/media/v4l2-core/v4l2-mc.o
  CC      drivers/firmware/efi/libstub/secureboot.o
  CC      drivers/mmc/core/mmc_ops.o
  AR      drivers/firmware/imx/built-in.a
  CC [M]  drivers/gpu/drm/xe/xe_sriov_vf.o
  CC      drivers/gpu/drm/drm_ioctl.o
  CC [M]  drivers/gpu/drm/i915/gt/shmem_utils.o
  CC      drivers/firmware/efi/libstub/tpm.o
  CC [M]  drivers/media/v4l2-core/v4l2-spi.o
  CC      drivers/firmware/efi/efi-bgrt.o
  CC [M]  drivers/gpu/drm/xe/xe_gt_sriov_pf.o
  CC      drivers/mmc/core/sd.o
  CC      drivers/mmc/core/sd_ops.o
  AR      drivers/cpufreq/built-in.a
  AR      drivers/crypto/ccp/built-in.a
  AR      drivers/crypto/stm32/built-in.a
  AR      drivers/crypto/xilinx/built-in.a
  AR      drivers/crypto/hisilicon/built-in.a
  AR      drivers/crypto/intel/keembay/built-in.a
  AR      drivers/crypto/intel/ixp4xx/built-in.a
  AR      drivers/crypto/intel/built-in.a
  AR      drivers/crypto/starfive/built-in.a
  AR      drivers/crypto/built-in.a
  CC      drivers/clocksource/acpi_pm.o
  CC [M]  drivers/gpu/drm/i915/gt/sysfs_engines.o
  CC      drivers/firmware/efi/libstub/file.o
  CC [M]  drivers/media/v4l2-core/v4l2-trace.o
  AR      drivers/firmware/psci/built-in.a
  CC      drivers/mmc/core/sdio.o
  CC [M]  drivers/gpu/drm/xe/xe_gt_sriov_pf_config.o
  CC      drivers/gpu/drm/drm_lease.o
  CC      drivers/clocksource/i8253.o
  CC      drivers/firmware/efi/libstub/mem.o
  CC      drivers/firmware/efi/efi.o
  CC [M]  drivers/gpu/drm/i915/gt/intel_ggtt_gmch.o
  CC      drivers/mmc/core/sdio_ops.o
  CC [M]  drivers/media/v4l2-core/v4l2-i2c.o
  CC      drivers/clocksource/numachip.o
  CC      drivers/firmware/efi/libstub/random.o
  CC      drivers/hid/bpf/hid_bpf_dispatch.o
  AR      drivers/clocksource/built-in.a
  CC [M]  drivers/hid/usbhid/hid-core.o
  CC      drivers/mmc/core/sdio_bus.o
  AR      drivers/firmware/qcom/built-in.a
  CC      drivers/hid/bpf/hid_bpf_struct_ops.o
  LD [M]  drivers/media/v4l2-core/videodev.o
  CC [M]  drivers/gpu/drm/xe/xe_gt_sriov_pf_control.o
  CC      drivers/firmware/efi/vars.o
  CC [M]  drivers/gpu/drm/i915/gt/gen6_renderstate.o
  CC      drivers/firmware/efi/libstub/randomalloc.o
  CC [M]  drivers/gpu/drm/i915/gt/gen7_renderstate.o
  CC      drivers/gpu/drm/drm_managed.o
  CC [M]  drivers/hid/usbhid/hiddev.o
  CC      drivers/mmc/core/sdio_cis.o
  CC      drivers/firmware/efi/libstub/pci.o
  CC [M]  drivers/gpu/drm/i915/gt/gen8_renderstate.o
  CC [M]  drivers/hid/usbhid/hid-pidff.o
  AR      drivers/hid/bpf/built-in.a
  CC [M]  drivers/hid/i2c-hid/i2c-hid-core.o
  CC [M]  drivers/gpu/drm/xe/xe_gt_sriov_pf_migration.o
  CC [M]  drivers/gpu/drm/i915/gt/gen9_renderstate.o
  CC [M]  drivers/gpu/drm/i915/gem/i915_gem_busy.o
  CC      drivers/mmc/core/sdio_io.o
  CC      drivers/firmware/efi/libstub/skip_spaces.o
  CC      drivers/firmware/efi/libstub/lib-cmdline.o
  AR      drivers/staging/media/built-in.a
  CC      drivers/staging/vme_user/vme.o
  CC      drivers/firmware/efi/libstub/lib-ctype.o
  CC      drivers/firmware/efi/libstub/alignedmem.o
  AR      drivers/firmware/smccc/built-in.a
  CC      drivers/firmware/efi/reboot.o
  LD [M]  drivers/hid/usbhid/usbhid.o
  CC [M]  drivers/gpu/drm/xe/xe_gt_sriov_pf_monitor.o
  AR      drivers/hid/built-in.a
  CC [M]  drivers/gpu/drm/xe/xe_gt_sriov_pf_policy.o
  CC [M]  drivers/hid/i2c-hid/i2c-hid-dmi-quirks.o
  CC [M]  drivers/gpu/drm/i915/gem/i915_gem_clflush.o
  CC      drivers/firmware/efi/libstub/relocate.o
  CC      drivers/mmc/core/sdio_irq.o
  CC      drivers/platform/x86/amd/wbrf.o
  AR      drivers/staging/vme_user/built-in.a
  CC [M]  drivers/staging/iio/impedance-analyzer/ad5933.o
  CC [M]  drivers/gpu/drm/xe/xe_gt_sriov_pf_service.o
  CC [M]  drivers/hid/i2c-hid/i2c-hid-acpi.o
  CC      drivers/firmware/efi/libstub/printk.o
  AR      drivers/platform/x86/amd/built-in.a
  CC      drivers/gpu/drm/drm_mm.o
  AR      drivers/platform/x86/dell/built-in.a
  AR      drivers/platform/x86/hp/built-in.a
  CC      drivers/mmc/core/sd_uhs2.o
  CC      drivers/platform/x86/intel/turbo_max_3.o
  CC [M]  drivers/gpu/drm/i915/gem/i915_gem_context.o
  CC [M]  drivers/platform/x86/intel/vsec.o
  CC      drivers/firmware/efi/libstub/vsprintf.o
  LD [M]  drivers/hid/i2c-hid/i2c-hid.o
  CC [M]  drivers/hid/hid-core.o
  CC [M]  drivers/gpu/drm/xe/xe_lmtt.o
  AR      drivers/staging/built-in.a
  CC [M]  drivers/gpu/drm/i915/gem/i915_gem_create.o
  CC      drivers/firmware/efi/libstub/x86-stub.o
  CC      drivers/mmc/core/slot-gpio.o
  CC [M]  drivers/gpu/drm/i915/gem/i915_gem_dmabuf.o
  AR      drivers/platform/x86/intel/built-in.a
  LD [M]  drivers/platform/x86/intel/intel-vsec.o
  CC      drivers/platform/x86/p2sb.o
  CC [M]  drivers/gpu/drm/xe/xe_lmtt_2l.o
  CC      drivers/firmware/efi/libstub/smbios.o
  CC      drivers/mmc/core/regulator.o
  CC [M]  drivers/gpu/drm/xe/xe_lmtt_ml.o
  CC [M]  drivers/gpu/drm/xe/xe_pci_sriov.o
  CC      drivers/firmware/efi/libstub/x86-5lvl.o
  CC      drivers/gpu/drm/drm_mode_config.o
  CC      drivers/platform/x86/intel_scu_ipc.o
  AR      drivers/firmware/tegra/built-in.a
  CC [M]  drivers/hid/hid-input.o
  CC [M]  drivers/gpu/drm/i915/gem/i915_gem_domain.o
  CC      drivers/mmc/core/debugfs.o
  CC [M]  drivers/gpu/drm/xe/xe_sriov_pf.o
  CC      drivers/firmware/efi/libstub/unaccepted_memory.o
  CC      drivers/mailbox/mailbox.o
  CC      drivers/platform/x86/intel_scu_pcidrv.o
  CC [M]  drivers/hid/hid-quirks.o
  CC      drivers/mmc/core/crypto.o
  CC [M]  drivers/gpu/drm/xe/display/ext/i915_irq.o
  CC      drivers/firmware/efi/libstub/bitmap.o
  CC      drivers/firmware/efi/libstub/find.o
  STUBCPY drivers/firmware/efi/libstub/alignedmem.stub.o
  STUBCPY drivers/firmware/efi/libstub/bitmap.stub.o
  STUBCPY drivers/firmware/efi/libstub/efi-stub-helper.stub.o
  STUBCPY drivers/firmware/efi/libstub/file.stub.o
  STUBCPY drivers/firmware/efi/libstub/find.stub.o
  STUBCPY drivers/firmware/efi/libstub/gop.stub.o
  STUBCPY drivers/firmware/efi/libstub/lib-cmdline.stub.o
  STUBCPY drivers/firmware/efi/libstub/lib-ctype.stub.o
  STUBCPY drivers/firmware/efi/libstub/mem.stub.o
  STUBCPY drivers/firmware/efi/libstub/pci.stub.o
  STUBCPY drivers/firmware/efi/libstub/printk.stub.o
  STUBCPY drivers/firmware/efi/libstub/random.stub.o
  STUBCPY drivers/firmware/efi/libstub/randomalloc.stub.o
  CC [M]  drivers/gpu/drm/i915/gem/i915_gem_execbuffer.o
  STUBCPY drivers/firmware/efi/libstub/relocate.stub.o
  CC      drivers/mailbox/pcc.o
  STUBCPY drivers/firmware/efi/libstub/secureboot.stub.o
  STUBCPY drivers/firmware/efi/libstub/skip_spaces.stub.o
  STUBCPY drivers/firmware/efi/libstub/smbios.stub.o
  STUBCPY drivers/firmware/efi/libstub/tpm.stub.o
  STUBCPY drivers/firmware/efi/libstub/unaccepted_memory.stub.o
  STUBCPY drivers/firmware/efi/libstub/vsprintf.stub.o
  STUBCPY drivers/firmware/efi/libstub/x86-5lvl.stub.o
  STUBCPY drivers/firmware/efi/libstub/x86-stub.stub.o
  AR      drivers/firmware/efi/libstub/lib.a
  CC      drivers/platform/x86/pmc_atom.o
  CC [M]  drivers/mmc/core/block.o
  CC      drivers/firmware/efi/memattr.o
  AR      drivers/firmware/xilinx/built-in.a
  AR      drivers/platform/mellanox/built-in.a
  CC      drivers/gpu/drm/drm_mode_object.o
  CC [M]  drivers/gpu/drm/xe/display/ext/i915_utils.o
  CC [M]  drivers/hid/hid-debug.o
  CC      drivers/firmware/efi/tpm.o
  AR      drivers/mailbox/built-in.a
  CC      drivers/hwspinlock/hwspinlock_core.o
  CC [M]  drivers/platform/x86/wmi.o
  CC [M]  drivers/gpu/drm/xe/display/intel_bo.o
  CC [M]  drivers/gpu/drm/i915/gem/i915_gem_internal.o
  AR      drivers/hwspinlock/built-in.a
  CC [M]  drivers/mmc/core/queue.o
  CC      drivers/firmware/efi/memmap.o
  CC [M]  drivers/hid/hidraw.o
  CC [M]  drivers/gpu/drm/xe/display/intel_fb_bo.o
  AR      drivers/platform/x86/built-in.a
  CC      drivers/remoteproc/remoteproc_core.o
  AR      drivers/platform/chrome/built-in.a
  AR      drivers/platform/surface/built-in.a
  AR      drivers/platform/arm64/built-in.a
  AR      drivers/platform/built-in.a
  CC      drivers/firmware/dmi_scan.o
  CC      drivers/firmware/efi/esrt.o
  AR      drivers/mmc/core/built-in.a
  CC [M]  drivers/gpu/drm/i915/gem/i915_gem_lmem.o
  LD [M]  drivers/mmc/core/mmc_block.o
  AR      drivers/mmc/built-in.a
  CC      drivers/gpu/drm/drm_modes.o
  AR      drivers/virt/vboxguest/built-in.a
  AR      drivers/virt/coco/tdx-guest/built-in.a
  AR      drivers/virt/coco/built-in.a
  AR      drivers/virt/built-in.a
  CC [M]  drivers/hid/hid-generic.o
  CC [M]  drivers/gpu/drm/xe/display/intel_fbdev_fb.o
  CC      drivers/remoteproc/remoteproc_coredump.o
  CC      drivers/firmware/efi/cper.o
  CC      drivers/firmware/edd.o
  CC      drivers/remoteproc/remoteproc_debugfs.o
  CC [M]  drivers/hid/hid-multitouch.o
  CC [M]  drivers/gpu/drm/i915/gem/i915_gem_mman.o
  CC [M]  drivers/gpu/drm/xe/display/xe_display.o
  AR      drivers/devfreq/event/built-in.a
  CC      drivers/devfreq/devfreq.o
  CC      drivers/firmware/efi/cper_cxl.o
  CC      drivers/firmware/dmi-id.o
  CC [M]  drivers/gpu/drm/i915/gem/i915_gem_object.o
  CC      drivers/remoteproc/remoteproc_sysfs.o
  CC      drivers/firmware/efi/runtime-wrappers.o
  LD [M]  drivers/hid/hid.o
  CC      drivers/remoteproc/remoteproc_virtio.o
  CC      drivers/remoteproc/remoteproc_elf_loader.o
  CC [M]  drivers/gpu/drm/xe/display/xe_display_misc.o
  CC      drivers/remoteproc/remoteproc_cdev.o
  CC      drivers/devfreq/devfreq-event.o
  CC      drivers/gpu/drm/drm_modeset_lock.o
  CC      drivers/firmware/efi/dev-path-parser.o
  CC [M]  drivers/gpu/drm/i915/gem/i915_gem_pages.o
  CC      drivers/extcon/extcon.o
  CC      drivers/gpu/drm/drm_plane.o
  CC      drivers/devfreq/governor_simpleondemand.o
  AR      drivers/remoteproc/built-in.a
  CC [M]  drivers/gpu/drm/xe/display/xe_display_rps.o
  CC      drivers/firmware/efi/secureboot.o
  CC [M]  drivers/gpu/drm/xe/display/xe_display_wa.o
  CC      drivers/firmware/memmap.o
  CC      drivers/gpu/drm/drm_prime.o
  CC      drivers/devfreq/governor_performance.o
  CC      drivers/firmware/efi/apple-properties.o
  CC [M]  drivers/gpu/drm/xe/display/xe_dsb_buffer.o
  CC      drivers/extcon/devres.o
  CC      drivers/firmware/efi/rci2-table.o
  CC      drivers/firmware/sysfb.o
  CC [M]  drivers/gpu/drm/i915/gem/i915_gem_phys.o
  CC      drivers/devfreq/governor_powersave.o
  CC [M]  drivers/gpu/drm/i915/gem/i915_gem_pm.o
  AR      drivers/extcon/built-in.a
  CC [M]  drivers/gpu/drm/i915/gem/i915_gem_region.o
  CC      drivers/memory/tegra/mc.o
  CC [M]  drivers/gpu/drm/xe/display/xe_fb_pin.o
  CC      drivers/firmware/efi/mokvar-table.o
  CC      drivers/devfreq/governor_userspace.o
  CC      drivers/powercap/powercap_sys.o
  CC [M]  drivers/gpu/drm/i915/gem/i915_gem_shmem.o
  CC      drivers/memory/tegra/tegra20-emc.o
  CC      drivers/devfreq/governor_passive.o
  CC      drivers/firmware/efi/sysfb_efi.o
  CC      drivers/firmware/sysfb_simplefb.o
  CC [M]  drivers/gpu/drm/i915/gem/i915_gem_shrinker.o
  CC      drivers/powercap/idle_inject.o
  CC [M]  drivers/gpu/drm/xe/display/xe_hdcp_gsc.o
  CC      drivers/memory/tegra/tegra30-emc.o
  CC      drivers/firmware/efi/earlycon.o
  AR      drivers/devfreq/built-in.a
  CC [M]  drivers/gpu/drm/xe/display/xe_plane_initial.o
  CC      drivers/memory/jedec_ddr_data.o
  CC      drivers/gpu/drm/drm_print.o
  CC      drivers/firmware/efi/cper-x86.o
  CC [M]  drivers/powercap/intel_rapl_common.o
  AR      drivers/perf/built-in.a
  CC [M]  drivers/firmware/dmi-sysfs.o
  CC [M]  drivers/gpu/drm/i915/gem/i915_gem_stolen.o
  CC      drivers/firmware/efi/unaccepted_memory.o
  CC      drivers/memory/tegra/tegra124-emc.o
  CC [M]  drivers/gpu/drm/xe/display/xe_tdf.o
  CC [M]  drivers/gpu/drm/xe/i915-soc/intel_dram.o
  AR      drivers/ras/amd/atl/built-in.a
  CC      drivers/ras/ras.o
  CC [M]  drivers/powercap/intel_rapl_msr.o
  CC [M]  drivers/firmware/efi/efi-pstore.o
  AR      drivers/memory/tegra/built-in.a
  AR      drivers/memory/built-in.a
  CC [M]  drivers/gpu/drm/xe/i915-soc/intel_pch.o
  CC      drivers/gpu/drm/drm_property.o
  CC [M]  drivers/gpu/drm/i915/gem/i915_gem_throttle.o
  CC [M]  drivers/gpu/drm/xe/i915-soc/intel_rom.o
  CC      drivers/ras/debugfs.o
  AR      drivers/firmware/efi/built-in.a
  AR      drivers/powercap/built-in.a
  AR      drivers/firmware/built-in.a
  CC      drivers/gpu/drm/drm_rect.o
  CC [M]  drivers/gpu/drm/i915/gem/i915_gem_tiling.o
  CC [M]  drivers/gpu/drm/xe/i915-display/icl_dsi.o
  CC      drivers/ras/cec.o
  CC      drivers/gpu/drm/drm_syncobj.o
  AR      drivers/hwtracing/intel_th/built-in.a
  CC [M]  drivers/gpu/drm/i915/gem/i915_gem_ttm.o
  CC      drivers/gpu/drm/drm_sysfs.o
  CC      drivers/gpu/drm/drm_trace_points.o
  AR      drivers/android/built-in.a
  CC [M]  drivers/gpu/drm/xe/i915-display/intel_alpm.o
  CC      drivers/gpu/drm/drm_vblank.o
  AR      drivers/ras/built-in.a
  AR      drivers/nvmem/layouts/built-in.a
  CC      drivers/nvmem/core.o
  CC [M]  drivers/gpu/drm/xe/i915-display/intel_atomic.o
  CC [M]  drivers/gpu/drm/i915/gem/i915_gem_ttm_move.o
  CC      drivers/interconnect/core.o
  CC [M]  drivers/gpu/drm/i915/gem/i915_gem_ttm_pm.o
  CC      drivers/interconnect/bulk.o
  CC      drivers/hte/hte.o
  CC [M]  drivers/gpu/drm/xe/i915-display/intel_atomic_plane.o
  AR      drivers/nvmem/built-in.a
  CC [M]  drivers/gpu/drm/xe/i915-display/intel_audio.o
  CC      drivers/gpu/drm/drm_vblank_work.o
  CC      drivers/interconnect/debugfs-client.o
  CC [M]  drivers/gpu/drm/i915/gem/i915_gem_userptr.o
  AR      drivers/accel/built-in.a
  CC      drivers/gpu/drm/drm_vma_manager.o
  CC [M]  drivers/gpu/drm/i915/gem/i915_gem_wait.o
  AR      drivers/hte/built-in.a
  CC      drivers/gpu/drm/drm_writeback.o
  AR      drivers/interconnect/built-in.a
  CC      drivers/gpu/drm/drm_client.o
  CC [M]  drivers/parport/share.o
  CC      drivers/gpu/drm/drm_client_event.o
  CC [M]  drivers/parport/ieee1284.o
  CC [M]  drivers/gpu/drm/i915/gem/i915_gemfs.o
  CC [M]  drivers/gpu/drm/xe/i915-display/intel_backlight.o
  CC [M]  drivers/gpu/drm/i915/i915_active.o
  CC [M]  drivers/bluetooth/hci_ldisc.o
  CC [M]  drivers/parport/ieee1284_ops.o
  CC      drivers/gpu/drm/drm_client_modeset.o
  CC [M]  drivers/gpu/drm/xe/i915-display/intel_bios.o
  CC [M]  drivers/gpu/drm/i915/i915_cmd_parser.o
  CC [M]  drivers/gpu/drm/xe/i915-display/intel_bw.o
  CC [M]  drivers/parport/procfs.o
  CC [M]  drivers/gpu/drm/i915/i915_deps.o
  CC [M]  drivers/bluetooth/hci_serdev.o
  CC [M]  drivers/iio/accel/bmc150-accel-core.o
  CC [M]  drivers/gpu/drm/xe/i915-display/intel_cdclk.o
  CC [M]  drivers/parport/daisy.o
  CC [M]  drivers/bluetooth/hci_h4.o
  CC [M]  drivers/gpu/drm/i915/i915_gem.o
  CC [M]  drivers/gpu/drm/i915/i915_gem_evict.o
  CC [M]  drivers/parport/probe.o
  CC [M]  drivers/iio/accel/bmc150-accel-i2c.o
  CC [M]  drivers/bluetooth/hci_bcsp.o
  CC      drivers/gpu/drm/drm_ioc32.o
  CC [M]  drivers/gpu/drm/i915/i915_gem_gtt.o
  CC [M]  drivers/parport/parport_pc.o
  CC [M]  drivers/iio/accel/bmc150-accel-spi.o
  CC [M]  drivers/gpu/drm/i915/i915_gem_ww.o
  CC [M]  drivers/gpu/drm/xe/i915-display/intel_color.o
  CC [M]  drivers/bluetooth/hci_ll.o
  CC [M]  drivers/bluetooth/hci_ath.o
  CC [M]  drivers/gpu/drm/xe/i915-display/intel_combo_phy.o
  CC [M]  drivers/gpu/drm/i915/i915_query.o
  CC [M]  drivers/iio/buffer/industrialio-triggered-buffer.o
  LD [M]  drivers/parport/parport.o
  CC [M]  drivers/bluetooth/hci_h5.o
  CC [M]  drivers/iio/buffer/kfifo_buf.o
  CC [M]  drivers/gpu/drm/xe/i915-display/intel_connector.o
  CC [M]  drivers/bluetooth/hci_intel.o
  CC      drivers/gpu/drm/drm_panel.o
  CC [M]  drivers/bluetooth/hci_bcm.o
  CC [M]  drivers/gpu/drm/i915/i915_request.o
  CC [M]  drivers/iio/imu/bmi323/bmi323_core.o
  CC [M]  drivers/gpu/drm/xe/i915-display/intel_crtc.o
  CC [M]  drivers/bluetooth/hci_qca.o
  CC [M]  drivers/iio/imu/bmi323/bmi323_i2c.o
  CC      drivers/gpu/drm/drm_pci.o
  CC [M]  drivers/gpu/drm/i915/i915_scheduler.o
  CC      drivers/gpu/drm/drm_debugfs.o
  CC [M]  drivers/gpu/drm/xe/i915-display/intel_crtc_state_dump.o
  CC [M]  drivers/gpu/drm/i915/i915_trace_points.o
  CC [M]  drivers/bluetooth/hci_ag6xx.o
  CC [M]  drivers/gpu/drm/i915/i915_ttm_buddy_manager.o
  CC [M]  drivers/iio/industrialio-core.o
  CC [M]  drivers/gpu/drm/i915/i915_vma.o
  CC      drivers/gpu/drm/drm_debugfs_crc.o
  CC [M]  drivers/gpu/drm/xe/i915-display/intel_cursor.o
  CC [M]  drivers/gpu/drm/xe/i915-display/intel_cx0_phy.o
  CC [M]  drivers/gpu/drm/i915/i915_vma_resource.o
  CC [M]  drivers/bluetooth/hci_mrvl.o
  CC [M]  drivers/iio/industrialio-event.o
  CC [M]  drivers/bluetooth/hci_aml.o
  CC      drivers/gpu/drm/drm_edid_load.o
  CC [M]  drivers/bluetooth/btusb.o
  CC [M]  drivers/iio/inkern.o
  CC [M]  drivers/gpu/drm/i915/gt/uc/intel_gsc_fw.o
  CC [M]  drivers/iio/industrialio-buffer.o
  CC      drivers/gpu/drm/../../accel/drm_accel.o
  CC      drivers/gpu/drm/drm_panic.o
  CC [M]  drivers/gpu/drm/xe/i915-display/intel_ddi.o
  CC      drivers/gpu/drm/drm_draw.o
  CC [M]  drivers/gpu/drm/i915/gt/uc/intel_gsc_proxy.o
  CC [M]  drivers/bluetooth/btintel.o
  CC [M]  drivers/gpu/drm/i915/gt/uc/intel_gsc_uc.o
  CC [M]  drivers/bluetooth/btintel_pcie.o
  CC [M]  drivers/gpu/drm/xe/i915-display/intel_ddi_buf_trans.o
  CC [M]  drivers/iio/industrialio-trigger.o
  CC [M]  drivers/bluetooth/btbcm.o
  CC [M]  drivers/gpu/drm/i915/gt/uc/intel_gsc_uc_debugfs.o
  CC      drivers/gpu/drm/drm_panel_orientation_quirks.o
  CC [M]  drivers/gpu/drm/i915/gt/uc/intel_gsc_uc_heci_cmd_submit.o
  CC [M]  drivers/iio/industrialio-acpi.o
  CC [M]  drivers/bluetooth/btrtl.o
  CC [M]  drivers/bluetooth/btqca.o
  CC      drivers/gpu/drm/drm_gem_shmem_helper.o
  LD [M]  drivers/iio/industrialio.o
  CC [M]  drivers/gpu/drm/xe/i915-display/intel_display.o
  CC [M]  drivers/bluetooth/btmtk.o
  CC      drivers/gpu/drm/drm_fbdev_shmem.o
  CC [M]  drivers/gpu/drm/i915/gt/uc/intel_guc.o
  CC [M]  drivers/gpu/drm/i915/gt/uc/intel_guc_ads.o
  CC [M]  drivers/gpu/drm/xe/i915-display/intel_display_conversion.o
  CC [M]  drivers/gpu/drm/i915/gt/uc/intel_guc_capture.o
  CC [M]  drivers/gpu/drm/xe/i915-display/intel_display_device.o
  CC      drivers/gpu/drm/drm_atomic_helper.o
  CC [M]  drivers/gpu/drm/xe/i915-display/intel_display_driver.o
  LD [M]  drivers/bluetooth/hci_uart.o
  CC [M]  drivers/gpu/drm/i915/gt/uc/intel_guc_ct.o
  CC      drivers/gpu/drm/drm_atomic_state_helper.o
  CC      drivers/gpu/drm/drm_crtc_helper.o
  CC [M]  drivers/gpu/drm/xe/i915-display/intel_display_irq.o
  CC [M]  drivers/gpu/drm/i915/gt/uc/intel_guc_debugfs.o
  CC [M]  drivers/gpu/drm/i915/gt/uc/intel_guc_fw.o
  CC      drivers/gpu/drm/drm_damage_helper.o
  CC      drivers/gpu/drm/drm_encoder_slave.o
  CC [M]  drivers/gpu/drm/i915/gt/uc/intel_guc_hwconfig.o
  CC [M]  drivers/gpu/drm/xe/i915-display/intel_display_params.o
  CC [M]  drivers/gpu/drm/xe/i915-display/intel_display_power.o
  CC      drivers/gpu/drm/drm_flip_work.o
  CC [M]  drivers/gpu/drm/xe/i915-display/intel_display_power_map.o
  CC [M]  drivers/gpu/drm/i915/gt/uc/intel_guc_log.o
  CC [M]  drivers/gpu/drm/xe/i915-display/intel_display_power_well.o
  CC [M]  drivers/gpu/drm/i915/gt/uc/intel_guc_log_debugfs.o
  CC [M]  drivers/gpu/drm/xe/i915-display/intel_display_trace.o
  CC [M]  drivers/gpu/drm/i915/gt/uc/intel_guc_rc.o
  CC [M]  drivers/gpu/drm/xe/i915-display/intel_display_wa.o
  CC [M]  drivers/gpu/drm/i915/gt/uc/intel_guc_slpc.o
  CC      drivers/gpu/drm/drm_format_helper.o
  CC [M]  drivers/gpu/drm/xe/i915-display/intel_dkl_phy.o
  CC [M]  drivers/gpu/drm/i915/gt/uc/intel_guc_submission.o
  CC      drivers/gpu/drm/drm_gem_atomic_helper.o
  CC [M]  drivers/gpu/drm/xe/i915-display/intel_dmc.o
  CC [M]  drivers/gpu/drm/i915/gt/uc/intel_huc.o
  CC      drivers/gpu/drm/drm_gem_framebuffer_helper.o
  CC [M]  drivers/gpu/drm/xe/i915-display/intel_dp.o
  CC [M]  drivers/gpu/drm/xe/i915-display/intel_dp_aux.o
  CC [M]  drivers/gpu/drm/i915/gt/uc/intel_huc_debugfs.o
  CC [M]  drivers/gpu/drm/xe/i915-display/intel_dp_aux_backlight.o
  CC      drivers/gpu/drm/drm_kms_helper_common.o
  CC      drivers/gpu/drm/drm_modeset_helper.o
  CC [M]  drivers/gpu/drm/i915/gt/uc/intel_huc_fw.o
  CC [M]  drivers/gpu/drm/xe/i915-display/intel_dp_hdcp.o
  CC      drivers/gpu/drm/drm_plane_helper.o
  CC      drivers/gpu/drm/drm_probe_helper.o
  CC      drivers/gpu/drm/drm_self_refresh_helper.o
  CC [M]  drivers/gpu/drm/i915/gt/uc/intel_uc.o
  CC      drivers/gpu/drm/drm_simple_kms_helper.o
  CC [M]  drivers/gpu/drm/xe/i915-display/intel_dp_link_training.o
  CC      drivers/gpu/drm/bridge/panel.o
  CC      drivers/gpu/drm/drm_fb_helper.o
  CC      drivers/gpu/drm/drm_mipi_dsi.o
  CC [M]  drivers/gpu/drm/i915/gt/uc/intel_uc_debugfs.o
  CC [M]  drivers/gpu/drm/drm_exec.o
  CC [M]  drivers/gpu/drm/xe/i915-display/intel_dp_mst.o
  CC [M]  drivers/gpu/drm/drm_gpuvm.o
  CC [M]  drivers/gpu/drm/xe/i915-display/intel_dp_test.o
  CC [M]  drivers/gpu/drm/drm_buddy.o
  CC [M]  drivers/gpu/drm/i915/gt/uc/intel_uc_fw.o
  CC [M]  drivers/gpu/drm/xe/i915-display/intel_dpll.o
  CC [M]  drivers/gpu/drm/xe/i915-display/intel_dpll_mgr.o
  CC [M]  drivers/gpu/drm/drm_suballoc.o
  CC [M]  drivers/gpu/drm/xe/i915-display/intel_dpt_common.o
  CC [M]  drivers/gpu/drm/i915/gt/intel_gsc.o
  CC [M]  drivers/gpu/drm/xe/i915-display/intel_drrs.o
  CC [M]  drivers/gpu/drm/i915/i915_hwmon.o
  CC [M]  drivers/gpu/drm/xe/i915-display/intel_dsb.o
  CC [M]  drivers/gpu/drm/i915/display/hsw_ips.o
  CC [M]  drivers/gpu/drm/i915/display/i9xx_plane.o
  CC [M]  drivers/gpu/drm/drm_gem_ttm_helper.o
  CC [M]  drivers/gpu/drm/xe/i915-display/intel_dsi.o
  CC [M]  drivers/gpu/drm/drm_fbdev_ttm.o
  CC [M]  drivers/gpu/drm/i915/display/i9xx_display_sr.o
  CC [M]  drivers/gpu/drm/xe/i915-display/intel_dsi_dcs_backlight.o
  CC [M]  drivers/gpu/drm/i915/display/i9xx_wm.o
  CC [M]  drivers/gpu/drm/i915/display/intel_alpm.o
  CC [M]  drivers/gpu/drm/xe/i915-display/intel_dsi_vbt.o
  CC [M]  drivers/gpu/drm/i915/display/intel_atomic.o
  CC [M]  drivers/gpu/drm/xe/i915-display/intel_encoder.o
  CC [M]  drivers/gpu/drm/i915/display/intel_atomic_plane.o
  CC [M]  drivers/gpu/drm/xe/i915-display/intel_fb.o
  CC [M]  drivers/gpu/drm/xe/i915-display/intel_fbc.o
  LD [M]  drivers/gpu/drm/drm_suballoc_helper.o
  LD [M]  drivers/gpu/drm/drm_ttm_helper.o
  CC [M]  drivers/gpu/drm/xe/i915-display/intel_fdi.o
  CC [M]  drivers/gpu/drm/i915/display/intel_audio.o
  CC [M]  drivers/gpu/drm/xe/i915-display/intel_fifo_underrun.o
  CC [M]  drivers/gpu/drm/i915/display/intel_bios.o
  CC [M]  drivers/gpu/drm/i915/display/intel_bo.o
  CC [M]  drivers/gpu/drm/xe/i915-display/intel_frontbuffer.o
  CC [M]  drivers/gpu/drm/xe/i915-display/intel_global_state.o
  CC [M]  drivers/gpu/drm/i915/display/intel_bw.o
  CC [M]  drivers/gpu/drm/xe/i915-display/intel_gmbus.o
  AR      drivers/gpu/drm/built-in.a
  CC [M]  drivers/gpu/drm/xe/i915-display/intel_hdcp.o
  CC [M]  drivers/gpu/drm/i915/display/intel_cdclk.o
  CC [M]  drivers/gpu/drm/i915/display/intel_color.o
  CC [M]  drivers/gpu/drm/xe/i915-display/intel_hdcp_gsc_message.o
  CC [M]  drivers/gpu/drm/xe/i915-display/intel_hdmi.o
  CC [M]  drivers/gpu/drm/xe/i915-display/intel_hotplug.o
  CC [M]  drivers/gpu/drm/i915/display/intel_combo_phy.o
  CC [M]  drivers/gpu/drm/i915/display/intel_connector.o
  CC [M]  drivers/gpu/drm/i915/display/intel_crtc.o
  CC [M]  drivers/gpu/drm/xe/i915-display/intel_hotplug_irq.o
  CC [M]  drivers/gpu/drm/i915/display/intel_crtc_state_dump.o
  CC [M]  drivers/gpu/drm/xe/i915-display/intel_hti.o
  CC [M]  drivers/gpu/drm/i915/display/intel_cursor.o
  CC [M]  drivers/gpu/drm/i915/display/intel_display.o
  CC [M]  drivers/gpu/drm/xe/i915-display/intel_link_bw.o
  CC [M]  drivers/gpu/drm/i915/display/intel_display_conversion.o
  CC [M]  drivers/gpu/drm/i915/display/intel_display_driver.o
  CC [M]  drivers/gpu/drm/xe/i915-display/intel_lspcon.o
  CC [M]  drivers/gpu/drm/i915/display/intel_display_irq.o
  CC [M]  drivers/gpu/drm/i915/display/intel_display_params.o
  CC [M]  drivers/gpu/drm/xe/i915-display/intel_modeset_lock.o
  CC [M]  drivers/gpu/drm/i915/display/intel_display_power.o
  CC [M]  drivers/gpu/drm/xe/i915-display/intel_modeset_setup.o
  CC [M]  drivers/gpu/drm/i915/display/intel_display_power_map.o
  CC [M]  drivers/gpu/drm/i915/display/intel_display_power_well.o
  CC [M]  drivers/gpu/drm/xe/i915-display/intel_modeset_verify.o
  CC [M]  drivers/gpu/drm/i915/display/intel_display_reset.o
  CC [M]  drivers/gpu/drm/i915/display/intel_display_rps.o
  CC [M]  drivers/gpu/drm/xe/i915-display/intel_panel.o
  CC [M]  drivers/gpu/drm/xe/i915-display/intel_pfit.o
  CC [M]  drivers/gpu/drm/i915/display/intel_display_snapshot.o
  CC [M]  drivers/gpu/drm/i915/display/intel_display_wa.o
  CC [M]  drivers/gpu/drm/i915/display/intel_dmc.o
  CC [M]  drivers/gpu/drm/i915/display/intel_dmc_wl.o
  CC [M]  drivers/gpu/drm/i915/display/intel_dpio_phy.o
  CC [M]  drivers/gpu/drm/xe/i915-display/intel_pmdemand.o
  CC [M]  drivers/gpu/drm/i915/display/intel_dpll.o
  CC [M]  drivers/gpu/drm/xe/i915-display/intel_pps.o
  CC [M]  drivers/gpu/drm/i915/display/intel_dpll_mgr.o
  CC [M]  drivers/gpu/drm/xe/i915-display/intel_psr.o
  CC [M]  drivers/gpu/drm/i915/display/intel_dpt.o
  CC [M]  drivers/gpu/drm/xe/i915-display/intel_qp_tables.o
  CC [M]  drivers/gpu/drm/i915/display/intel_dpt_common.o
  CC [M]  drivers/gpu/drm/i915/display/intel_drrs.o
  CC [M]  drivers/gpu/drm/xe/i915-display/intel_quirks.o
  CC [M]  drivers/gpu/drm/i915/display/intel_dsb.o
  CC [M]  drivers/gpu/drm/xe/i915-display/intel_snps_phy.o
  CC [M]  drivers/gpu/drm/xe/i915-display/intel_tc.o
  CC [M]  drivers/gpu/drm/i915/display/intel_dsb_buffer.o
  CC [M]  drivers/gpu/drm/xe/i915-display/intel_vblank.o
  CC [M]  drivers/gpu/drm/i915/display/intel_fb.o
  CC [M]  drivers/gpu/drm/xe/i915-display/intel_vdsc.o
  CC [M]  drivers/gpu/drm/i915/display/intel_fb_bo.o
  CC [M]  drivers/gpu/drm/i915/display/intel_fb_pin.o
  CC [M]  drivers/gpu/drm/xe/i915-display/intel_vga.o
  CC [M]  drivers/gpu/drm/xe/i915-display/intel_vrr.o
  CC [M]  drivers/gpu/drm/xe/i915-display/intel_dmc_wl.o
  CC [M]  drivers/gpu/drm/i915/display/intel_fbc.o
  CC [M]  drivers/gpu/drm/i915/display/intel_fdi.o
  CC [M]  drivers/gpu/drm/i915/display/intel_fifo_underrun.o
  CC [M]  drivers/gpu/drm/i915/display/intel_frontbuffer.o
  CC [M]  drivers/gpu/drm/xe/i915-display/intel_wm.o
  CC [M]  drivers/gpu/drm/xe/i915-display/skl_scaler.o
  CC [M]  drivers/gpu/drm/i915/display/intel_global_state.o
  CC [M]  drivers/gpu/drm/xe/i915-display/skl_universal_plane.o
  CC [M]  drivers/gpu/drm/i915/display/intel_hdcp.o
  CC [M]  drivers/gpu/drm/xe/i915-display/skl_watermark.o
  CC [M]  drivers/gpu/drm/i915/display/intel_hdcp_gsc.o
  CC [M]  drivers/gpu/drm/xe/i915-display/intel_acpi.o
  CC [M]  drivers/gpu/drm/i915/display/intel_hdcp_gsc_message.o
  CC [M]  drivers/gpu/drm/i915/display/intel_hotplug.o
  CC [M]  drivers/gpu/drm/i915/display/intel_hotplug_irq.o
  CC [M]  drivers/gpu/drm/i915/display/intel_hti.o
  CC [M]  drivers/gpu/drm/xe/i915-display/intel_opregion.o
  CC [M]  drivers/gpu/drm/xe/i915-display/intel_fbdev.o
  CC [M]  drivers/gpu/drm/i915/display/intel_link_bw.o
  CC [M]  drivers/gpu/drm/xe/xe_debugfs.o
  CC [M]  drivers/gpu/drm/i915/display/intel_load_detect.o
  CC [M]  drivers/gpu/drm/i915/display/intel_lpe_audio.o
  CC [M]  drivers/gpu/drm/xe/xe_gt_debugfs.o
  CC [M]  drivers/gpu/drm/i915/display/intel_modeset_lock.o
  CC [M]  drivers/gpu/drm/xe/xe_gt_sriov_vf_debugfs.o
  CC [M]  drivers/gpu/drm/i915/display/intel_modeset_setup.o
  CC [M]  drivers/gpu/drm/xe/xe_gt_stats.o
  CC [M]  drivers/gpu/drm/xe/xe_guc_debugfs.o
  CC [M]  drivers/gpu/drm/i915/display/intel_modeset_verify.o
  CC [M]  drivers/gpu/drm/i915/display/intel_overlay.o
  CC [M]  drivers/gpu/drm/xe/xe_huc_debugfs.o
  CC [M]  drivers/gpu/drm/i915/display/intel_pch_display.o
  CC [M]  drivers/gpu/drm/xe/xe_uc_debugfs.o
  CC [M]  drivers/gpu/drm/i915/display/intel_pch_refclk.o
  CC [M]  drivers/gpu/drm/xe/xe_gt_sriov_pf_debugfs.o
  CC [M]  drivers/gpu/drm/xe/i915-display/intel_display_debugfs.o
  CC [M]  drivers/gpu/drm/xe/i915-display/intel_display_debugfs_params.o
  CC [M]  drivers/gpu/drm/i915/display/intel_plane_initial.o
  CC [M]  drivers/gpu/drm/xe/i915-display/intel_pipe_crc.o
  CC [M]  drivers/gpu/drm/i915/display/intel_pmdemand.o
  CC [M]  drivers/gpu/drm/i915/display/intel_psr.o
  CC [M]  drivers/gpu/drm/i915/display/intel_quirks.o
  CC [M]  drivers/gpu/drm/i915/display/intel_sprite.o
  CC [M]  drivers/gpu/drm/i915/display/intel_sprite_uapi.o
  CC [M]  drivers/gpu/drm/i915/display/intel_tc.o
  CC [M]  drivers/gpu/drm/i915/display/intel_vblank.o
  LD [M]  drivers/gpu/drm/xe/xe.o
  CC [M]  drivers/gpu/drm/i915/display/intel_vga.o
  CC [M]  drivers/gpu/drm/i915/display/intel_wm.o
  CC [M]  drivers/gpu/drm/i915/display/skl_scaler.o
  CC [M]  drivers/gpu/drm/i915/display/skl_universal_plane.o
  CC [M]  drivers/gpu/drm/i915/display/skl_watermark.o
  CC [M]  drivers/gpu/drm/i915/display/intel_acpi.o
  CC [M]  drivers/gpu/drm/i915/display/intel_opregion.o
  CC [M]  drivers/gpu/drm/i915/display/intel_fbdev.o
  CC [M]  drivers/gpu/drm/i915/display/intel_fbdev_fb.o
  CC [M]  drivers/gpu/drm/i915/display/intel_display_debugfs.o
  CC [M]  drivers/gpu/drm/i915/display/intel_display_debugfs_params.o
  CC [M]  drivers/gpu/drm/i915/display/intel_pipe_crc.o
  CC [M]  drivers/gpu/drm/i915/display/dvo_ch7017.o
  CC [M]  drivers/gpu/drm/i915/display/dvo_ch7xxx.o
  CC [M]  drivers/gpu/drm/i915/display/dvo_ivch.o
  CC [M]  drivers/gpu/drm/i915/display/dvo_ns2501.o
  CC [M]  drivers/gpu/drm/i915/display/dvo_sil164.o
  CC [M]  drivers/gpu/drm/i915/display/dvo_tfp410.o
  CC [M]  drivers/gpu/drm/i915/display/g4x_dp.o
  CC [M]  drivers/gpu/drm/i915/display/g4x_hdmi.o
  CC [M]  drivers/gpu/drm/i915/display/icl_dsi.o
  CC [M]  drivers/gpu/drm/i915/display/intel_backlight.o
  CC [M]  drivers/gpu/drm/i915/display/intel_crt.o
  CC [M]  drivers/gpu/drm/i915/display/intel_cx0_phy.o
  CC [M]  drivers/gpu/drm/i915/display/intel_ddi.o
  CC [M]  drivers/gpu/drm/i915/display/intel_ddi_buf_trans.o
  CC [M]  drivers/gpu/drm/i915/display/intel_display_device.o
  CC [M]  drivers/gpu/drm/i915/display/intel_display_trace.o
  CC [M]  drivers/gpu/drm/i915/display/intel_dkl_phy.o
  CC [M]  drivers/gpu/drm/i915/display/intel_dp.o
  CC [M]  drivers/gpu/drm/i915/display/intel_dp_aux.o
  CC [M]  drivers/gpu/drm/i915/display/intel_dp_aux_backlight.o
  CC [M]  drivers/gpu/drm/i915/display/intel_dp_hdcp.o
  CC [M]  drivers/gpu/drm/i915/display/intel_dp_link_training.o
  CC [M]  drivers/gpu/drm/i915/display/intel_dp_mst.o
  CC [M]  drivers/gpu/drm/i915/display/intel_dp_test.o
  CC [M]  drivers/gpu/drm/i915/display/intel_dsi.o
  CC [M]  drivers/gpu/drm/i915/display/intel_dsi_dcs_backlight.o
  CC [M]  drivers/gpu/drm/i915/display/intel_dsi_vbt.o
  CC [M]  drivers/gpu/drm/i915/display/intel_dvo.o
  CC [M]  drivers/gpu/drm/i915/display/intel_encoder.o
  CC [M]  drivers/gpu/drm/i915/display/intel_gmbus.o
  CC [M]  drivers/gpu/drm/i915/display/intel_hdmi.o
  CC [M]  drivers/gpu/drm/i915/display/intel_lspcon.o
  CC [M]  drivers/gpu/drm/i915/display/intel_lvds.o
  CC [M]  drivers/gpu/drm/i915/display/intel_panel.o
  CC [M]  drivers/gpu/drm/i915/display/intel_pfit.o
  CC [M]  drivers/gpu/drm/i915/display/intel_pps.o
  CC [M]  drivers/gpu/drm/i915/display/intel_qp_tables.o
  CC [M]  drivers/gpu/drm/i915/display/intel_sdvo.o
  CC [M]  drivers/gpu/drm/i915/display/intel_snps_phy.o
  CC [M]  drivers/gpu/drm/i915/display/intel_tv.o
  CC [M]  drivers/gpu/drm/i915/display/intel_vdsc.o
  CC [M]  drivers/gpu/drm/i915/display/intel_vrr.o
  CC [M]  drivers/gpu/drm/i915/display/vlv_dsi.o
  CC [M]  drivers/gpu/drm/i915/display/vlv_dsi_pll.o
  CC [M]  drivers/gpu/drm/i915/i915_perf.o
  CC [M]  drivers/gpu/drm/i915/pxp/intel_pxp.o
  CC [M]  drivers/gpu/drm/i915/pxp/intel_pxp_huc.o
  CC [M]  drivers/gpu/drm/i915/pxp/intel_pxp_tee.o
  CC [M]  drivers/gpu/drm/i915/pxp/intel_pxp_cmd.o
  CC [M]  drivers/gpu/drm/i915/pxp/intel_pxp_debugfs.o
  CC [M]  drivers/gpu/drm/i915/pxp/intel_pxp_gsccs.o
  CC [M]  drivers/gpu/drm/i915/pxp/intel_pxp_irq.o
  CC [M]  drivers/gpu/drm/i915/pxp/intel_pxp_pm.o
  CC [M]  drivers/gpu/drm/i915/pxp/intel_pxp_session.o
  CC [M]  drivers/gpu/drm/i915/i915_gpu_error.o
  CC [M]  drivers/gpu/drm/i915/i915_vgpu.o
  LD [M]  drivers/gpu/drm/i915/i915.o
  AR      drivers/gpu/built-in.a
  AR      drivers/built-in.a
  AR      built-in.a
  AR      vmlinux.a
  LD      vmlinux.o
  OBJCOPY modules.builtin.modinfo
  GEN     modules.builtin
  MODPOST Module.symvers
  CC      .vmlinux.export.o
  CC [M]  arch/x86/events/intel/intel-cstate.mod.o
  CC [M]  .module-common.o
  CC [M]  arch/x86/kernel/msr.mod.o
  CC [M]  arch/x86/kernel/cpuid.mod.o
  CC [M]  arch/x86/crypto/aesni-intel.mod.o
  CC [M]  arch/x86/crypto/sha1-ssse3.mod.o
  CC [M]  arch/x86/crypto/sha256-ssse3.mod.o
  CC [M]  arch/x86/crypto/ghash-clmulni-intel.mod.o
  CC [M]  arch/x86/platform/atom/punit_atom_debug.mod.o
  CC [M]  arch/x86/kvm/kvm.mod.o
  CC [M]  arch/x86/kvm/kvm-intel.mod.o
  CC [M]  arch/x86/kvm/kvm-amd.mod.o
  CC [M]  kernel/configs.mod.o
  CC [M]  fs/fat/msdos.mod.o
  UPD     include/generated/utsversion.h
  CC      init/version-timestamp.o
  CC [M]  fs/nls/nls_iso8859-1.mod.o
  KSYMS   .tmp_vmlinux0.kallsyms.S
  AS      .tmp_vmlinux0.kallsyms.o
  LD      .tmp_vmlinux1
  CC [M]  fs/nls/nls_utf8.mod.o
  CC [M]  fs/nls/nls_ucs2_utils.mod.o
  CC [M]  fs/binfmt_misc.mod.o
  CC [M]  fs/minix/minix.mod.o
  CC [M]  fs/hfsplus/hfsplus.mod.o
  CC [M]  fs/hfs/hfs.mod.o
  CC [M]  fs/ntfs3/ntfs3.mod.o
  CC [M]  fs/ufs/ufs.mod.o
  CC [M]  fs/qnx4/qnx4.mod.o
  CC [M]  fs/autofs/autofs4.mod.o
  CC [M]  fs/jfs/jfs.mod.o
  CC [M]  fs/xfs/xfs.mod.o
  CC [M]  fs/btrfs/btrfs.mod.o
  CC [M]  crypto/cmac.mod.o
  CC [M]  crypto/blake2b_generic.mod.o
  CC [M]  crypto/xctr.mod.o
  CC [M]  crypto/hctr2.mod.o
  CC [M]  crypto/ccm.mod.o
  CC [M]  crypto/cryptd.mod.o
  CC [M]  crypto/xxhash_generic.mod.o
  CC [M]  crypto/polyval-generic.mod.o
  CC [M]  crypto/af_alg.mod.o
  CC [M]  crypto/algif_hash.mod.o
  CC [M]  crypto/algif_skcipher.mod.o
  CC [M]  crypto/xor.mod.o
  CC [M]  crypto/crypto_simd.mod.o
  CC [M]  lib/crypto/libarc4.mod.o
  CC [M]  lib/raid6/raid6_pq.mod.o
  CC [M]  drivers/acpi/video.mod.o
  CC [M]  drivers/dma/dw/dw_dmac_core.mod.o
  CC [M]  drivers/dma/dw/dw_dmac.mod.o
  CC [M]  drivers/char/lp.mod.o
  CC [M]  drivers/char/ppdev.mod.o
  CC [M]  drivers/misc/rpmb-core.mod.o
  CC [M]  drivers/misc/mei/mei.mod.o
  CC [M]  drivers/misc/mei/mei-me.mod.o
  CC [M]  drivers/misc/mei/mei-txe.mod.o
  CC [M]  drivers/misc/mei/hdcp/mei_hdcp.mod.o
  CC [M]  drivers/misc/mei/pxp/mei_pxp.mod.o
  CC [M]  drivers/mfd/lpc_ich.mod.o
  CC [M]  drivers/macintosh/mac_hid.mod.o
  CC [M]  drivers/gpu/drm/display/drm_display_helper.mod.o
  CC [M]  drivers/gpu/drm/drm_exec.mod.o
  CC [M]  drivers/gpu/drm/drm_gpuvm.mod.o
  CC [M]  drivers/gpu/drm/drm_buddy.mod.o
  CC [M]  drivers/gpu/drm/drm_suballoc_helper.mod.o
  CC [M]  drivers/gpu/drm/drm_ttm_helper.mod.o
  CC [M]  drivers/gpu/drm/ttm/ttm.mod.o
  CC [M]  drivers/gpu/drm/scheduler/gpu-sched.mod.o
  CC [M]  drivers/gpu/drm/i915/i915.mod.o
  CC [M]  drivers/gpu/drm/xe/xe.mod.o
  CC [M]  drivers/spi/spi-intel.mod.o
  CC [M]  drivers/spi/spi-intel-platform.mod.o
  CC [M]  drivers/net/wireless/realtek/rtw88/rtw88_core.mod.o
  CC [M]  drivers/net/wireless/realtek/rtw88/rtw88_8723x.mod.o
  CC [M]  drivers/net/wireless/realtek/rtw88/rtw88_8723d.mod.o
  CC [M]  drivers/net/wireless/realtek/rtw88/rtw88_8723du.mod.o
  CC [M]  drivers/net/wireless/realtek/rtw88/rtw88_usb.mod.o
  CC [M]  drivers/usb/roles/intel-xhci-usb-role-switch.mod.o
  CC [M]  drivers/input/serio/serio_raw.mod.o
  CC [M]  drivers/input/mouse/psmouse.mod.o
  CC [M]  drivers/input/input-leds.mod.o
  CC [M]  drivers/input/joydev.mod.o
  CC [M]  drivers/i2c/algos/i2c-algo-bit.mod.o
  CC [M]  drivers/i2c/busses/i2c-i801.mod.o
  CC [M]  drivers/i2c/i2c-smbus.mod.o
  CC [M]  drivers/i2c/i2c-mux.mod.o
  CC [M]  drivers/media/tuners/mc44s803.mod.o
  CC [M]  drivers/media/tuners/mt20xx.mod.o
  CC [M]  drivers/media/tuners/tuner-simple.mod.o
  CC [M]  drivers/media/tuners/tuner-types.mod.o
  CC [M]  drivers/media/tuners/tda18271.mod.o
  CC [M]  drivers/media/tuners/tda827x.mod.o
  CC [M]  drivers/media/tuners/tda8290.mod.o
  CC [M]  drivers/media/tuners/tda9887.mod.o
  CC [M]  drivers/media/tuners/tea5761.mod.o
  CC [M]  drivers/media/tuners/tea5767.mod.o
  CC [M]  drivers/media/tuners/xc2028.mod.o
  CC [M]  drivers/media/tuners/xc4000.mod.o
  CC [M]  drivers/media/tuners/xc5000.mod.o
  CC [M]  drivers/media/rc/rc-core.mod.o
  CC [M]  drivers/media/common/videobuf2/videobuf2-common.mod.o
  CC [M]  drivers/media/common/videobuf2/videobuf2-memops.mod.o
  CC [M]  drivers/media/common/videobuf2/videobuf2-v4l2.mod.o
  CC [M]  drivers/media/common/videobuf2/videobuf2-vmalloc.mod.o
  CC [M]  drivers/media/common/uvc.mod.o
  CC [M]  drivers/media/usb/uvc/uvcvideo.mod.o
  CC [M]  drivers/media/mc/mc.mod.o
  CC [M]  drivers/media/v4l2-core/v4l2-async.mod.o
  CC [M]  drivers/media/v4l2-core/v4l2-fwnode.mod.o
  CC [M]  drivers/media/v4l2-core/v4l2-dv-timings.mod.o
  CC [M]  drivers/media/v4l2-core/videodev.mod.o
  CC [M]  drivers/media/dvb-core/dvb-core.mod.o
  CC [M]  drivers/media/cec/core/cec.mod.o
  CC [M]  drivers/power/sequencing/pwrseq-core.mod.o
  CC [M]  drivers/hwmon/coretemp.mod.o
  CC [M]  drivers/thermal/intel/intel_powerclamp.mod.o
  CC [M]  drivers/thermal/intel/intel_soc_dts_iosf.mod.o
  CC [M]  drivers/thermal/intel/int340x_thermal/int3400_thermal.mod.o
  CC [M]  drivers/thermal/intel/int340x_thermal/int340x_thermal_zone.mod.o
  CC [M]  drivers/thermal/intel/int340x_thermal/int3402_thermal.mod.o
  CC [M]  drivers/thermal/intel/int340x_thermal/int3403_thermal.mod.o
  CC [M]  drivers/thermal/intel/int340x_thermal/processor_thermal_device.mod.o
  CC [M]  drivers/thermal/intel/int340x_thermal/int3401_thermal.mod.o
  CC [M]  drivers/thermal/intel/int340x_thermal/processor_thermal_device_pci_legacy.mod.o
  CC [M]  drivers/thermal/intel/int340x_thermal/processor_thermal_device_pci.mod.o
  CC [M]  drivers/thermal/intel/int340x_thermal/processor_thermal_rapl.mod.o
  CC [M]  drivers/thermal/intel/int340x_thermal/processor_thermal_rfim.mod.o
  CC [M]  drivers/thermal/intel/int340x_thermal/processor_thermal_mbox.mod.o
  CC [M]  drivers/thermal/intel/int340x_thermal/processor_thermal_wt_req.mod.o
  CC [M]  drivers/thermal/intel/int340x_thermal/processor_thermal_wt_hint.mod.o
  CC [M]  drivers/thermal/intel/int340x_thermal/processor_thermal_power_floor.mod.o
  CC [M]  drivers/thermal/intel/int340x_thermal/acpi_thermal_rel.mod.o
  CC [M]  drivers/mmc/core/mmc_block.mod.o
  CC [M]  drivers/mmc/host/sdhci.mod.o
  CC [M]  drivers/mmc/host/sdhci-acpi.mod.o
  CC [M]  drivers/firmware/efi/efi-pstore.mod.o
  CC [M]  drivers/firmware/dmi-sysfs.mod.o
  CC [M]  drivers/hid/hid.mod.o
  CC [M]  drivers/hid/hid-generic.mod.o
  CC [M]  drivers/hid/hid-multitouch.mod.o
  CC [M]  drivers/hid/usbhid/usbhid.mod.o
  CC [M]  drivers/hid/i2c-hid/i2c-hid.mod.o
  CC [M]  drivers/hid/i2c-hid/i2c-hid-acpi.mod.o
  CC [M]  drivers/staging/iio/impedance-analyzer/ad5933.mod.o
  CC [M]  drivers/platform/x86/intel/intel-vsec.mod.o
  CC [M]  drivers/platform/x86/wmi.mod.o
  CC [M]  drivers/powercap/intel_rapl_common.mod.o
  CC [M]  drivers/powercap/intel_rapl_msr.mod.o
  CC [M]  drivers/parport/parport.mod.o
  CC [M]  drivers/parport/parport_pc.mod.o
  CC [M]  drivers/bluetooth/hci_uart.mod.o
  CC [M]  drivers/bluetooth/btusb.mod.o
  CC [M]  drivers/bluetooth/btintel.mod.o
  CC [M]  drivers/bluetooth/btintel_pcie.mod.o
  CC [M]  drivers/bluetooth/btbcm.mod.o
  CC [M]  drivers/bluetooth/btrtl.mod.o
  CC [M]  drivers/bluetooth/btqca.mod.o
  CC [M]  drivers/bluetooth/btmtk.mod.o
  CC [M]  drivers/iio/accel/bmc150-accel-core.mod.o
  CC [M]  drivers/iio/accel/bmc150-accel-i2c.mod.o
  CC [M]  drivers/iio/accel/bmc150-accel-spi.mod.o
  CC [M]  drivers/iio/buffer/industrialio-triggered-buffer.mod.o
  CC [M]  drivers/iio/buffer/kfifo_buf.mod.o
  CC [M]  drivers/iio/imu/bmi323/bmi323_core.mod.o
  CC [M]  drivers/iio/imu/bmi323/bmi323_i2c.mod.o
  CC [M]  drivers/iio/industrialio.mod.o
  CC [M]  sound/soundcore.mod.o
  CC [M]  sound/core/snd.mod.o
  CC [M]  sound/core/snd-hwdep.mod.o
  CC [M]  sound/core/snd-timer.mod.o
  CC [M]  sound/core/snd-hrtimer.mod.o
  CC [M]  sound/core/snd-pcm.mod.o
  CC [M]  sound/core/snd-seq-device.mod.o
  CC [M]  sound/core/snd-rawmidi.mod.o
  CC [M]  sound/core/snd-ump.mod.o
  CC [M]  sound/core/seq/snd-seq.mod.o
  CC [M]  sound/core/seq/snd-seq-dummy.mod.o
  CC [M]  sound/core/seq/snd-seq-midi.mod.o
  CC [M]  sound/core/seq/snd-seq-ump-client.mod.o
  CC [M]  sound/core/seq/snd-seq-midi-event.mod.o
  CC [M]  sound/pci/hda/snd-hda-codec.mod.o
  CC [M]  sound/pci/hda/snd-hda-codec-hdmi.mod.o
  CC [M]  sound/pci/hda/snd-hda-intel.mod.o
  CC [M]  sound/usb/snd-usb-audio.mod.o
  CC [M]  sound/usb/snd-usbmidi-lib.mod.o
  CC [M]  sound/usb/misc/snd-ua101.mod.o
  CC [M]  sound/usb/usx2y/snd-usb-usx2y.mod.o
  CC [M]  sound/usb/usx2y/snd-usb-us122l.mod.o
  CC [M]  sound/hda/snd-hda-core.mod.o
  CC [M]  sound/hda/snd-intel-dspcfg.mod.o
  CC [M]  sound/hda/snd-intel-sdw-acpi.mod.o
  CC [M]  net/sched/sch_fq_codel.mod.o
  CC [M]  net/netfilter/nfnetlink.mod.o
  CC [M]  net/netfilter/nf_conntrack.mod.o
  CC [M]  net/netfilter/nf_nat.mod.o
  CC [M]  net/netfilter/nf_tables.mod.o
  CC [M]  net/netfilter/nft_compat.mod.o
  CC [M]  net/netfilter/nft_nat.mod.o
  CC [M]  net/netfilter/nft_chain_nat.mod.o
  CC [M]  net/netfilter/x_tables.mod.o
  CC [M]  net/netfilter/xt_tcpudp.mod.o
  CC [M]  net/netfilter/xt_mark.mod.o
  CC [M]  net/netfilter/xt_MASQUERADE.mod.o
  CC [M]  net/ipv4/netfilter/nf_defrag_ipv4.mod.o
  CC [M]  net/ipv4/netfilter/ip_tables.mod.o
  CC [M]  net/ipv6/netfilter/nf_defrag_ipv6.mod.o
  CC [M]  net/wireless/cfg80211.mod.o
  CC [M]  net/rfkill/rfkill-gpio.mod.o
  CC [M]  net/tls/tls.mod.o
  CC [M]  net/bluetooth/bluetooth.mod.o
  CC [M]  net/bluetooth/rfcomm/rfcomm.mod.o
  CC [M]  net/bluetooth/bnep/bnep.mod.o
  CC [M]  net/mac80211/mac80211.mod.o
  CC [M]  net/qrtr/qrtr.mod.o
  CC [M]  virt/lib/irqbypass.mod.o
  LD [M]  arch/x86/events/intel/intel-cstate.ko
  LD [M]  arch/x86/kernel/msr.ko
  LD [M]  arch/x86/kernel/cpuid.ko
  LD [M]  arch/x86/crypto/aesni-intel.ko
  LD [M]  arch/x86/crypto/sha1-ssse3.ko
  LD [M]  arch/x86/crypto/sha256-ssse3.ko
  LD [M]  arch/x86/crypto/ghash-clmulni-intel.ko
  LD [M]  arch/x86/platform/atom/punit_atom_debug.ko
  LD [M]  arch/x86/kvm/kvm.ko
  LD [M]  arch/x86/kvm/kvm-intel.ko
  LD [M]  arch/x86/kvm/kvm-amd.ko
  LD [M]  kernel/configs.ko
  LD [M]  fs/fat/msdos.ko
  LD [M]  fs/nls/nls_iso8859-1.ko
  LD [M]  fs/nls/nls_utf8.ko
  LD [M]  fs/nls/nls_ucs2_utils.ko
  LD [M]  fs/binfmt_misc.ko
  LD [M]  fs/minix/minix.ko
  LD [M]  fs/hfsplus/hfsplus.ko
  LD [M]  fs/hfs/hfs.ko
  LD [M]  fs/ntfs3/ntfs3.ko
  LD [M]  fs/ufs/ufs.ko
  LD [M]  fs/qnx4/qnx4.ko
  LD [M]  fs/autofs/autofs4.ko
  LD [M]  fs/jfs/jfs.ko
  LD [M]  fs/xfs/xfs.ko
  LD [M]  fs/btrfs/btrfs.ko
  LD [M]  crypto/cmac.ko
  LD [M]  crypto/blake2b_generic.ko
  LD [M]  crypto/xctr.ko
  LD [M]  crypto/hctr2.ko
  LD [M]  crypto/ccm.ko
  LD [M]  crypto/cryptd.ko
  LD [M]  crypto/xxhash_generic.ko
  LD [M]  crypto/polyval-generic.ko
  LD [M]  crypto/af_alg.ko
  LD [M]  crypto/algif_hash.ko
  LD [M]  crypto/algif_skcipher.ko
  LD [M]  crypto/xor.ko
  LD [M]  crypto/crypto_simd.ko
  LD [M]  lib/crypto/libarc4.ko
  LD [M]  lib/raid6/raid6_pq.ko
  LD [M]  drivers/acpi/video.ko
  LD [M]  drivers/dma/dw/dw_dmac_core.ko
  LD [M]  drivers/dma/dw/dw_dmac.ko
  LD [M]  drivers/char/lp.ko
  LD [M]  drivers/char/ppdev.ko
  LD [M]  drivers/misc/rpmb-core.ko
  LD [M]  drivers/misc/mei/mei.ko
  LD [M]  drivers/misc/mei/mei-me.ko
  LD [M]  drivers/misc/mei/mei-txe.ko
  LD [M]  drivers/misc/mei/hdcp/mei_hdcp.ko
  LD [M]  drivers/misc/mei/pxp/mei_pxp.ko
  LD [M]  drivers/mfd/lpc_ich.ko
  LD [M]  drivers/macintosh/mac_hid.ko
  LD [M]  drivers/gpu/drm/drm_exec.ko
  LD [M]  drivers/gpu/drm/display/drm_display_helper.ko
  LD [M]  drivers/gpu/drm/drm_gpuvm.ko
  LD [M]  drivers/gpu/drm/drm_buddy.ko
  LD [M]  drivers/gpu/drm/drm_suballoc_helper.ko
  LD [M]  drivers/gpu/drm/drm_ttm_helper.ko
  LD [M]  drivers/gpu/drm/ttm/ttm.ko
  LD [M]  drivers/gpu/drm/scheduler/gpu-sched.ko
  LD [M]  drivers/gpu/drm/i915/i915.ko
  LD [M]  drivers/gpu/drm/xe/xe.ko
  LD [M]  drivers/spi/spi-intel.ko
  LD [M]  drivers/spi/spi-intel-platform.ko
  LD [M]  drivers/net/wireless/realtek/rtw88/rtw88_core.ko
  LD [M]  drivers/net/wireless/realtek/rtw88/rtw88_8723x.ko
  LD [M]  drivers/net/wireless/realtek/rtw88/rtw88_8723d.ko
  LD [M]  drivers/net/wireless/realtek/rtw88/rtw88_8723du.ko
  LD [M]  drivers/net/wireless/realtek/rtw88/rtw88_usb.ko
  LD [M]  drivers/usb/roles/intel-xhci-usb-role-switch.ko
  LD [M]  drivers/input/serio/serio_raw.ko
  LD [M]  drivers/input/mouse/psmouse.ko
  LD [M]  drivers/input/input-leds.ko
  LD [M]  drivers/input/joydev.ko
  LD [M]  drivers/i2c/algos/i2c-algo-bit.ko
  LD [M]  drivers/i2c/busses/i2c-i801.ko
  LD [M]  drivers/i2c/i2c-smbus.ko
  LD [M]  drivers/i2c/i2c-mux.ko
  LD [M]  drivers/media/tuners/mc44s803.ko
  LD [M]  drivers/media/tuners/mt20xx.ko
  LD [M]  drivers/media/tuners/tuner-simple.ko
  LD [M]  drivers/media/tuners/tuner-types.ko
  LD [M]  drivers/media/tuners/tda18271.ko
  LD [M]  drivers/media/tuners/tda827x.ko
  LD [M]  drivers/media/tuners/tda8290.ko
  LD [M]  drivers/media/tuners/tda9887.ko
  LD [M]  drivers/media/tuners/tea5761.ko
  LD [M]  drivers/media/tuners/tea5767.ko
  LD [M]  drivers/media/tuners/xc2028.ko
  LD [M]  drivers/media/tuners/xc4000.ko
  LD [M]  drivers/media/tuners/xc5000.ko
  LD [M]  drivers/media/rc/rc-core.ko
  LD [M]  drivers/media/common/videobuf2/videobuf2-common.ko
  LD [M]  drivers/media/common/videobuf2/videobuf2-memops.ko
  LD [M]  drivers/media/common/videobuf2/videobuf2-v4l2.ko
  LD [M]  drivers/media/common/videobuf2/videobuf2-vmalloc.ko
  LD [M]  drivers/media/common/uvc.ko
  LD [M]  drivers/media/usb/uvc/uvcvideo.ko
  LD [M]  drivers/media/mc/mc.ko
  LD [M]  drivers/media/v4l2-core/v4l2-async.ko
  LD [M]  drivers/media/v4l2-core/v4l2-fwnode.ko
  LD [M]  drivers/media/v4l2-core/v4l2-dv-timings.ko
  LD [M]  drivers/media/v4l2-core/videodev.ko
  LD [M]  drivers/media/dvb-core/dvb-core.ko
  LD [M]  drivers/media/cec/core/cec.ko
  LD [M]  drivers/power/sequencing/pwrseq-core.ko
  LD [M]  drivers/hwmon/coretemp.ko
  LD [M]  drivers/thermal/intel/intel_powerclamp.ko
  LD [M]  drivers/thermal/intel/intel_soc_dts_iosf.ko
  LD [M]  drivers/thermal/intel/int340x_thermal/int3400_thermal.ko
  LD [M]  drivers/thermal/intel/int340x_thermal/int340x_thermal_zone.ko
  LD [M]  drivers/thermal/intel/int340x_thermal/int3402_thermal.ko
  LD [M]  drivers/thermal/intel/int340x_thermal/int3403_thermal.ko
  LD [M]  drivers/thermal/intel/int340x_thermal/processor_thermal_device.ko
  LD [M]  drivers/thermal/intel/int340x_thermal/int3401_thermal.ko
  LD [M]  drivers/thermal/intel/int340x_thermal/processor_thermal_device_pci.ko
  LD [M]  drivers/thermal/intel/int340x_thermal/processor_thermal_device_pci_legacy.ko
  LD [M]  drivers/thermal/intel/int340x_thermal/processor_thermal_rapl.ko
  LD [M]  drivers/thermal/intel/int340x_thermal/processor_thermal_rfim.ko
  LD [M]  drivers/thermal/intel/int340x_thermal/processor_thermal_mbox.ko
  LD [M]  drivers/thermal/intel/int340x_thermal/processor_thermal_wt_req.ko
  LD [M]  drivers/thermal/intel/int340x_thermal/processor_thermal_wt_hint.ko
  LD [M]  drivers/thermal/intel/int340x_thermal/processor_thermal_power_floor.ko
  LD [M]  drivers/thermal/intel/int340x_thermal/acpi_thermal_rel.ko
  LD [M]  drivers/mmc/core/mmc_block.ko
  LD [M]  drivers/mmc/host/sdhci.ko
  LD [M]  drivers/mmc/host/sdhci-acpi.ko
  LD [M]  drivers/firmware/efi/efi-pstore.ko
  LD [M]  drivers/firmware/dmi-sysfs.ko
  LD [M]  drivers/hid/hid.ko
  LD [M]  drivers/hid/hid-generic.ko
  LD [M]  drivers/hid/hid-multitouch.ko
  LD [M]  drivers/hid/usbhid/usbhid.ko
  LD [M]  drivers/hid/i2c-hid/i2c-hid.ko
  LD [M]  drivers/hid/i2c-hid/i2c-hid-acpi.ko
  LD [M]  drivers/staging/iio/impedance-analyzer/ad5933.ko
  LD [M]  drivers/platform/x86/intel/intel-vsec.ko
  LD [M]  drivers/platform/x86/wmi.ko
  LD [M]  drivers/powercap/intel_rapl_common.ko
  LD [M]  drivers/powercap/intel_rapl_msr.ko
  LD [M]  drivers/parport/parport.ko
  LD [M]  drivers/parport/parport_pc.ko
  LD [M]  drivers/bluetooth/hci_uart.ko
  LD [M]  drivers/bluetooth/btintel.ko
  LD [M]  drivers/bluetooth/btusb.ko
  LD [M]  drivers/bluetooth/btintel_pcie.ko
  LD [M]  drivers/bluetooth/btbcm.ko
  LD [M]  drivers/bluetooth/btrtl.ko
  LD [M]  drivers/bluetooth/btqca.ko
  LD [M]  drivers/bluetooth/btmtk.ko
  LD [M]  drivers/iio/accel/bmc150-accel-core.ko
  LD [M]  drivers/iio/accel/bmc150-accel-i2c.ko
  LD [M]  drivers/iio/accel/bmc150-accel-spi.ko
  LD [M]  drivers/iio/buffer/industrialio-triggered-buffer.ko
  LD [M]  drivers/iio/imu/bmi323/bmi323_core.ko
  LD [M]  drivers/iio/buffer/kfifo_buf.ko
  LD [M]  drivers/iio/imu/bmi323/bmi323_i2c.ko
  LD [M]  drivers/iio/industrialio.ko
  LD [M]  sound/soundcore.ko
  LD [M]  sound/core/snd.ko
  LD [M]  sound/core/snd-hwdep.ko
  LD [M]  sound/core/snd-timer.ko
  LD [M]  sound/core/snd-hrtimer.ko
  LD [M]  sound/core/snd-pcm.ko
  LD [M]  sound/core/snd-seq-device.ko
  LD [M]  sound/core/snd-rawmidi.ko
  LD [M]  sound/core/snd-ump.ko
  LD [M]  sound/core/seq/snd-seq.ko
  LD [M]  sound/core/seq/snd-seq-dummy.ko
  LD [M]  sound/core/seq/snd-seq-midi.ko
  LD [M]  sound/core/seq/snd-seq-ump-client.ko
  LD [M]  sound/core/seq/snd-seq-midi-event.ko
  LD [M]  sound/pci/hda/snd-hda-codec.ko
  LD [M]  sound/pci/hda/snd-hda-codec-hdmi.ko
  LD [M]  sound/pci/hda/snd-hda-intel.ko
  LD [M]  sound/usb/snd-usbmidi-lib.ko
  LD [M]  sound/usb/misc/snd-ua101.ko
  LD [M]  sound/usb/snd-usb-audio.ko
  LD [M]  sound/usb/usx2y/snd-usb-usx2y.ko
  LD [M]  sound/usb/usx2y/snd-usb-us122l.ko
  LD [M]  sound/hda/snd-hda-core.ko
  LD [M]  sound/hda/snd-intel-dspcfg.ko
  LD [M]  sound/hda/snd-intel-sdw-acpi.ko
  LD [M]  net/sched/sch_fq_codel.ko
  LD [M]  net/netfilter/nfnetlink.ko
  LD [M]  net/netfilter/nf_conntrack.ko
  LD [M]  net/netfilter/nf_nat.ko
  LD [M]  net/netfilter/nf_tables.ko
  LD [M]  net/netfilter/nft_compat.ko
  LD [M]  net/netfilter/nft_nat.ko
  LD [M]  net/netfilter/nft_chain_nat.ko
  LD [M]  net/netfilter/x_tables.ko
  LD [M]  net/netfilter/xt_tcpudp.ko
  LD [M]  net/netfilter/xt_MASQUERADE.ko
  LD [M]  net/netfilter/xt_mark.ko
  LD [M]  net/ipv4/netfilter/nf_defrag_ipv4.ko
  LD [M]  net/ipv4/netfilter/ip_tables.ko
  LD [M]  net/ipv6/netfilter/nf_defrag_ipv6.ko
  LD [M]  net/wireless/cfg80211.ko
  LD [M]  net/rfkill/rfkill-gpio.ko
  LD [M]  net/tls/tls.ko
  LD [M]  net/bluetooth/bluetooth.ko
  LD [M]  net/bluetooth/rfcomm/rfcomm.ko
  LD [M]  net/bluetooth/bnep/bnep.ko
  LD [M]  net/mac80211/mac80211.ko
  LD [M]  net/qrtr/qrtr.ko
  LD [M]  virt/lib/irqbypass.ko
  NM      .tmp_vmlinux1.syms
  KSYMS   .tmp_vmlinux1.kallsyms.S
  AS      .tmp_vmlinux1.kallsyms.o
  LD      .tmp_vmlinux2
  NM      .tmp_vmlinux2.syms
  KSYMS   .tmp_vmlinux2.kallsyms.S
  AS      .tmp_vmlinux2.kallsyms.o
  LD      vmlinux
  NM      System.map
  SORTTAB vmlinux
  RELOCS  arch/x86/boot/compressed/vmlinux.relocs
  RSTRIP  vmlinux
  GEN     modules.builtin.ranges
  CC      arch/x86/boot/a20.o
  AS      arch/x86/boot/bioscall.o
  CC      arch/x86/boot/cmdline.o
  AS      arch/x86/boot/copy.o
  HOSTCC  arch/x86/boot/mkcpustr
  CC      arch/x86/boot/cpuflags.o
  CC      arch/x86/boot/cpucheck.o
  CC      arch/x86/boot/early_serial_console.o
  CC      arch/x86/boot/edd.o
  CC      arch/x86/boot/main.o
  CC      arch/x86/boot/memory.o
  CC      arch/x86/boot/pm.o
  LDS     arch/x86/boot/compressed/vmlinux.lds
  AS      arch/x86/boot/pmjump.o
  CC      arch/x86/boot/printf.o
  AS      arch/x86/boot/compressed/kernel_info.o
  CC      arch/x86/boot/regs.o
  CC      arch/x86/boot/string.o
  AS      arch/x86/boot/compressed/head_64.o
  CC      arch/x86/boot/tty.o
  VOFFSET arch/x86/boot/compressed/../voffset.h
  CC      arch/x86/boot/video.o
  CC      arch/x86/boot/video-mode.o
  CC      arch/x86/boot/compressed/string.o
  CC      arch/x86/boot/version.o
  CC      arch/x86/boot/compressed/cmdline.o
  CC      arch/x86/boot/video-vga.o
  CC      arch/x86/boot/video-vesa.o
  CC      arch/x86/boot/compressed/error.o
  CC      arch/x86/boot/video-bios.o
  HOSTCC  arch/x86/boot/tools/build
  CPUSTR  arch/x86/boot/cpustr.h
  CC      arch/x86/boot/cpu.o
  OBJCOPY arch/x86/boot/compressed/vmlinux.bin
  HOSTCC  arch/x86/boot/compressed/mkpiggy
  CC      arch/x86/boot/compressed/cpuflags.o
  CC      arch/x86/boot/compressed/early_serial_console.o
  CC      arch/x86/boot/compressed/kaslr.o
  CC      arch/x86/boot/compressed/ident_map_64.o
  CC      arch/x86/boot/compressed/idt_64.o
  AS      arch/x86/boot/compressed/idt_handlers_64.o
  AS      arch/x86/boot/compressed/mem_encrypt.o
  CC      arch/x86/boot/compressed/pgtable_64.o
  CC      arch/x86/boot/compressed/sev.o
  CC      arch/x86/boot/compressed/acpi.o
  CC      arch/x86/boot/compressed/tdx.o
  AS      arch/x86/boot/compressed/tdcall.o
  CC      arch/x86/boot/compressed/tdx-shared.o
  CC      arch/x86/boot/compressed/mem.o
  CC      arch/x86/boot/compressed/efi.o
  AS      arch/x86/boot/compressed/efi_mixed.o
  CC      arch/x86/boot/compressed/misc.o
  ZSTD22  arch/x86/boot/compressed/vmlinux.bin.zst
  MKPIGGY arch/x86/boot/compressed/piggy.S
  AS      arch/x86/boot/compressed/piggy.o
  LD      arch/x86/boot/compressed/vmlinux
  ZOFFSET arch/x86/boot/zoffset.h
  OBJCOPY arch/x86/boot/vmlinux.bin
  AS      arch/x86/boot/header.o
  LD      arch/x86/boot/setup.elf
  OBJCOPY arch/x86/boot/setup.bin
  BUILD   arch/x86/boot/bzImage
Kernel: arch/x86/boot/bzImage is ready  (#13)
  SYMLINK debian/linux-image-6.14.11-custom/lib/modules/6.14.11-custom/build
  INSTALL debian/linux-image-6.14.11-custom/lib/modules/6.14.11-custom/modules.order
  INSTALL debian/linux-image-6.14.11-custom/lib/modules/6.14.11-custom/modules.builtin
  INSTALL debian/linux-image-6.14.11-custom/lib/modules/6.14.11-custom/modules.builtin.modinfo
  INSTALL debian/linux-image-6.14.11-custom/lib/modules/6.14.11-custom/modules.builtin.ranges
  INSTALL debian/linux-image-6.14.11-custom/lib/modules/6.14.11-custom/kernel/arch/x86/events/intel/intel-cstate.ko
  INSTALL debian/linux-image-6.14.11-custom/lib/modules/6.14.11-custom/kernel/arch/x86/kernel/msr.ko
  INSTALL debian/linux-image-6.14.11-custom/lib/modules/6.14.11-custom/kernel/arch/x86/kernel/cpuid.ko
  INSTALL debian/linux-image-6.14.11-custom/lib/modules/6.14.11-custom/kernel/arch/x86/crypto/aesni-intel.ko
  STRIP   debian/linux-image-6.14.11-custom/lib/modules/6.14.11-custom/kernel/arch/x86/events/intel/intel-cstate.ko
  INSTALL debian/linux-image-6.14.11-custom/lib/modules/6.14.11-custom/kernel/arch/x86/crypto/sha1-ssse3.ko
  STRIP   debian/linux-image-6.14.11-custom/lib/modules/6.14.11-custom/kernel/arch/x86/kernel/msr.ko
  INSTALL debian/linux-image-6.14.11-custom/lib/modules/6.14.11-custom/kernel/arch/x86/crypto/sha256-ssse3.ko
  STRIP   debian/linux-image-6.14.11-custom/lib/modules/6.14.11-custom/kernel/arch/x86/crypto/aesni-intel.ko
  STRIP   debian/linux-image-6.14.11-custom/lib/modules/6.14.11-custom/kernel/arch/x86/kernel/cpuid.ko
  INSTALL debian/linux-image-6.14.11-custom/lib/modules/6.14.11-custom/kernel/arch/x86/crypto/ghash-clmulni-intel.ko
  STRIP   debian/linux-image-6.14.11-custom/lib/modules/6.14.11-custom/kernel/arch/x86/crypto/sha256-ssse3.ko
  STRIP   debian/linux-image-6.14.11-custom/lib/modules/6.14.11-custom/kernel/arch/x86/crypto/sha1-ssse3.ko
  SIGN    debian/linux-image-6.14.11-custom/lib/modules/6.14.11-custom/kernel/arch/x86/kernel/msr.ko
  SIGN    debian/linux-image-6.14.11-custom/lib/modules/6.14.11-custom/kernel/arch/x86/events/intel/intel-cstate.ko
  INSTALL debian/linux-image-6.14.11-custom/lib/modules/6.14.11-custom/kernel/arch/x86/platform/atom/punit_atom_debug.ko
  STRIP   debian/linux-image-6.14.11-custom/lib/modules/6.14.11-custom/kernel/arch/x86/crypto/ghash-clmulni-intel.ko
  SIGN    debian/linux-image-6.14.11-custom/lib/modules/6.14.11-custom/kernel/arch/x86/crypto/aesni-intel.ko
  SIGN    debian/linux-image-6.14.11-custom/lib/modules/6.14.11-custom/kernel/arch/x86/kernel/cpuid.ko
  SIGN    debian/linux-image-6.14.11-custom/lib/modules/6.14.11-custom/kernel/arch/x86/crypto/sha256-ssse3.ko
  INSTALL debian/linux-image-6.14.11-custom/lib/modules/6.14.11-custom/kernel/arch/x86/kvm/kvm.ko
  SIGN    debian/linux-image-6.14.11-custom/lib/modules/6.14.11-custom/kernel/arch/x86/crypto/sha1-ssse3.ko
  STRIP   debian/linux-image-6.14.11-custom/lib/modules/6.14.11-custom/kernel/arch/x86/platform/atom/punit_atom_debug.ko
  INSTALL debian/linux-image-6.14.11-custom/lib/modules/6.14.11-custom/kernel/arch/x86/kvm/kvm-intel.ko
  SIGN    debian/linux-image-6.14.11-custom/lib/modules/6.14.11-custom/kernel/arch/x86/crypto/ghash-clmulni-intel.ko
  INSTALL debian/linux-image-6.14.11-custom/lib/modules/6.14.11-custom/kernel/arch/x86/kvm/kvm-amd.ko
  SIGN    debian/linux-image-6.14.11-custom/lib/modules/6.14.11-custom/kernel/arch/x86/platform/atom/punit_atom_debug.ko
  INSTALL debian/linux-image-6.14.11-custom/lib/modules/6.14.11-custom/kernel/kernel/configs.ko
  INSTALL debian/linux-image-6.14.11-custom/lib/modules/6.14.11-custom/kernel/fs/fat/msdos.ko
  STRIP   debian/linux-image-6.14.11-custom/lib/modules/6.14.11-custom/kernel/arch/x86/kvm/kvm.ko
  STRIP   debian/linux-image-6.14.11-custom/lib/modules/6.14.11-custom/kernel/arch/x86/kvm/kvm-intel.ko
  STRIP   debian/linux-image-6.14.11-custom/lib/modules/6.14.11-custom/kernel/arch/x86/kvm/kvm-amd.ko
  INSTALL debian/linux-image-6.14.11-custom/lib/modules/6.14.11-custom/kernel/fs/nls/nls_iso8859-1.ko
  STRIP   debian/linux-image-6.14.11-custom/lib/modules/6.14.11-custom/kernel/kernel/configs.ko
  INSTALL debian/linux-image-6.14.11-custom/lib/modules/6.14.11-custom/kernel/fs/nls/nls_utf8.ko
  STRIP   debian/linux-image-6.14.11-custom/lib/modules/6.14.11-custom/kernel/fs/fat/msdos.ko
  STRIP   debian/linux-image-6.14.11-custom/lib/modules/6.14.11-custom/kernel/fs/nls/nls_utf8.ko
  STRIP   debian/linux-image-6.14.11-custom/lib/modules/6.14.11-custom/kernel/fs/nls/nls_iso8859-1.ko
  SIGN    debian/linux-image-6.14.11-custom/lib/modules/6.14.11-custom/kernel/kernel/configs.ko
  SIGN    debian/linux-image-6.14.11-custom/lib/modules/6.14.11-custom/kernel/fs/fat/msdos.ko
  SIGN    debian/linux-image-6.14.11-custom/lib/modules/6.14.11-custom/kernel/fs/nls/nls_utf8.ko
  SIGN    debian/linux-image-6.14.11-custom/lib/modules/6.14.11-custom/kernel/fs/nls/nls_iso8859-1.ko
  INSTALL debian/linux-image-6.14.11-custom/lib/modules/6.14.11-custom/kernel/fs/nls/nls_ucs2_utils.ko
  SIGN    debian/linux-image-6.14.11-custom/lib/modules/6.14.11-custom/kernel/arch/x86/kvm/kvm-amd.ko
  INSTALL debian/linux-image-6.14.11-custom/lib/modules/6.14.11-custom/kernel/fs/binfmt_misc.ko
  SIGN    debian/linux-image-6.14.11-custom/lib/modules/6.14.11-custom/kernel/arch/x86/kvm/kvm-intel.ko
  STRIP   debian/linux-image-6.14.11-custom/lib/modules/6.14.11-custom/kernel/fs/nls/nls_ucs2_utils.ko
  INSTALL debian/linux-image-6.14.11-custom/lib/modules/6.14.11-custom/kernel/fs/minix/minix.ko
  INSTALL debian/linux-image-6.14.11-custom/lib/modules/6.14.11-custom/kernel/fs/hfsplus/hfsplus.ko
  STRIP   debian/linux-image-6.14.11-custom/lib/modules/6.14.11-custom/kernel/fs/binfmt_misc.ko
  SIGN    debian/linux-image-6.14.11-custom/lib/modules/6.14.11-custom/kernel/fs/nls/nls_ucs2_utils.ko
  STRIP   debian/linux-image-6.14.11-custom/lib/modules/6.14.11-custom/kernel/fs/minix/minix.ko
  STRIP   debian/linux-image-6.14.11-custom/lib/modules/6.14.11-custom/kernel/fs/hfsplus/hfsplus.ko
  INSTALL debian/linux-image-6.14.11-custom/lib/modules/6.14.11-custom/kernel/fs/hfs/hfs.ko
  INSTALL debian/linux-image-6.14.11-custom/lib/modules/6.14.11-custom/kernel/fs/ntfs3/ntfs3.ko
  SIGN    debian/linux-image-6.14.11-custom/lib/modules/6.14.11-custom/kernel/fs/binfmt_misc.ko
  SIGN    debian/linux-image-6.14.11-custom/lib/modules/6.14.11-custom/kernel/arch/x86/kvm/kvm.ko
  STRIP   debian/linux-image-6.14.11-custom/lib/modules/6.14.11-custom/kernel/fs/hfs/hfs.ko
  STRIP   debian/linux-image-6.14.11-custom/lib/modules/6.14.11-custom/kernel/fs/ntfs3/ntfs3.ko
  SIGN    debian/linux-image-6.14.11-custom/lib/modules/6.14.11-custom/kernel/fs/minix/minix.ko
  SIGN    debian/linux-image-6.14.11-custom/lib/modules/6.14.11-custom/kernel/fs/hfsplus/hfsplus.ko
  SIGN    debian/linux-image-6.14.11-custom/lib/modules/6.14.11-custom/kernel/fs/hfs/hfs.ko
  INSTALL debian/linux-image-6.14.11-custom/lib/modules/6.14.11-custom/kernel/fs/ufs/ufs.ko
  SIGN    debian/linux-image-6.14.11-custom/lib/modules/6.14.11-custom/kernel/fs/ntfs3/ntfs3.ko
  INSTALL debian/linux-image-6.14.11-custom/lib/modules/6.14.11-custom/kernel/fs/qnx4/qnx4.ko
  STRIP   debian/linux-image-6.14.11-custom/lib/modules/6.14.11-custom/kernel/fs/ufs/ufs.ko
  INSTALL debian/linux-image-6.14.11-custom/lib/modules/6.14.11-custom/kernel/fs/autofs/autofs4.ko
  STRIP   debian/linux-image-6.14.11-custom/lib/modules/6.14.11-custom/kernel/fs/qnx4/qnx4.ko
  INSTALL debian/linux-image-6.14.11-custom/lib/modules/6.14.11-custom/kernel/fs/jfs/jfs.ko
  STRIP   debian/linux-image-6.14.11-custom/lib/modules/6.14.11-custom/kernel/fs/autofs/autofs4.ko
  INSTALL debian/linux-image-6.14.11-custom/lib/modules/6.14.11-custom/kernel/fs/xfs/xfs.ko
  SIGN    debian/linux-image-6.14.11-custom/lib/modules/6.14.11-custom/kernel/fs/ufs/ufs.ko
  INSTALL debian/linux-image-6.14.11-custom/lib/modules/6.14.11-custom/kernel/fs/btrfs/btrfs.ko
  STRIP   debian/linux-image-6.14.11-custom/lib/modules/6.14.11-custom/kernel/fs/jfs/jfs.ko
  SIGN    debian/linux-image-6.14.11-custom/lib/modules/6.14.11-custom/kernel/fs/qnx4/qnx4.ko
  INSTALL debian/linux-image-6.14.11-custom/lib/modules/6.14.11-custom/kernel/crypto/cmac.ko
  SIGN    debian/linux-image-6.14.11-custom/lib/modules/6.14.11-custom/kernel/fs/autofs/autofs4.ko
  INSTALL debian/linux-image-6.14.11-custom/lib/modules/6.14.11-custom/kernel/crypto/blake2b_generic.ko
  INSTALL debian/linux-image-6.14.11-custom/lib/modules/6.14.11-custom/kernel/crypto/xctr.ko
  STRIP   debian/linux-image-6.14.11-custom/lib/modules/6.14.11-custom/kernel/fs/xfs/xfs.ko
  SIGN    debian/linux-image-6.14.11-custom/lib/modules/6.14.11-custom/kernel/fs/jfs/jfs.ko
  STRIP   debian/linux-image-6.14.11-custom/lib/modules/6.14.11-custom/kernel/fs/btrfs/btrfs.ko
  STRIP   debian/linux-image-6.14.11-custom/lib/modules/6.14.11-custom/kernel/crypto/cmac.ko
  STRIP   debian/linux-image-6.14.11-custom/lib/modules/6.14.11-custom/kernel/crypto/blake2b_generic.ko
  STRIP   debian/linux-image-6.14.11-custom/lib/modules/6.14.11-custom/kernel/crypto/xctr.ko
  INSTALL debian/linux-image-6.14.11-custom/lib/modules/6.14.11-custom/kernel/crypto/hctr2.ko
  INSTALL debian/linux-image-6.14.11-custom/lib/modules/6.14.11-custom/kernel/crypto/ccm.ko
  STRIP   debian/linux-image-6.14.11-custom/lib/modules/6.14.11-custom/kernel/crypto/ccm.ko
  SIGN    debian/linux-image-6.14.11-custom/lib/modules/6.14.11-custom/kernel/crypto/xctr.ko
  SIGN    debian/linux-image-6.14.11-custom/lib/modules/6.14.11-custom/kernel/crypto/cmac.ko
  STRIP   debian/linux-image-6.14.11-custom/lib/modules/6.14.11-custom/kernel/crypto/hctr2.ko
  SIGN    debian/linux-image-6.14.11-custom/lib/modules/6.14.11-custom/kernel/crypto/blake2b_generic.ko
  INSTALL debian/linux-image-6.14.11-custom/lib/modules/6.14.11-custom/kernel/crypto/xxhash_generic.ko
  INSTALL debian/linux-image-6.14.11-custom/lib/modules/6.14.11-custom/kernel/crypto/cryptd.ko
  INSTALL debian/linux-image-6.14.11-custom/lib/modules/6.14.11-custom/kernel/crypto/polyval-generic.ko
  SIGN    debian/linux-image-6.14.11-custom/lib/modules/6.14.11-custom/kernel/crypto/hctr2.ko
  SIGN    debian/linux-image-6.14.11-custom/lib/modules/6.14.11-custom/kernel/crypto/ccm.ko
  INSTALL debian/linux-image-6.14.11-custom/lib/modules/6.14.11-custom/kernel/crypto/af_alg.ko
  STRIP   debian/linux-image-6.14.11-custom/lib/modules/6.14.11-custom/kernel/crypto/xxhash_generic.ko
  INSTALL debian/linux-image-6.14.11-custom/lib/modules/6.14.11-custom/kernel/crypto/algif_hash.ko
  STRIP   debian/linux-image-6.14.11-custom/lib/modules/6.14.11-custom/kernel/crypto/cryptd.ko
  STRIP   debian/linux-image-6.14.11-custom/lib/modules/6.14.11-custom/kernel/crypto/polyval-generic.ko
  SIGN    debian/linux-image-6.14.11-custom/lib/modules/6.14.11-custom/kernel/crypto/xxhash_generic.ko
  STRIP   debian/linux-image-6.14.11-custom/lib/modules/6.14.11-custom/kernel/crypto/af_alg.ko
  INSTALL debian/linux-image-6.14.11-custom/lib/modules/6.14.11-custom/kernel/crypto/algif_skcipher.ko
  STRIP   debian/linux-image-6.14.11-custom/lib/modules/6.14.11-custom/kernel/crypto/algif_hash.ko
  SIGN    debian/linux-image-6.14.11-custom/lib/modules/6.14.11-custom/kernel/crypto/polyval-generic.ko
  SIGN    debian/linux-image-6.14.11-custom/lib/modules/6.14.11-custom/kernel/crypto/cryptd.ko
  INSTALL debian/linux-image-6.14.11-custom/lib/modules/6.14.11-custom/kernel/crypto/xor.ko
  STRIP   debian/linux-image-6.14.11-custom/lib/modules/6.14.11-custom/kernel/crypto/algif_skcipher.ko
  SIGN    debian/linux-image-6.14.11-custom/lib/modules/6.14.11-custom/kernel/crypto/af_alg.ko
  INSTALL debian/linux-image-6.14.11-custom/lib/modules/6.14.11-custom/kernel/crypto/crypto_simd.ko
  INSTALL debian/linux-image-6.14.11-custom/lib/modules/6.14.11-custom/kernel/lib/crypto/libarc4.ko
  SIGN    debian/linux-image-6.14.11-custom/lib/modules/6.14.11-custom/kernel/crypto/algif_hash.ko
  SIGN    debian/linux-image-6.14.11-custom/lib/modules/6.14.11-custom/kernel/crypto/algif_skcipher.ko
  INSTALL debian/linux-image-6.14.11-custom/lib/modules/6.14.11-custom/kernel/lib/raid6/raid6_pq.ko
  SIGN    debian/linux-image-6.14.11-custom/lib/modules/6.14.11-custom/kernel/fs/btrfs/btrfs.ko
  INSTALL debian/linux-image-6.14.11-custom/lib/modules/6.14.11-custom/kernel/drivers/acpi/video.ko
  INSTALL debian/linux-image-6.14.11-custom/lib/modules/6.14.11-custom/kernel/drivers/dma/dw/dw_dmac_core.ko
  STRIP   debian/linux-image-6.14.11-custom/lib/modules/6.14.11-custom/kernel/crypto/xor.ko
  STRIP   debian/linux-image-6.14.11-custom/lib/modules/6.14.11-custom/kernel/crypto/crypto_simd.ko
  SIGN    debian/linux-image-6.14.11-custom/lib/modules/6.14.11-custom/kernel/crypto/xor.ko
  SIGN    debian/linux-image-6.14.11-custom/lib/modules/6.14.11-custom/kernel/fs/xfs/xfs.ko
  STRIP   debian/linux-image-6.14.11-custom/lib/modules/6.14.11-custom/kernel/lib/crypto/libarc4.ko
  STRIP   debian/linux-image-6.14.11-custom/lib/modules/6.14.11-custom/kernel/lib/raid6/raid6_pq.ko
  INSTALL debian/linux-image-6.14.11-custom/lib/modules/6.14.11-custom/kernel/drivers/dma/dw/dw_dmac.ko
  SIGN    debian/linux-image-6.14.11-custom/lib/modules/6.14.11-custom/kernel/crypto/crypto_simd.ko
  STRIP   debian/linux-image-6.14.11-custom/lib/modules/6.14.11-custom/kernel/drivers/dma/dw/dw_dmac_core.ko
  STRIP   debian/linux-image-6.14.11-custom/lib/modules/6.14.11-custom/kernel/drivers/acpi/video.ko
  SIGN    debian/linux-image-6.14.11-custom/lib/modules/6.14.11-custom/kernel/lib/crypto/libarc4.ko
  SIGN    debian/linux-image-6.14.11-custom/lib/modules/6.14.11-custom/kernel/lib/raid6/raid6_pq.ko
  INSTALL debian/linux-image-6.14.11-custom/lib/modules/6.14.11-custom/kernel/drivers/char/lp.ko
  INSTALL debian/linux-image-6.14.11-custom/lib/modules/6.14.11-custom/kernel/drivers/char/ppdev.ko
  INSTALL debian/linux-image-6.14.11-custom/lib/modules/6.14.11-custom/kernel/drivers/misc/rpmb-core.ko
  SIGN    debian/linux-image-6.14.11-custom/lib/modules/6.14.11-custom/kernel/drivers/acpi/video.ko
  STRIP   debian/linux-image-6.14.11-custom/lib/modules/6.14.11-custom/kernel/drivers/dma/dw/dw_dmac.ko
  STRIP   debian/linux-image-6.14.11-custom/lib/modules/6.14.11-custom/kernel/drivers/char/lp.ko
  INSTALL debian/linux-image-6.14.11-custom/lib/modules/6.14.11-custom/kernel/drivers/misc/mei/mei.ko
  STRIP   debian/linux-image-6.14.11-custom/lib/modules/6.14.11-custom/kernel/drivers/char/ppdev.ko
  STRIP   debian/linux-image-6.14.11-custom/lib/modules/6.14.11-custom/kernel/drivers/misc/rpmb-core.ko
  SIGN    debian/linux-image-6.14.11-custom/lib/modules/6.14.11-custom/kernel/drivers/dma/dw/dw_dmac_core.ko
  SIGN    debian/linux-image-6.14.11-custom/lib/modules/6.14.11-custom/kernel/drivers/dma/dw/dw_dmac.ko
  STRIP   debian/linux-image-6.14.11-custom/lib/modules/6.14.11-custom/kernel/drivers/misc/mei/mei.ko
  INSTALL debian/linux-image-6.14.11-custom/lib/modules/6.14.11-custom/kernel/drivers/misc/mei/mei-me.ko
  SIGN    debian/linux-image-6.14.11-custom/lib/modules/6.14.11-custom/kernel/drivers/misc/rpmb-core.ko
  SIGN    debian/linux-image-6.14.11-custom/lib/modules/6.14.11-custom/kernel/drivers/char/lp.ko
  SIGN    debian/linux-image-6.14.11-custom/lib/modules/6.14.11-custom/kernel/drivers/char/ppdev.ko
  STRIP   debian/linux-image-6.14.11-custom/lib/modules/6.14.11-custom/kernel/drivers/misc/mei/mei-me.ko
  SIGN    debian/linux-image-6.14.11-custom/lib/modules/6.14.11-custom/kernel/drivers/misc/mei/mei.ko
  INSTALL debian/linux-image-6.14.11-custom/lib/modules/6.14.11-custom/kernel/drivers/misc/mei/mei-txe.ko
  INSTALL debian/linux-image-6.14.11-custom/lib/modules/6.14.11-custom/kernel/drivers/misc/mei/hdcp/mei_hdcp.ko
  INSTALL debian/linux-image-6.14.11-custom/lib/modules/6.14.11-custom/kernel/drivers/misc/mei/pxp/mei_pxp.ko
  INSTALL debian/linux-image-6.14.11-custom/lib/modules/6.14.11-custom/kernel/drivers/mfd/lpc_ich.ko
  SIGN    debian/linux-image-6.14.11-custom/lib/modules/6.14.11-custom/kernel/drivers/misc/mei/mei-me.ko
  INSTALL debian/linux-image-6.14.11-custom/lib/modules/6.14.11-custom/kernel/drivers/macintosh/mac_hid.ko
  STRIP   debian/linux-image-6.14.11-custom/lib/modules/6.14.11-custom/kernel/drivers/misc/mei/mei-txe.ko
  STRIP   debian/linux-image-6.14.11-custom/lib/modules/6.14.11-custom/kernel/drivers/misc/mei/hdcp/mei_hdcp.ko
  INSTALL debian/linux-image-6.14.11-custom/lib/modules/6.14.11-custom/kernel/drivers/gpu/drm/display/drm_display_helper.ko
  STRIP   debian/linux-image-6.14.11-custom/lib/modules/6.14.11-custom/kernel/drivers/misc/mei/pxp/mei_pxp.ko
  STRIP   debian/linux-image-6.14.11-custom/lib/modules/6.14.11-custom/kernel/drivers/mfd/lpc_ich.ko
  STRIP   debian/linux-image-6.14.11-custom/lib/modules/6.14.11-custom/kernel/drivers/macintosh/mac_hid.ko
  SIGN    debian/linux-image-6.14.11-custom/lib/modules/6.14.11-custom/kernel/drivers/misc/mei/pxp/mei_pxp.ko
  INSTALL debian/linux-image-6.14.11-custom/lib/modules/6.14.11-custom/kernel/drivers/gpu/drm/drm_exec.ko
  SIGN    debian/linux-image-6.14.11-custom/lib/modules/6.14.11-custom/kernel/drivers/macintosh/mac_hid.ko
  INSTALL debian/linux-image-6.14.11-custom/lib/modules/6.14.11-custom/kernel/drivers/gpu/drm/drm_gpuvm.ko
  SIGN    debian/linux-image-6.14.11-custom/lib/modules/6.14.11-custom/kernel/drivers/misc/mei/mei-txe.ko
  SIGN    debian/linux-image-6.14.11-custom/lib/modules/6.14.11-custom/kernel/drivers/misc/mei/hdcp/mei_hdcp.ko
  STRIP   debian/linux-image-6.14.11-custom/lib/modules/6.14.11-custom/kernel/drivers/gpu/drm/display/drm_display_helper.ko
  STRIP   debian/linux-image-6.14.11-custom/lib/modules/6.14.11-custom/kernel/drivers/gpu/drm/drm_gpuvm.ko
  STRIP   debian/linux-image-6.14.11-custom/lib/modules/6.14.11-custom/kernel/drivers/gpu/drm/drm_exec.ko
  SIGN    debian/linux-image-6.14.11-custom/lib/modules/6.14.11-custom/kernel/drivers/mfd/lpc_ich.ko
  INSTALL debian/linux-image-6.14.11-custom/lib/modules/6.14.11-custom/kernel/drivers/gpu/drm/drm_buddy.ko
  INSTALL debian/linux-image-6.14.11-custom/lib/modules/6.14.11-custom/kernel/drivers/gpu/drm/drm_suballoc_helper.ko
  INSTALL debian/linux-image-6.14.11-custom/lib/modules/6.14.11-custom/kernel/drivers/gpu/drm/ttm/ttm.ko
  INSTALL debian/linux-image-6.14.11-custom/lib/modules/6.14.11-custom/kernel/drivers/gpu/drm/drm_ttm_helper.ko
  SIGN    debian/linux-image-6.14.11-custom/lib/modules/6.14.11-custom/kernel/drivers/gpu/drm/drm_exec.ko
  STRIP   debian/linux-image-6.14.11-custom/lib/modules/6.14.11-custom/kernel/drivers/gpu/drm/drm_ttm_helper.ko
  STRIP   debian/linux-image-6.14.11-custom/lib/modules/6.14.11-custom/kernel/drivers/gpu/drm/drm_buddy.ko
  SIGN    debian/linux-image-6.14.11-custom/lib/modules/6.14.11-custom/kernel/drivers/gpu/drm/drm_gpuvm.ko
  STRIP   debian/linux-image-6.14.11-custom/lib/modules/6.14.11-custom/kernel/drivers/gpu/drm/ttm/ttm.ko
  STRIP   debian/linux-image-6.14.11-custom/lib/modules/6.14.11-custom/kernel/drivers/gpu/drm/drm_suballoc_helper.ko
  SIGN    debian/linux-image-6.14.11-custom/lib/modules/6.14.11-custom/kernel/drivers/gpu/drm/display/drm_display_helper.ko
  INSTALL debian/linux-image-6.14.11-custom/lib/modules/6.14.11-custom/kernel/drivers/gpu/drm/scheduler/gpu-sched.ko
  INSTALL debian/linux-image-6.14.11-custom/lib/modules/6.14.11-custom/kernel/drivers/gpu/drm/i915/i915.ko
  SIGN    debian/linux-image-6.14.11-custom/lib/modules/6.14.11-custom/kernel/drivers/gpu/drm/drm_ttm_helper.ko
  SIGN    debian/linux-image-6.14.11-custom/lib/modules/6.14.11-custom/kernel/drivers/gpu/drm/drm_buddy.ko
  INSTALL debian/linux-image-6.14.11-custom/lib/modules/6.14.11-custom/kernel/drivers/gpu/drm/xe/xe.ko
  STRIP   debian/linux-image-6.14.11-custom/lib/modules/6.14.11-custom/kernel/drivers/gpu/drm/scheduler/gpu-sched.ko
  SIGN    debian/linux-image-6.14.11-custom/lib/modules/6.14.11-custom/kernel/drivers/gpu/drm/drm_suballoc_helper.ko
  INSTALL debian/linux-image-6.14.11-custom/lib/modules/6.14.11-custom/kernel/drivers/spi/spi-intel.ko
  INSTALL debian/linux-image-6.14.11-custom/lib/modules/6.14.11-custom/kernel/drivers/spi/spi-intel-platform.ko
  INSTALL debian/linux-image-6.14.11-custom/lib/modules/6.14.11-custom/kernel/drivers/net/wireless/realtek/rtw88/rtw88_core.ko
  SIGN    debian/linux-image-6.14.11-custom/lib/modules/6.14.11-custom/kernel/drivers/gpu/drm/ttm/ttm.ko
  SIGN    debian/linux-image-6.14.11-custom/lib/modules/6.14.11-custom/kernel/drivers/gpu/drm/scheduler/gpu-sched.ko
  STRIP   debian/linux-image-6.14.11-custom/lib/modules/6.14.11-custom/kernel/drivers/gpu/drm/xe/xe.ko
  INSTALL debian/linux-image-6.14.11-custom/lib/modules/6.14.11-custom/kernel/drivers/net/wireless/realtek/rtw88/rtw88_8723x.ko
  STRIP   debian/linux-image-6.14.11-custom/lib/modules/6.14.11-custom/kernel/drivers/spi/spi-intel.ko
  STRIP   debian/linux-image-6.14.11-custom/lib/modules/6.14.11-custom/kernel/drivers/gpu/drm/i915/i915.ko
  STRIP   debian/linux-image-6.14.11-custom/lib/modules/6.14.11-custom/kernel/drivers/spi/spi-intel-platform.ko
  STRIP   debian/linux-image-6.14.11-custom/lib/modules/6.14.11-custom/kernel/drivers/net/wireless/realtek/rtw88/rtw88_core.ko
  STRIP   debian/linux-image-6.14.11-custom/lib/modules/6.14.11-custom/kernel/drivers/net/wireless/realtek/rtw88/rtw88_8723x.ko
  SIGN    debian/linux-image-6.14.11-custom/lib/modules/6.14.11-custom/kernel/drivers/spi/spi-intel.ko
  INSTALL debian/linux-image-6.14.11-custom/lib/modules/6.14.11-custom/kernel/drivers/net/wireless/realtek/rtw88/rtw88_8723d.ko
  SIGN    debian/linux-image-6.14.11-custom/lib/modules/6.14.11-custom/kernel/drivers/spi/spi-intel-platform.ko
  INSTALL debian/linux-image-6.14.11-custom/lib/modules/6.14.11-custom/kernel/drivers/net/wireless/realtek/rtw88/rtw88_8723du.ko
  SIGN    debian/linux-image-6.14.11-custom/lib/modules/6.14.11-custom/kernel/drivers/net/wireless/realtek/rtw88/rtw88_8723x.ko
  STRIP   debian/linux-image-6.14.11-custom/lib/modules/6.14.11-custom/kernel/drivers/net/wireless/realtek/rtw88/rtw88_8723d.ko
  INSTALL debian/linux-image-6.14.11-custom/lib/modules/6.14.11-custom/kernel/drivers/net/wireless/realtek/rtw88/rtw88_usb.ko
  STRIP   debian/linux-image-6.14.11-custom/lib/modules/6.14.11-custom/kernel/drivers/net/wireless/realtek/rtw88/rtw88_8723du.ko
  STRIP   debian/linux-image-6.14.11-custom/lib/modules/6.14.11-custom/kernel/drivers/net/wireless/realtek/rtw88/rtw88_usb.ko
  INSTALL debian/linux-image-6.14.11-custom/lib/modules/6.14.11-custom/kernel/drivers/usb/roles/intel-xhci-usb-role-switch.ko
  SIGN    debian/linux-image-6.14.11-custom/lib/modules/6.14.11-custom/kernel/drivers/net/wireless/realtek/rtw88/rtw88_8723d.ko
  INSTALL debian/linux-image-6.14.11-custom/lib/modules/6.14.11-custom/kernel/drivers/input/serio/serio_raw.ko
  STRIP   debian/linux-image-6.14.11-custom/lib/modules/6.14.11-custom/kernel/drivers/usb/roles/intel-xhci-usb-role-switch.ko
  SIGN    debian/linux-image-6.14.11-custom/lib/modules/6.14.11-custom/kernel/drivers/net/wireless/realtek/rtw88/rtw88_core.ko
  STRIP   debian/linux-image-6.14.11-custom/lib/modules/6.14.11-custom/kernel/drivers/input/serio/serio_raw.ko
  SIGN    debian/linux-image-6.14.11-custom/lib/modules/6.14.11-custom/kernel/drivers/usb/roles/intel-xhci-usb-role-switch.ko
  INSTALL debian/linux-image-6.14.11-custom/lib/modules/6.14.11-custom/kernel/drivers/input/mouse/psmouse.ko
  INSTALL debian/linux-image-6.14.11-custom/lib/modules/6.14.11-custom/kernel/drivers/input/input-leds.ko
  SIGN    debian/linux-image-6.14.11-custom/lib/modules/6.14.11-custom/kernel/drivers/input/serio/serio_raw.ko
  INSTALL debian/linux-image-6.14.11-custom/lib/modules/6.14.11-custom/kernel/drivers/input/joydev.ko
  SIGN    debian/linux-image-6.14.11-custom/lib/modules/6.14.11-custom/kernel/drivers/net/wireless/realtek/rtw88/rtw88_usb.ko
  SIGN    debian/linux-image-6.14.11-custom/lib/modules/6.14.11-custom/kernel/drivers/net/wireless/realtek/rtw88/rtw88_8723du.ko
  STRIP   debian/linux-image-6.14.11-custom/lib/modules/6.14.11-custom/kernel/drivers/input/mouse/psmouse.ko
  STRIP   debian/linux-image-6.14.11-custom/lib/modules/6.14.11-custom/kernel/drivers/input/input-leds.ko
  INSTALL debian/linux-image-6.14.11-custom/lib/modules/6.14.11-custom/kernel/drivers/i2c/algos/i2c-algo-bit.ko
  INSTALL debian/linux-image-6.14.11-custom/lib/modules/6.14.11-custom/kernel/drivers/i2c/busses/i2c-i801.ko
  STRIP   debian/linux-image-6.14.11-custom/lib/modules/6.14.11-custom/kernel/drivers/input/joydev.ko
  STRIP   debian/linux-image-6.14.11-custom/lib/modules/6.14.11-custom/kernel/drivers/i2c/busses/i2c-i801.ko
  SIGN    debian/linux-image-6.14.11-custom/lib/modules/6.14.11-custom/kernel/drivers/input/input-leds.ko
  SIGN    debian/linux-image-6.14.11-custom/lib/modules/6.14.11-custom/kernel/drivers/input/mouse/psmouse.ko
  STRIP   debian/linux-image-6.14.11-custom/lib/modules/6.14.11-custom/kernel/drivers/i2c/algos/i2c-algo-bit.ko
  INSTALL debian/linux-image-6.14.11-custom/lib/modules/6.14.11-custom/kernel/drivers/i2c/i2c-smbus.ko
  SIGN    debian/linux-image-6.14.11-custom/lib/modules/6.14.11-custom/kernel/drivers/i2c/busses/i2c-i801.ko
  SIGN    debian/linux-image-6.14.11-custom/lib/modules/6.14.11-custom/kernel/drivers/input/joydev.ko
  INSTALL debian/linux-image-6.14.11-custom/lib/modules/6.14.11-custom/kernel/drivers/i2c/i2c-mux.ko
  SIGN    debian/linux-image-6.14.11-custom/lib/modules/6.14.11-custom/kernel/drivers/i2c/algos/i2c-algo-bit.ko
  INSTALL debian/linux-image-6.14.11-custom/lib/modules/6.14.11-custom/kernel/drivers/media/tuners/mc44s803.ko
  INSTALL debian/linux-image-6.14.11-custom/lib/modules/6.14.11-custom/kernel/drivers/media/tuners/mt20xx.ko
  STRIP   debian/linux-image-6.14.11-custom/lib/modules/6.14.11-custom/kernel/drivers/i2c/i2c-smbus.ko
  INSTALL debian/linux-image-6.14.11-custom/lib/modules/6.14.11-custom/kernel/drivers/media/tuners/tuner-simple.ko
  STRIP   debian/linux-image-6.14.11-custom/lib/modules/6.14.11-custom/kernel/drivers/i2c/i2c-mux.ko
  STRIP   debian/linux-image-6.14.11-custom/lib/modules/6.14.11-custom/kernel/drivers/media/tuners/mc44s803.ko
  STRIP   debian/linux-image-6.14.11-custom/lib/modules/6.14.11-custom/kernel/drivers/media/tuners/mt20xx.ko
  SIGN    debian/linux-image-6.14.11-custom/lib/modules/6.14.11-custom/kernel/drivers/gpu/drm/xe/xe.ko
  STRIP   debian/linux-image-6.14.11-custom/lib/modules/6.14.11-custom/kernel/drivers/media/tuners/tuner-simple.ko
  SIGN    debian/linux-image-6.14.11-custom/lib/modules/6.14.11-custom/kernel/drivers/i2c/i2c-mux.ko
  SIGN    debian/linux-image-6.14.11-custom/lib/modules/6.14.11-custom/kernel/drivers/media/tuners/mc44s803.ko
  SIGN    debian/linux-image-6.14.11-custom/lib/modules/6.14.11-custom/kernel/drivers/media/tuners/tuner-simple.ko
  INSTALL debian/linux-image-6.14.11-custom/lib/modules/6.14.11-custom/kernel/drivers/media/tuners/tuner-types.ko
  SIGN    debian/linux-image-6.14.11-custom/lib/modules/6.14.11-custom/kernel/drivers/i2c/i2c-smbus.ko
  SIGN    debian/linux-image-6.14.11-custom/lib/modules/6.14.11-custom/kernel/drivers/media/tuners/mt20xx.ko
  INSTALL debian/linux-image-6.14.11-custom/lib/modules/6.14.11-custom/kernel/drivers/media/tuners/tda827x.ko
  INSTALL debian/linux-image-6.14.11-custom/lib/modules/6.14.11-custom/kernel/drivers/media/tuners/tda18271.ko
  INSTALL debian/linux-image-6.14.11-custom/lib/modules/6.14.11-custom/kernel/drivers/media/tuners/tda9887.ko
  INSTALL debian/linux-image-6.14.11-custom/lib/modules/6.14.11-custom/kernel/drivers/media/tuners/tda8290.ko
  INSTALL debian/linux-image-6.14.11-custom/lib/modules/6.14.11-custom/kernel/drivers/media/tuners/tea5761.ko
  STRIP   debian/linux-image-6.14.11-custom/lib/modules/6.14.11-custom/kernel/drivers/media/tuners/tda18271.ko
  STRIP   debian/linux-image-6.14.11-custom/lib/modules/6.14.11-custom/kernel/drivers/media/tuners/tda827x.ko
  STRIP   debian/linux-image-6.14.11-custom/lib/modules/6.14.11-custom/kernel/drivers/media/tuners/tuner-types.ko
  STRIP   debian/linux-image-6.14.11-custom/lib/modules/6.14.11-custom/kernel/drivers/media/tuners/tda8290.ko
  STRIP   debian/linux-image-6.14.11-custom/lib/modules/6.14.11-custom/kernel/drivers/media/tuners/tda9887.ko
  SIGN    debian/linux-image-6.14.11-custom/lib/modules/6.14.11-custom/kernel/drivers/gpu/drm/i915/i915.ko
  STRIP   debian/linux-image-6.14.11-custom/lib/modules/6.14.11-custom/kernel/drivers/media/tuners/tea5761.ko
  SIGN    debian/linux-image-6.14.11-custom/lib/modules/6.14.11-custom/kernel/drivers/media/tuners/tuner-types.ko
  SIGN    debian/linux-image-6.14.11-custom/lib/modules/6.14.11-custom/kernel/drivers/media/tuners/tda18271.ko
  INSTALL debian/linux-image-6.14.11-custom/lib/modules/6.14.11-custom/kernel/drivers/media/tuners/tea5767.ko
  SIGN    debian/linux-image-6.14.11-custom/lib/modules/6.14.11-custom/kernel/drivers/media/tuners/tda9887.ko
  INSTALL debian/linux-image-6.14.11-custom/lib/modules/6.14.11-custom/kernel/drivers/media/tuners/xc4000.ko
  SIGN    debian/linux-image-6.14.11-custom/lib/modules/6.14.11-custom/kernel/drivers/media/tuners/tda8290.ko
  INSTALL debian/linux-image-6.14.11-custom/lib/modules/6.14.11-custom/kernel/drivers/media/tuners/xc5000.ko
  INSTALL debian/linux-image-6.14.11-custom/lib/modules/6.14.11-custom/kernel/drivers/media/tuners/xc2028.ko
  SIGN    debian/linux-image-6.14.11-custom/lib/modules/6.14.11-custom/kernel/drivers/media/tuners/tda827x.ko
  INSTALL debian/linux-image-6.14.11-custom/lib/modules/6.14.11-custom/kernel/drivers/media/rc/rc-core.ko
  STRIP   debian/linux-image-6.14.11-custom/lib/modules/6.14.11-custom/kernel/drivers/media/tuners/tea5767.ko
  SIGN    debian/linux-image-6.14.11-custom/lib/modules/6.14.11-custom/kernel/drivers/media/tuners/tea5761.ko
  STRIP   debian/linux-image-6.14.11-custom/lib/modules/6.14.11-custom/kernel/drivers/media/tuners/xc2028.ko
  STRIP   debian/linux-image-6.14.11-custom/lib/modules/6.14.11-custom/kernel/drivers/media/tuners/xc4000.ko
  STRIP   debian/linux-image-6.14.11-custom/lib/modules/6.14.11-custom/kernel/drivers/media/tuners/xc5000.ko
  STRIP   debian/linux-image-6.14.11-custom/lib/modules/6.14.11-custom/kernel/drivers/media/rc/rc-core.ko
  SIGN    debian/linux-image-6.14.11-custom/lib/modules/6.14.11-custom/kernel/drivers/media/tuners/tea5767.ko
  INSTALL debian/linux-image-6.14.11-custom/lib/modules/6.14.11-custom/kernel/drivers/media/common/videobuf2/videobuf2-common.ko
  INSTALL debian/linux-image-6.14.11-custom/lib/modules/6.14.11-custom/kernel/drivers/media/common/videobuf2/videobuf2-memops.ko
  SIGN    debian/linux-image-6.14.11-custom/lib/modules/6.14.11-custom/kernel/drivers/media/tuners/xc2028.ko
  SIGN    debian/linux-image-6.14.11-custom/lib/modules/6.14.11-custom/kernel/drivers/media/tuners/xc5000.ko
  INSTALL debian/linux-image-6.14.11-custom/lib/modules/6.14.11-custom/kernel/drivers/media/common/videobuf2/videobuf2-v4l2.ko
  SIGN    debian/linux-image-6.14.11-custom/lib/modules/6.14.11-custom/kernel/drivers/media/tuners/xc4000.ko
  STRIP   debian/linux-image-6.14.11-custom/lib/modules/6.14.11-custom/kernel/drivers/media/common/videobuf2/videobuf2-memops.ko
  STRIP   debian/linux-image-6.14.11-custom/lib/modules/6.14.11-custom/kernel/drivers/media/common/videobuf2/videobuf2-common.ko
  INSTALL debian/linux-image-6.14.11-custom/lib/modules/6.14.11-custom/kernel/drivers/media/common/videobuf2/videobuf2-vmalloc.ko
  SIGN    debian/linux-image-6.14.11-custom/lib/modules/6.14.11-custom/kernel/drivers/media/rc/rc-core.ko
  STRIP   debian/linux-image-6.14.11-custom/lib/modules/6.14.11-custom/kernel/drivers/media/common/videobuf2/videobuf2-v4l2.ko
  INSTALL debian/linux-image-6.14.11-custom/lib/modules/6.14.11-custom/kernel/drivers/media/common/uvc.ko
  SIGN    debian/linux-image-6.14.11-custom/lib/modules/6.14.11-custom/kernel/drivers/media/common/videobuf2/videobuf2-memops.ko
  STRIP   debian/linux-image-6.14.11-custom/lib/modules/6.14.11-custom/kernel/drivers/media/common/videobuf2/videobuf2-vmalloc.ko
  INSTALL debian/linux-image-6.14.11-custom/lib/modules/6.14.11-custom/kernel/drivers/media/usb/uvc/uvcvideo.ko
  SIGN    debian/linux-image-6.14.11-custom/lib/modules/6.14.11-custom/kernel/drivers/media/common/videobuf2/videobuf2-common.ko
  SIGN    debian/linux-image-6.14.11-custom/lib/modules/6.14.11-custom/kernel/drivers/media/common/videobuf2/videobuf2-v4l2.ko
  STRIP   debian/linux-image-6.14.11-custom/lib/modules/6.14.11-custom/kernel/drivers/media/common/uvc.ko
  INSTALL debian/linux-image-6.14.11-custom/lib/modules/6.14.11-custom/kernel/drivers/media/mc/mc.ko
  SIGN    debian/linux-image-6.14.11-custom/lib/modules/6.14.11-custom/kernel/drivers/media/common/videobuf2/videobuf2-vmalloc.ko
  SIGN    debian/linux-image-6.14.11-custom/lib/modules/6.14.11-custom/kernel/drivers/media/common/uvc.ko
  STRIP   debian/linux-image-6.14.11-custom/lib/modules/6.14.11-custom/kernel/drivers/media/usb/uvc/uvcvideo.ko
  INSTALL debian/linux-image-6.14.11-custom/lib/modules/6.14.11-custom/kernel/drivers/media/v4l2-core/v4l2-fwnode.ko
  INSTALL debian/linux-image-6.14.11-custom/lib/modules/6.14.11-custom/kernel/drivers/media/v4l2-core/v4l2-async.ko
  STRIP   debian/linux-image-6.14.11-custom/lib/modules/6.14.11-custom/kernel/drivers/media/mc/mc.ko
  INSTALL debian/linux-image-6.14.11-custom/lib/modules/6.14.11-custom/kernel/drivers/media/v4l2-core/v4l2-dv-timings.ko
  INSTALL debian/linux-image-6.14.11-custom/lib/modules/6.14.11-custom/kernel/drivers/media/v4l2-core/videodev.ko
  SIGN    debian/linux-image-6.14.11-custom/lib/modules/6.14.11-custom/kernel/drivers/media/mc/mc.ko
  STRIP   debian/linux-image-6.14.11-custom/lib/modules/6.14.11-custom/kernel/drivers/media/v4l2-core/v4l2-fwnode.ko
  SIGN    debian/linux-image-6.14.11-custom/lib/modules/6.14.11-custom/kernel/drivers/media/usb/uvc/uvcvideo.ko
  INSTALL debian/linux-image-6.14.11-custom/lib/modules/6.14.11-custom/kernel/drivers/media/dvb-core/dvb-core.ko
  STRIP   debian/linux-image-6.14.11-custom/lib/modules/6.14.11-custom/kernel/drivers/media/v4l2-core/v4l2-async.ko
  STRIP   debian/linux-image-6.14.11-custom/lib/modules/6.14.11-custom/kernel/drivers/media/v4l2-core/videodev.ko
  STRIP   debian/linux-image-6.14.11-custom/lib/modules/6.14.11-custom/kernel/drivers/media/v4l2-core/v4l2-dv-timings.ko
  INSTALL debian/linux-image-6.14.11-custom/lib/modules/6.14.11-custom/kernel/drivers/media/cec/core/cec.ko
  INSTALL debian/linux-image-6.14.11-custom/lib/modules/6.14.11-custom/kernel/drivers/power/sequencing/pwrseq-core.ko
  SIGN    debian/linux-image-6.14.11-custom/lib/modules/6.14.11-custom/kernel/drivers/media/v4l2-core/v4l2-async.ko
  SIGN    debian/linux-image-6.14.11-custom/lib/modules/6.14.11-custom/kernel/drivers/media/v4l2-core/v4l2-fwnode.ko
  STRIP   debian/linux-image-6.14.11-custom/lib/modules/6.14.11-custom/kernel/drivers/media/dvb-core/dvb-core.ko
  SIGN    debian/linux-image-6.14.11-custom/lib/modules/6.14.11-custom/kernel/drivers/media/v4l2-core/v4l2-dv-timings.ko
  INSTALL debian/linux-image-6.14.11-custom/lib/modules/6.14.11-custom/kernel/drivers/hwmon/coretemp.ko
  INSTALL debian/linux-image-6.14.11-custom/lib/modules/6.14.11-custom/kernel/drivers/thermal/intel/intel_powerclamp.ko
  STRIP   debian/linux-image-6.14.11-custom/lib/modules/6.14.11-custom/kernel/drivers/power/sequencing/pwrseq-core.ko
  INSTALL debian/linux-image-6.14.11-custom/lib/modules/6.14.11-custom/kernel/drivers/thermal/intel/intel_soc_dts_iosf.ko
  STRIP   debian/linux-image-6.14.11-custom/lib/modules/6.14.11-custom/kernel/drivers/media/cec/core/cec.ko
  STRIP   debian/linux-image-6.14.11-custom/lib/modules/6.14.11-custom/kernel/drivers/hwmon/coretemp.ko
  SIGN    debian/linux-image-6.14.11-custom/lib/modules/6.14.11-custom/kernel/drivers/media/v4l2-core/videodev.ko
  STRIP   debian/linux-image-6.14.11-custom/lib/modules/6.14.11-custom/kernel/drivers/thermal/intel/intel_powerclamp.ko
  SIGN    debian/linux-image-6.14.11-custom/lib/modules/6.14.11-custom/kernel/drivers/power/sequencing/pwrseq-core.ko
  SIGN    debian/linux-image-6.14.11-custom/lib/modules/6.14.11-custom/kernel/drivers/media/dvb-core/dvb-core.ko
  STRIP   debian/linux-image-6.14.11-custom/lib/modules/6.14.11-custom/kernel/drivers/thermal/intel/intel_soc_dts_iosf.ko
  SIGN    debian/linux-image-6.14.11-custom/lib/modules/6.14.11-custom/kernel/drivers/media/cec/core/cec.ko
  INSTALL debian/linux-image-6.14.11-custom/lib/modules/6.14.11-custom/kernel/drivers/thermal/intel/int340x_thermal/int3400_thermal.ko
  SIGN    debian/linux-image-6.14.11-custom/lib/modules/6.14.11-custom/kernel/drivers/hwmon/coretemp.ko
  SIGN    debian/linux-image-6.14.11-custom/lib/modules/6.14.11-custom/kernel/drivers/thermal/intel/intel_soc_dts_iosf.ko
  SIGN    debian/linux-image-6.14.11-custom/lib/modules/6.14.11-custom/kernel/drivers/thermal/intel/intel_powerclamp.ko
  INSTALL debian/linux-image-6.14.11-custom/lib/modules/6.14.11-custom/kernel/drivers/thermal/intel/int340x_thermal/int340x_thermal_zone.ko
  INSTALL debian/linux-image-6.14.11-custom/lib/modules/6.14.11-custom/kernel/drivers/thermal/intel/int340x_thermal/int3402_thermal.ko
  INSTALL debian/linux-image-6.14.11-custom/lib/modules/6.14.11-custom/kernel/drivers/thermal/intel/int340x_thermal/int3403_thermal.ko
  INSTALL debian/linux-image-6.14.11-custom/lib/modules/6.14.11-custom/kernel/drivers/thermal/intel/int340x_thermal/processor_thermal_device.ko
  STRIP   debian/linux-image-6.14.11-custom/lib/modules/6.14.11-custom/kernel/drivers/thermal/intel/int340x_thermal/int340x_thermal_zone.ko
  STRIP   debian/linux-image-6.14.11-custom/lib/modules/6.14.11-custom/kernel/drivers/thermal/intel/int340x_thermal/int3402_thermal.ko
  STRIP   debian/linux-image-6.14.11-custom/lib/modules/6.14.11-custom/kernel/drivers/thermal/intel/int340x_thermal/int3400_thermal.ko
  STRIP   debian/linux-image-6.14.11-custom/lib/modules/6.14.11-custom/kernel/drivers/thermal/intel/int340x_thermal/int3403_thermal.ko
  INSTALL debian/linux-image-6.14.11-custom/lib/modules/6.14.11-custom/kernel/drivers/thermal/intel/int340x_thermal/int3401_thermal.ko
  STRIP   debian/linux-image-6.14.11-custom/lib/modules/6.14.11-custom/kernel/drivers/thermal/intel/int340x_thermal/processor_thermal_device.ko
  SIGN    debian/linux-image-6.14.11-custom/lib/modules/6.14.11-custom/kernel/drivers/thermal/intel/int340x_thermal/int3403_thermal.ko
  SIGN    debian/linux-image-6.14.11-custom/lib/modules/6.14.11-custom/kernel/drivers/thermal/intel/int340x_thermal/int340x_thermal_zone.ko
  SIGN    debian/linux-image-6.14.11-custom/lib/modules/6.14.11-custom/kernel/drivers/thermal/intel/int340x_thermal/int3400_thermal.ko
  INSTALL debian/linux-image-6.14.11-custom/lib/modules/6.14.11-custom/kernel/drivers/thermal/intel/int340x_thermal/processor_thermal_device_pci_legacy.ko
  SIGN    debian/linux-image-6.14.11-custom/lib/modules/6.14.11-custom/kernel/drivers/thermal/intel/int340x_thermal/int3402_thermal.ko
  SIGN    debian/linux-image-6.14.11-custom/lib/modules/6.14.11-custom/kernel/drivers/thermal/intel/int340x_thermal/processor_thermal_device.ko
  INSTALL debian/linux-image-6.14.11-custom/lib/modules/6.14.11-custom/kernel/drivers/thermal/intel/int340x_thermal/processor_thermal_device_pci.ko
  STRIP   debian/linux-image-6.14.11-custom/lib/modules/6.14.11-custom/kernel/drivers/thermal/intel/int340x_thermal/int3401_thermal.ko
  STRIP   debian/linux-image-6.14.11-custom/lib/modules/6.14.11-custom/kernel/drivers/thermal/intel/int340x_thermal/processor_thermal_device_pci_legacy.ko
  INSTALL debian/linux-image-6.14.11-custom/lib/modules/6.14.11-custom/kernel/drivers/thermal/intel/int340x_thermal/processor_thermal_rapl.ko
  STRIP   debian/linux-image-6.14.11-custom/lib/modules/6.14.11-custom/kernel/drivers/thermal/intel/int340x_thermal/processor_thermal_device_pci.ko
  INSTALL debian/linux-image-6.14.11-custom/lib/modules/6.14.11-custom/kernel/drivers/thermal/intel/int340x_thermal/processor_thermal_mbox.ko
  INSTALL debian/linux-image-6.14.11-custom/lib/modules/6.14.11-custom/kernel/drivers/thermal/intel/int340x_thermal/processor_thermal_rfim.ko
  INSTALL debian/linux-image-6.14.11-custom/lib/modules/6.14.11-custom/kernel/drivers/thermal/intel/int340x_thermal/processor_thermal_wt_req.ko
  STRIP   debian/linux-image-6.14.11-custom/lib/modules/6.14.11-custom/kernel/drivers/thermal/intel/int340x_thermal/processor_thermal_rapl.ko
  SIGN    debian/linux-image-6.14.11-custom/lib/modules/6.14.11-custom/kernel/drivers/thermal/intel/int340x_thermal/processor_thermal_device_pci_legacy.ko
  STRIP   debian/linux-image-6.14.11-custom/lib/modules/6.14.11-custom/kernel/drivers/thermal/intel/int340x_thermal/processor_thermal_mbox.ko
  SIGN    debian/linux-image-6.14.11-custom/lib/modules/6.14.11-custom/kernel/drivers/thermal/intel/int340x_thermal/int3401_thermal.ko
  INSTALL debian/linux-image-6.14.11-custom/lib/modules/6.14.11-custom/kernel/drivers/thermal/intel/int340x_thermal/processor_thermal_wt_hint.ko
  SIGN    debian/linux-image-6.14.11-custom/lib/modules/6.14.11-custom/kernel/drivers/thermal/intel/int340x_thermal/processor_thermal_rapl.ko
  INSTALL debian/linux-image-6.14.11-custom/lib/modules/6.14.11-custom/kernel/drivers/thermal/intel/int340x_thermal/processor_thermal_power_floor.ko
  STRIP   debian/linux-image-6.14.11-custom/lib/modules/6.14.11-custom/kernel/drivers/thermal/intel/int340x_thermal/processor_thermal_rfim.ko
  SIGN    debian/linux-image-6.14.11-custom/lib/modules/6.14.11-custom/kernel/drivers/thermal/intel/int340x_thermal/processor_thermal_mbox.ko
  STRIP   debian/linux-image-6.14.11-custom/lib/modules/6.14.11-custom/kernel/drivers/thermal/intel/int340x_thermal/processor_thermal_wt_req.ko
  SIGN    debian/linux-image-6.14.11-custom/lib/modules/6.14.11-custom/kernel/drivers/thermal/intel/int340x_thermal/processor_thermal_device_pci.ko
  STRIP   debian/linux-image-6.14.11-custom/lib/modules/6.14.11-custom/kernel/drivers/thermal/intel/int340x_thermal/processor_thermal_wt_hint.ko
  INSTALL debian/linux-image-6.14.11-custom/lib/modules/6.14.11-custom/kernel/drivers/thermal/intel/int340x_thermal/acpi_thermal_rel.ko
  STRIP   debian/linux-image-6.14.11-custom/lib/modules/6.14.11-custom/kernel/drivers/thermal/intel/int340x_thermal/processor_thermal_power_floor.ko
  INSTALL debian/linux-image-6.14.11-custom/lib/modules/6.14.11-custom/kernel/drivers/mmc/core/mmc_block.ko
  INSTALL debian/linux-image-6.14.11-custom/lib/modules/6.14.11-custom/kernel/drivers/mmc/host/sdhci.ko
  SIGN    debian/linux-image-6.14.11-custom/lib/modules/6.14.11-custom/kernel/drivers/thermal/intel/int340x_thermal/processor_thermal_rfim.ko
  SIGN    debian/linux-image-6.14.11-custom/lib/modules/6.14.11-custom/kernel/drivers/thermal/intel/int340x_thermal/processor_thermal_wt_hint.ko
  SIGN    debian/linux-image-6.14.11-custom/lib/modules/6.14.11-custom/kernel/drivers/thermal/intel/int340x_thermal/processor_thermal_power_floor.ko
  SIGN    debian/linux-image-6.14.11-custom/lib/modules/6.14.11-custom/kernel/drivers/thermal/intel/int340x_thermal/processor_thermal_wt_req.ko
  STRIP   debian/linux-image-6.14.11-custom/lib/modules/6.14.11-custom/kernel/drivers/mmc/host/sdhci.ko
  INSTALL debian/linux-image-6.14.11-custom/lib/modules/6.14.11-custom/kernel/drivers/mmc/host/sdhci-acpi.ko
  STRIP   debian/linux-image-6.14.11-custom/lib/modules/6.14.11-custom/kernel/drivers/thermal/intel/int340x_thermal/acpi_thermal_rel.ko
  STRIP   debian/linux-image-6.14.11-custom/lib/modules/6.14.11-custom/kernel/drivers/mmc/core/mmc_block.ko
  INSTALL debian/linux-image-6.14.11-custom/lib/modules/6.14.11-custom/kernel/drivers/firmware/efi/efi-pstore.ko
  INSTALL debian/linux-image-6.14.11-custom/lib/modules/6.14.11-custom/kernel/drivers/firmware/dmi-sysfs.ko
  STRIP   debian/linux-image-6.14.11-custom/lib/modules/6.14.11-custom/kernel/drivers/firmware/efi/efi-pstore.ko
  STRIP   debian/linux-image-6.14.11-custom/lib/modules/6.14.11-custom/kernel/drivers/firmware/dmi-sysfs.ko
  INSTALL debian/linux-image-6.14.11-custom/lib/modules/6.14.11-custom/kernel/drivers/hid/hid.ko
  STRIP   debian/linux-image-6.14.11-custom/lib/modules/6.14.11-custom/kernel/drivers/mmc/host/sdhci-acpi.ko
  SIGN    debian/linux-image-6.14.11-custom/lib/modules/6.14.11-custom/kernel/drivers/thermal/intel/int340x_thermal/acpi_thermal_rel.ko
  INSTALL debian/linux-image-6.14.11-custom/lib/modules/6.14.11-custom/kernel/drivers/hid/hid-generic.ko
  SIGN    debian/linux-image-6.14.11-custom/lib/modules/6.14.11-custom/kernel/drivers/mmc/host/sdhci.ko
  SIGN    debian/linux-image-6.14.11-custom/lib/modules/6.14.11-custom/kernel/drivers/mmc/core/mmc_block.ko
  SIGN    debian/linux-image-6.14.11-custom/lib/modules/6.14.11-custom/kernel/drivers/firmware/efi/efi-pstore.ko
  SIGN    debian/linux-image-6.14.11-custom/lib/modules/6.14.11-custom/kernel/drivers/mmc/host/sdhci-acpi.ko
  SIGN    debian/linux-image-6.14.11-custom/lib/modules/6.14.11-custom/kernel/drivers/firmware/dmi-sysfs.ko
  INSTALL debian/linux-image-6.14.11-custom/lib/modules/6.14.11-custom/kernel/drivers/hid/hid-multitouch.ko
  STRIP   debian/linux-image-6.14.11-custom/lib/modules/6.14.11-custom/kernel/drivers/hid/hid.ko
  STRIP   debian/linux-image-6.14.11-custom/lib/modules/6.14.11-custom/kernel/drivers/hid/hid-generic.ko
  INSTALL debian/linux-image-6.14.11-custom/lib/modules/6.14.11-custom/kernel/drivers/hid/usbhid/usbhid.ko
  INSTALL debian/linux-image-6.14.11-custom/lib/modules/6.14.11-custom/kernel/drivers/hid/i2c-hid/i2c-hid.ko
  INSTALL debian/linux-image-6.14.11-custom/lib/modules/6.14.11-custom/kernel/drivers/hid/i2c-hid/i2c-hid-acpi.ko
  INSTALL debian/linux-image-6.14.11-custom/lib/modules/6.14.11-custom/kernel/drivers/staging/iio/impedance-analyzer/ad5933.ko
  STRIP   debian/linux-image-6.14.11-custom/lib/modules/6.14.11-custom/kernel/drivers/hid/hid-multitouch.ko
  SIGN    debian/linux-image-6.14.11-custom/lib/modules/6.14.11-custom/kernel/drivers/hid/hid.ko
  SIGN    debian/linux-image-6.14.11-custom/lib/modules/6.14.11-custom/kernel/drivers/hid/hid-generic.ko
  STRIP   debian/linux-image-6.14.11-custom/lib/modules/6.14.11-custom/kernel/drivers/hid/i2c-hid/i2c-hid.ko
  STRIP   debian/linux-image-6.14.11-custom/lib/modules/6.14.11-custom/kernel/drivers/hid/i2c-hid/i2c-hid-acpi.ko
  STRIP   debian/linux-image-6.14.11-custom/lib/modules/6.14.11-custom/kernel/drivers/hid/usbhid/usbhid.ko
  INSTALL debian/linux-image-6.14.11-custom/lib/modules/6.14.11-custom/kernel/drivers/platform/x86/intel/intel-vsec.ko
  STRIP   debian/linux-image-6.14.11-custom/lib/modules/6.14.11-custom/kernel/drivers/staging/iio/impedance-analyzer/ad5933.ko
  SIGN    debian/linux-image-6.14.11-custom/lib/modules/6.14.11-custom/kernel/drivers/hid/i2c-hid/i2c-hid.ko
  INSTALL debian/linux-image-6.14.11-custom/lib/modules/6.14.11-custom/kernel/drivers/platform/x86/wmi.ko
  SIGN    debian/linux-image-6.14.11-custom/lib/modules/6.14.11-custom/kernel/drivers/hid/usbhid/usbhid.ko
  SIGN    debian/linux-image-6.14.11-custom/lib/modules/6.14.11-custom/kernel/drivers/hid/i2c-hid/i2c-hid-acpi.ko
  SIGN    debian/linux-image-6.14.11-custom/lib/modules/6.14.11-custom/kernel/drivers/hid/hid-multitouch.ko
  SIGN    debian/linux-image-6.14.11-custom/lib/modules/6.14.11-custom/kernel/drivers/staging/iio/impedance-analyzer/ad5933.ko
  STRIP   debian/linux-image-6.14.11-custom/lib/modules/6.14.11-custom/kernel/drivers/platform/x86/intel/intel-vsec.ko
  INSTALL debian/linux-image-6.14.11-custom/lib/modules/6.14.11-custom/kernel/drivers/powercap/intel_rapl_common.ko
  INSTALL debian/linux-image-6.14.11-custom/lib/modules/6.14.11-custom/kernel/drivers/powercap/intel_rapl_msr.ko
  INSTALL debian/linux-image-6.14.11-custom/lib/modules/6.14.11-custom/kernel/drivers/parport/parport.ko
  INSTALL debian/linux-image-6.14.11-custom/lib/modules/6.14.11-custom/kernel/drivers/parport/parport_pc.ko
  STRIP   debian/linux-image-6.14.11-custom/lib/modules/6.14.11-custom/kernel/drivers/platform/x86/wmi.ko
  INSTALL debian/linux-image-6.14.11-custom/lib/modules/6.14.11-custom/kernel/drivers/bluetooth/hci_uart.ko
  STRIP   debian/linux-image-6.14.11-custom/lib/modules/6.14.11-custom/kernel/drivers/powercap/intel_rapl_common.ko
  SIGN    debian/linux-image-6.14.11-custom/lib/modules/6.14.11-custom/kernel/drivers/platform/x86/intel/intel-vsec.ko
  STRIP   debian/linux-image-6.14.11-custom/lib/modules/6.14.11-custom/kernel/drivers/powercap/intel_rapl_msr.ko
  STRIP   debian/linux-image-6.14.11-custom/lib/modules/6.14.11-custom/kernel/drivers/parport/parport.ko
  SIGN    debian/linux-image-6.14.11-custom/lib/modules/6.14.11-custom/kernel/drivers/platform/x86/wmi.ko
  STRIP   debian/linux-image-6.14.11-custom/lib/modules/6.14.11-custom/kernel/drivers/parport/parport_pc.ko
  INSTALL debian/linux-image-6.14.11-custom/lib/modules/6.14.11-custom/kernel/drivers/bluetooth/btintel.ko
  INSTALL debian/linux-image-6.14.11-custom/lib/modules/6.14.11-custom/kernel/drivers/bluetooth/btusb.ko
  SIGN    debian/linux-image-6.14.11-custom/lib/modules/6.14.11-custom/kernel/drivers/powercap/intel_rapl_msr.ko
  STRIP   debian/linux-image-6.14.11-custom/lib/modules/6.14.11-custom/kernel/drivers/bluetooth/hci_uart.ko
  INSTALL debian/linux-image-6.14.11-custom/lib/modules/6.14.11-custom/kernel/drivers/bluetooth/btintel_pcie.ko
  SIGN    debian/linux-image-6.14.11-custom/lib/modules/6.14.11-custom/kernel/drivers/powercap/intel_rapl_common.ko
  STRIP   debian/linux-image-6.14.11-custom/lib/modules/6.14.11-custom/kernel/drivers/bluetooth/btintel.ko
  SIGN    debian/linux-image-6.14.11-custom/lib/modules/6.14.11-custom/kernel/drivers/parport/parport.ko
  SIGN    debian/linux-image-6.14.11-custom/lib/modules/6.14.11-custom/kernel/drivers/bluetooth/hci_uart.ko
  STRIP   debian/linux-image-6.14.11-custom/lib/modules/6.14.11-custom/kernel/drivers/bluetooth/btusb.ko
  INSTALL debian/linux-image-6.14.11-custom/lib/modules/6.14.11-custom/kernel/drivers/bluetooth/btbcm.ko
  STRIP   debian/linux-image-6.14.11-custom/lib/modules/6.14.11-custom/kernel/drivers/bluetooth/btintel_pcie.ko
  SIGN    debian/linux-image-6.14.11-custom/lib/modules/6.14.11-custom/kernel/drivers/parport/parport_pc.ko
  INSTALL debian/linux-image-6.14.11-custom/lib/modules/6.14.11-custom/kernel/drivers/bluetooth/btrtl.ko
  INSTALL debian/linux-image-6.14.11-custom/lib/modules/6.14.11-custom/kernel/drivers/bluetooth/btqca.ko
  SIGN    debian/linux-image-6.14.11-custom/lib/modules/6.14.11-custom/kernel/drivers/bluetooth/btintel.ko
  SIGN    debian/linux-image-6.14.11-custom/lib/modules/6.14.11-custom/kernel/drivers/bluetooth/btintel_pcie.ko
  STRIP   debian/linux-image-6.14.11-custom/lib/modules/6.14.11-custom/kernel/drivers/bluetooth/btbcm.ko
  INSTALL debian/linux-image-6.14.11-custom/lib/modules/6.14.11-custom/kernel/drivers/bluetooth/btmtk.ko
  INSTALL debian/linux-image-6.14.11-custom/lib/modules/6.14.11-custom/kernel/drivers/iio/accel/bmc150-accel-core.ko
  STRIP   debian/linux-image-6.14.11-custom/lib/modules/6.14.11-custom/kernel/drivers/bluetooth/btrtl.ko
  STRIP   debian/linux-image-6.14.11-custom/lib/modules/6.14.11-custom/kernel/drivers/bluetooth/btqca.ko
  SIGN    debian/linux-image-6.14.11-custom/lib/modules/6.14.11-custom/kernel/drivers/bluetooth/btusb.ko
  SIGN    debian/linux-image-6.14.11-custom/lib/modules/6.14.11-custom/kernel/drivers/bluetooth/btbcm.ko
  STRIP   debian/linux-image-6.14.11-custom/lib/modules/6.14.11-custom/kernel/drivers/bluetooth/btmtk.ko
  INSTALL debian/linux-image-6.14.11-custom/lib/modules/6.14.11-custom/kernel/drivers/iio/accel/bmc150-accel-i2c.ko
  SIGN    debian/linux-image-6.14.11-custom/lib/modules/6.14.11-custom/kernel/drivers/bluetooth/btrtl.ko
  STRIP   debian/linux-image-6.14.11-custom/lib/modules/6.14.11-custom/kernel/drivers/iio/accel/bmc150-accel-core.ko
  SIGN    debian/linux-image-6.14.11-custom/lib/modules/6.14.11-custom/kernel/drivers/bluetooth/btqca.ko
  INSTALL debian/linux-image-6.14.11-custom/lib/modules/6.14.11-custom/kernel/drivers/iio/accel/bmc150-accel-spi.ko
  INSTALL debian/linux-image-6.14.11-custom/lib/modules/6.14.11-custom/kernel/drivers/iio/buffer/industrialio-triggered-buffer.ko
  SIGN    debian/linux-image-6.14.11-custom/lib/modules/6.14.11-custom/kernel/drivers/bluetooth/btmtk.ko
  STRIP   debian/linux-image-6.14.11-custom/lib/modules/6.14.11-custom/kernel/drivers/iio/accel/bmc150-accel-i2c.ko
  SIGN    debian/linux-image-6.14.11-custom/lib/modules/6.14.11-custom/kernel/drivers/iio/accel/bmc150-accel-core.ko
  INSTALL debian/linux-image-6.14.11-custom/lib/modules/6.14.11-custom/kernel/drivers/iio/buffer/kfifo_buf.ko
  INSTALL debian/linux-image-6.14.11-custom/lib/modules/6.14.11-custom/kernel/drivers/iio/imu/bmi323/bmi323_core.ko
  INSTALL debian/linux-image-6.14.11-custom/lib/modules/6.14.11-custom/kernel/drivers/iio/imu/bmi323/bmi323_i2c.ko
  STRIP   debian/linux-image-6.14.11-custom/lib/modules/6.14.11-custom/kernel/drivers/iio/accel/bmc150-accel-spi.ko
  STRIP   debian/linux-image-6.14.11-custom/lib/modules/6.14.11-custom/kernel/drivers/iio/buffer/industrialio-triggered-buffer.ko
  SIGN    debian/linux-image-6.14.11-custom/lib/modules/6.14.11-custom/kernel/drivers/iio/accel/bmc150-accel-i2c.ko
  STRIP   debian/linux-image-6.14.11-custom/lib/modules/6.14.11-custom/kernel/drivers/iio/buffer/kfifo_buf.ko
  STRIP   debian/linux-image-6.14.11-custom/lib/modules/6.14.11-custom/kernel/drivers/iio/imu/bmi323/bmi323_core.ko
  STRIP   debian/linux-image-6.14.11-custom/lib/modules/6.14.11-custom/kernel/drivers/iio/imu/bmi323/bmi323_i2c.ko
  SIGN    debian/linux-image-6.14.11-custom/lib/modules/6.14.11-custom/kernel/drivers/iio/accel/bmc150-accel-spi.ko
  INSTALL debian/linux-image-6.14.11-custom/lib/modules/6.14.11-custom/kernel/drivers/iio/industrialio.ko
  INSTALL debian/linux-image-6.14.11-custom/lib/modules/6.14.11-custom/kernel/sound/soundcore.ko
  SIGN    debian/linux-image-6.14.11-custom/lib/modules/6.14.11-custom/kernel/drivers/iio/buffer/industrialio-triggered-buffer.ko
  SIGN    debian/linux-image-6.14.11-custom/lib/modules/6.14.11-custom/kernel/drivers/iio/imu/bmi323/bmi323_i2c.ko
  SIGN    debian/linux-image-6.14.11-custom/lib/modules/6.14.11-custom/kernel/drivers/iio/buffer/kfifo_buf.ko
  INSTALL debian/linux-image-6.14.11-custom/lib/modules/6.14.11-custom/kernel/sound/core/snd.ko
  SIGN    debian/linux-image-6.14.11-custom/lib/modules/6.14.11-custom/kernel/drivers/iio/imu/bmi323/bmi323_core.ko
  INSTALL debian/linux-image-6.14.11-custom/lib/modules/6.14.11-custom/kernel/sound/core/snd-hwdep.ko
  STRIP   debian/linux-image-6.14.11-custom/lib/modules/6.14.11-custom/kernel/drivers/iio/industrialio.ko
  STRIP   debian/linux-image-6.14.11-custom/lib/modules/6.14.11-custom/kernel/sound/soundcore.ko
  INSTALL debian/linux-image-6.14.11-custom/lib/modules/6.14.11-custom/kernel/sound/core/snd-timer.ko
  INSTALL debian/linux-image-6.14.11-custom/lib/modules/6.14.11-custom/kernel/sound/core/snd-hrtimer.ko
  STRIP   debian/linux-image-6.14.11-custom/lib/modules/6.14.11-custom/kernel/sound/core/snd.ko
  INSTALL debian/linux-image-6.14.11-custom/lib/modules/6.14.11-custom/kernel/sound/core/snd-pcm.ko
  SIGN    debian/linux-image-6.14.11-custom/lib/modules/6.14.11-custom/kernel/drivers/iio/industrialio.ko
  SIGN    debian/linux-image-6.14.11-custom/lib/modules/6.14.11-custom/kernel/sound/soundcore.ko
  STRIP   debian/linux-image-6.14.11-custom/lib/modules/6.14.11-custom/kernel/sound/core/snd-hrtimer.ko
  STRIP   debian/linux-image-6.14.11-custom/lib/modules/6.14.11-custom/kernel/sound/core/snd-timer.ko
  STRIP   debian/linux-image-6.14.11-custom/lib/modules/6.14.11-custom/kernel/sound/core/snd-hwdep.ko
  INSTALL debian/linux-image-6.14.11-custom/lib/modules/6.14.11-custom/kernel/sound/core/snd-seq-device.ko
  STRIP   debian/linux-image-6.14.11-custom/lib/modules/6.14.11-custom/kernel/sound/core/snd-pcm.ko
  SIGN    debian/linux-image-6.14.11-custom/lib/modules/6.14.11-custom/kernel/sound/core/snd.ko
  INSTALL debian/linux-image-6.14.11-custom/lib/modules/6.14.11-custom/kernel/sound/core/snd-rawmidi.ko
  SIGN    debian/linux-image-6.14.11-custom/lib/modules/6.14.11-custom/kernel/sound/core/snd-hrtimer.ko
  SIGN    debian/linux-image-6.14.11-custom/lib/modules/6.14.11-custom/kernel/sound/core/snd-hwdep.ko
  SIGN    debian/linux-image-6.14.11-custom/lib/modules/6.14.11-custom/kernel/sound/core/snd-timer.ko
  INSTALL debian/linux-image-6.14.11-custom/lib/modules/6.14.11-custom/kernel/sound/core/snd-ump.ko
  STRIP   debian/linux-image-6.14.11-custom/lib/modules/6.14.11-custom/kernel/sound/core/snd-seq-device.ko
  STRIP   debian/linux-image-6.14.11-custom/lib/modules/6.14.11-custom/kernel/sound/core/snd-rawmidi.ko
  INSTALL debian/linux-image-6.14.11-custom/lib/modules/6.14.11-custom/kernel/sound/core/seq/snd-seq.ko
  SIGN    debian/linux-image-6.14.11-custom/lib/modules/6.14.11-custom/kernel/sound/core/snd-pcm.ko
  STRIP   debian/linux-image-6.14.11-custom/lib/modules/6.14.11-custom/kernel/sound/core/snd-ump.ko
  INSTALL debian/linux-image-6.14.11-custom/lib/modules/6.14.11-custom/kernel/sound/core/seq/snd-seq-dummy.ko
  INSTALL debian/linux-image-6.14.11-custom/lib/modules/6.14.11-custom/kernel/sound/core/seq/snd-seq-midi.ko
  STRIP   debian/linux-image-6.14.11-custom/lib/modules/6.14.11-custom/kernel/sound/core/seq/snd-seq.ko
  SIGN    debian/linux-image-6.14.11-custom/lib/modules/6.14.11-custom/kernel/sound/core/snd-seq-device.ko
  STRIP   debian/linux-image-6.14.11-custom/lib/modules/6.14.11-custom/kernel/sound/core/seq/snd-seq-dummy.ko
  INSTALL debian/linux-image-6.14.11-custom/lib/modules/6.14.11-custom/kernel/sound/core/seq/snd-seq-midi-event.ko
  SIGN    debian/linux-image-6.14.11-custom/lib/modules/6.14.11-custom/kernel/sound/core/snd-ump.ko
  STRIP   debian/linux-image-6.14.11-custom/lib/modules/6.14.11-custom/kernel/sound/core/seq/snd-seq-midi.ko
  INSTALL debian/linux-image-6.14.11-custom/lib/modules/6.14.11-custom/kernel/sound/core/seq/snd-seq-ump-client.ko
  SIGN    debian/linux-image-6.14.11-custom/lib/modules/6.14.11-custom/kernel/sound/core/seq/snd-seq-dummy.ko
  SIGN    debian/linux-image-6.14.11-custom/lib/modules/6.14.11-custom/kernel/sound/core/seq/snd-seq.ko
  STRIP   debian/linux-image-6.14.11-custom/lib/modules/6.14.11-custom/kernel/sound/core/seq/snd-seq-ump-client.ko
  SIGN    debian/linux-image-6.14.11-custom/lib/modules/6.14.11-custom/kernel/sound/core/snd-rawmidi.ko
  SIGN    debian/linux-image-6.14.11-custom/lib/modules/6.14.11-custom/kernel/sound/core/seq/snd-seq-midi.ko
  STRIP   debian/linux-image-6.14.11-custom/lib/modules/6.14.11-custom/kernel/sound/core/seq/snd-seq-midi-event.ko
  INSTALL debian/linux-image-6.14.11-custom/lib/modules/6.14.11-custom/kernel/sound/pci/hda/snd-hda-codec.ko
  INSTALL debian/linux-image-6.14.11-custom/lib/modules/6.14.11-custom/kernel/sound/pci/hda/snd-hda-codec-hdmi.ko
  SIGN    debian/linux-image-6.14.11-custom/lib/modules/6.14.11-custom/kernel/sound/core/seq/snd-seq-ump-client.ko
  INSTALL debian/linux-image-6.14.11-custom/lib/modules/6.14.11-custom/kernel/sound/pci/hda/snd-hda-intel.ko
  INSTALL debian/linux-image-6.14.11-custom/lib/modules/6.14.11-custom/kernel/sound/usb/snd-usb-audio.ko
  SIGN    debian/linux-image-6.14.11-custom/lib/modules/6.14.11-custom/kernel/sound/core/seq/snd-seq-midi-event.ko
  INSTALL debian/linux-image-6.14.11-custom/lib/modules/6.14.11-custom/kernel/sound/usb/misc/snd-ua101.ko
  INSTALL debian/linux-image-6.14.11-custom/lib/modules/6.14.11-custom/kernel/sound/usb/snd-usbmidi-lib.ko
  STRIP   debian/linux-image-6.14.11-custom/lib/modules/6.14.11-custom/kernel/sound/pci/hda/snd-hda-intel.ko
  INSTALL debian/linux-image-6.14.11-custom/lib/modules/6.14.11-custom/kernel/sound/usb/usx2y/snd-usb-usx2y.ko
  STRIP   debian/linux-image-6.14.11-custom/lib/modules/6.14.11-custom/kernel/sound/pci/hda/snd-hda-codec-hdmi.ko
  STRIP   debian/linux-image-6.14.11-custom/lib/modules/6.14.11-custom/kernel/sound/usb/misc/snd-ua101.ko
  STRIP   debian/linux-image-6.14.11-custom/lib/modules/6.14.11-custom/kernel/sound/usb/snd-usbmidi-lib.ko
  STRIP   debian/linux-image-6.14.11-custom/lib/modules/6.14.11-custom/kernel/sound/usb/usx2y/snd-usb-usx2y.ko
  STRIP   debian/linux-image-6.14.11-custom/lib/modules/6.14.11-custom/kernel/sound/pci/hda/snd-hda-codec.ko
  SIGN    debian/linux-image-6.14.11-custom/lib/modules/6.14.11-custom/kernel/sound/pci/hda/snd-hda-intel.ko
  STRIP   debian/linux-image-6.14.11-custom/lib/modules/6.14.11-custom/kernel/sound/usb/snd-usb-audio.ko
  SIGN    debian/linux-image-6.14.11-custom/lib/modules/6.14.11-custom/kernel/sound/usb/snd-usbmidi-lib.ko
  SIGN    debian/linux-image-6.14.11-custom/lib/modules/6.14.11-custom/kernel/sound/usb/misc/snd-ua101.ko
  SIGN    debian/linux-image-6.14.11-custom/lib/modules/6.14.11-custom/kernel/sound/pci/hda/snd-hda-codec-hdmi.ko
  SIGN    debian/linux-image-6.14.11-custom/lib/modules/6.14.11-custom/kernel/sound/usb/usx2y/snd-usb-usx2y.ko
  SIGN    debian/linux-image-6.14.11-custom/lib/modules/6.14.11-custom/kernel/sound/pci/hda/snd-hda-codec.ko
  INSTALL debian/linux-image-6.14.11-custom/lib/modules/6.14.11-custom/kernel/sound/usb/usx2y/snd-usb-us122l.ko
  INSTALL debian/linux-image-6.14.11-custom/lib/modules/6.14.11-custom/kernel/sound/hda/snd-hda-core.ko
  SIGN    debian/linux-image-6.14.11-custom/lib/modules/6.14.11-custom/kernel/sound/usb/snd-usb-audio.ko
  INSTALL debian/linux-image-6.14.11-custom/lib/modules/6.14.11-custom/kernel/sound/hda/snd-intel-dspcfg.ko
  INSTALL debian/linux-image-6.14.11-custom/lib/modules/6.14.11-custom/kernel/sound/hda/snd-intel-sdw-acpi.ko
  STRIP   debian/linux-image-6.14.11-custom/lib/modules/6.14.11-custom/kernel/sound/usb/usx2y/snd-usb-us122l.ko
  INSTALL debian/linux-image-6.14.11-custom/lib/modules/6.14.11-custom/kernel/net/netfilter/nfnetlink.ko
  INSTALL debian/linux-image-6.14.11-custom/lib/modules/6.14.11-custom/kernel/net/sched/sch_fq_codel.ko
  STRIP   debian/linux-image-6.14.11-custom/lib/modules/6.14.11-custom/kernel/sound/hda/snd-hda-core.ko
  INSTALL debian/linux-image-6.14.11-custom/lib/modules/6.14.11-custom/kernel/net/netfilter/nf_conntrack.ko
  STRIP   debian/linux-image-6.14.11-custom/lib/modules/6.14.11-custom/kernel/sound/hda/snd-intel-dspcfg.ko
  STRIP   debian/linux-image-6.14.11-custom/lib/modules/6.14.11-custom/kernel/net/netfilter/nfnetlink.ko
  STRIP   debian/linux-image-6.14.11-custom/lib/modules/6.14.11-custom/kernel/sound/hda/snd-intel-sdw-acpi.ko
  STRIP   debian/linux-image-6.14.11-custom/lib/modules/6.14.11-custom/kernel/net/sched/sch_fq_codel.ko
  SIGN    debian/linux-image-6.14.11-custom/lib/modules/6.14.11-custom/kernel/sound/hda/snd-hda-core.ko
  SIGN    debian/linux-image-6.14.11-custom/lib/modules/6.14.11-custom/kernel/net/netfilter/nfnetlink.ko
  SIGN    debian/linux-image-6.14.11-custom/lib/modules/6.14.11-custom/kernel/sound/usb/usx2y/snd-usb-us122l.ko
  INSTALL debian/linux-image-6.14.11-custom/lib/modules/6.14.11-custom/kernel/net/netfilter/nf_nat.ko
  STRIP   debian/linux-image-6.14.11-custom/lib/modules/6.14.11-custom/kernel/net/netfilter/nf_conntrack.ko
  SIGN    debian/linux-image-6.14.11-custom/lib/modules/6.14.11-custom/kernel/sound/hda/snd-intel-sdw-acpi.ko
  INSTALL debian/linux-image-6.14.11-custom/lib/modules/6.14.11-custom/kernel/net/netfilter/nf_tables.ko
  SIGN    debian/linux-image-6.14.11-custom/lib/modules/6.14.11-custom/kernel/sound/hda/snd-intel-dspcfg.ko
  INSTALL debian/linux-image-6.14.11-custom/lib/modules/6.14.11-custom/kernel/net/netfilter/nft_compat.ko
  INSTALL debian/linux-image-6.14.11-custom/lib/modules/6.14.11-custom/kernel/net/netfilter/nft_nat.ko
  SIGN    debian/linux-image-6.14.11-custom/lib/modules/6.14.11-custom/kernel/net/sched/sch_fq_codel.ko
  STRIP   debian/linux-image-6.14.11-custom/lib/modules/6.14.11-custom/kernel/net/netfilter/nf_nat.ko
  STRIP   debian/linux-image-6.14.11-custom/lib/modules/6.14.11-custom/kernel/net/netfilter/nf_tables.ko
  INSTALL debian/linux-image-6.14.11-custom/lib/modules/6.14.11-custom/kernel/net/netfilter/nft_chain_nat.ko
  STRIP   debian/linux-image-6.14.11-custom/lib/modules/6.14.11-custom/kernel/net/netfilter/nft_compat.ko
  SIGN    debian/linux-image-6.14.11-custom/lib/modules/6.14.11-custom/kernel/net/netfilter/nf_conntrack.ko
  INSTALL debian/linux-image-6.14.11-custom/lib/modules/6.14.11-custom/kernel/net/netfilter/x_tables.ko
  STRIP   debian/linux-image-6.14.11-custom/lib/modules/6.14.11-custom/kernel/net/netfilter/nft_nat.ko
  SIGN    debian/linux-image-6.14.11-custom/lib/modules/6.14.11-custom/kernel/net/netfilter/nft_compat.ko
  INSTALL debian/linux-image-6.14.11-custom/lib/modules/6.14.11-custom/kernel/net/netfilter/xt_tcpudp.ko
  SIGN    debian/linux-image-6.14.11-custom/lib/modules/6.14.11-custom/kernel/net/netfilter/nf_nat.ko
  SIGN    debian/linux-image-6.14.11-custom/lib/modules/6.14.11-custom/kernel/net/netfilter/nf_tables.ko
  STRIP   debian/linux-image-6.14.11-custom/lib/modules/6.14.11-custom/kernel/net/netfilter/nft_chain_nat.ko
  SIGN    debian/linux-image-6.14.11-custom/lib/modules/6.14.11-custom/kernel/net/netfilter/nft_nat.ko
  STRIP   debian/linux-image-6.14.11-custom/lib/modules/6.14.11-custom/kernel/net/netfilter/x_tables.ko
  INSTALL debian/linux-image-6.14.11-custom/lib/modules/6.14.11-custom/kernel/net/netfilter/xt_mark.ko
  STRIP   debian/linux-image-6.14.11-custom/lib/modules/6.14.11-custom/kernel/net/netfilter/xt_tcpudp.ko
  INSTALL debian/linux-image-6.14.11-custom/lib/modules/6.14.11-custom/kernel/net/netfilter/xt_MASQUERADE.ko
  STRIP   debian/linux-image-6.14.11-custom/lib/modules/6.14.11-custom/kernel/net/netfilter/xt_mark.ko
  INSTALL debian/linux-image-6.14.11-custom/lib/modules/6.14.11-custom/kernel/net/ipv4/netfilter/nf_defrag_ipv4.ko
  SIGN    debian/linux-image-6.14.11-custom/lib/modules/6.14.11-custom/kernel/net/netfilter/xt_tcpudp.ko
  SIGN    debian/linux-image-6.14.11-custom/lib/modules/6.14.11-custom/kernel/net/netfilter/nft_chain_nat.ko
  INSTALL debian/linux-image-6.14.11-custom/lib/modules/6.14.11-custom/kernel/net/ipv4/netfilter/ip_tables.ko
  SIGN    debian/linux-image-6.14.11-custom/lib/modules/6.14.11-custom/kernel/net/netfilter/x_tables.ko
  STRIP   debian/linux-image-6.14.11-custom/lib/modules/6.14.11-custom/kernel/net/netfilter/xt_MASQUERADE.ko
  SIGN    debian/linux-image-6.14.11-custom/lib/modules/6.14.11-custom/kernel/net/netfilter/xt_mark.ko
  STRIP   debian/linux-image-6.14.11-custom/lib/modules/6.14.11-custom/kernel/net/ipv4/netfilter/nf_defrag_ipv4.ko
  STRIP   debian/linux-image-6.14.11-custom/lib/modules/6.14.11-custom/kernel/net/ipv4/netfilter/ip_tables.ko
  INSTALL debian/linux-image-6.14.11-custom/lib/modules/6.14.11-custom/kernel/net/ipv6/netfilter/nf_defrag_ipv6.ko
  INSTALL debian/linux-image-6.14.11-custom/lib/modules/6.14.11-custom/kernel/net/wireless/cfg80211.ko
  INSTALL debian/linux-image-6.14.11-custom/lib/modules/6.14.11-custom/kernel/net/rfkill/rfkill-gpio.ko
  SIGN    debian/linux-image-6.14.11-custom/lib/modules/6.14.11-custom/kernel/net/netfilter/xt_MASQUERADE.ko
  SIGN    debian/linux-image-6.14.11-custom/lib/modules/6.14.11-custom/kernel/net/ipv4/netfilter/nf_defrag_ipv4.ko
  INSTALL debian/linux-image-6.14.11-custom/lib/modules/6.14.11-custom/kernel/net/tls/tls.ko
  STRIP   debian/linux-image-6.14.11-custom/lib/modules/6.14.11-custom/kernel/net/ipv6/netfilter/nf_defrag_ipv6.ko
  INSTALL debian/linux-image-6.14.11-custom/lib/modules/6.14.11-custom/kernel/net/bluetooth/bluetooth.ko
  SIGN    debian/linux-image-6.14.11-custom/lib/modules/6.14.11-custom/kernel/net/ipv4/netfilter/ip_tables.ko
  INSTALL debian/linux-image-6.14.11-custom/lib/modules/6.14.11-custom/kernel/net/bluetooth/rfcomm/rfcomm.ko
  STRIP   debian/linux-image-6.14.11-custom/lib/modules/6.14.11-custom/kernel/net/rfkill/rfkill-gpio.ko
  STRIP   debian/linux-image-6.14.11-custom/lib/modules/6.14.11-custom/kernel/net/tls/tls.ko
  INSTALL debian/linux-image-6.14.11-custom/lib/modules/6.14.11-custom/kernel/net/bluetooth/bnep/bnep.ko
  SIGN    debian/linux-image-6.14.11-custom/lib/modules/6.14.11-custom/kernel/net/ipv6/netfilter/nf_defrag_ipv6.ko
  STRIP   debian/linux-image-6.14.11-custom/lib/modules/6.14.11-custom/kernel/net/bluetooth/rfcomm/rfcomm.ko
  STRIP   debian/linux-image-6.14.11-custom/lib/modules/6.14.11-custom/kernel/net/bluetooth/bnep/bnep.ko
  STRIP   debian/linux-image-6.14.11-custom/lib/modules/6.14.11-custom/kernel/net/wireless/cfg80211.ko
  INSTALL debian/linux-image-6.14.11-custom/lib/modules/6.14.11-custom/kernel/net/mac80211/mac80211.ko
  SIGN    debian/linux-image-6.14.11-custom/lib/modules/6.14.11-custom/kernel/net/tls/tls.ko
  STRIP   debian/linux-image-6.14.11-custom/lib/modules/6.14.11-custom/kernel/net/bluetooth/bluetooth.ko
  INSTALL debian/linux-image-6.14.11-custom/lib/modules/6.14.11-custom/kernel/net/qrtr/qrtr.ko
  SIGN    debian/linux-image-6.14.11-custom/lib/modules/6.14.11-custom/kernel/net/bluetooth/bnep/bnep.ko
  INSTALL debian/linux-image-6.14.11-custom/lib/modules/6.14.11-custom/kernel/virt/lib/irqbypass.ko
  SIGN    debian/linux-image-6.14.11-custom/lib/modules/6.14.11-custom/kernel/net/bluetooth/rfcomm/rfcomm.ko
  STRIP   debian/linux-image-6.14.11-custom/lib/modules/6.14.11-custom/kernel/net/mac80211/mac80211.ko
  STRIP   debian/linux-image-6.14.11-custom/lib/modules/6.14.11-custom/kernel/net/qrtr/qrtr.ko
  STRIP   debian/linux-image-6.14.11-custom/lib/modules/6.14.11-custom/kernel/virt/lib/irqbypass.ko
  SIGN    debian/linux-image-6.14.11-custom/lib/modules/6.14.11-custom/kernel/net/rfkill/rfkill-gpio.ko
  SIGN    debian/linux-image-6.14.11-custom/lib/modules/6.14.11-custom/kernel/net/wireless/cfg80211.ko
  SIGN    debian/linux-image-6.14.11-custom/lib/modules/6.14.11-custom/kernel/virt/lib/irqbypass.ko
  SIGN    debian/linux-image-6.14.11-custom/lib/modules/6.14.11-custom/kernel/net/qrtr/qrtr.ko
  SIGN    debian/linux-image-6.14.11-custom/lib/modules/6.14.11-custom/kernel/net/bluetooth/bluetooth.ko
  SIGN    debian/linux-image-6.14.11-custom/lib/modules/6.14.11-custom/kernel/net/mac80211/mac80211.ko
  DEPMOD  debian/linux-image-6.14.11-custom/lib/modules/6.14.11-custom
  INSTALL debian/linux-libc-dev/usr/include
dpkg-deb: building package 'linux-image-6.14.11-custom' in '../linux-image-6.14.11-custom_6.14.11-custom-13_amd64.deb'.
  HOSTCC  debian/linux-headers-6.14.11-custom/usr/src/linux-headers-6.14.11-custom/scripts/kallsyms
  HOSTCC  debian/linux-headers-6.14.11-custom/usr/src/linux-headers-6.14.11-custom/scripts/sorttable
  HOSTCC  debian/linux-headers-6.14.11-custom/usr/src/linux-headers-6.14.11-custom/scripts/asn1_compiler
  HOSTCC  debian/linux-headers-6.14.11-custom/usr/src/linux-headers-6.14.11-custom/scripts/basic/fixdep
  HOSTCC  debian/linux-headers-6.14.11-custom/usr/src/linux-headers-6.14.11-custom/scripts/selinux/mdp/mdp
  HOSTCC  debian/linux-headers-6.14.11-custom/usr/src/linux-headers-6.14.11-custom/scripts/ipe/polgen/polgen
  HOSTCC  debian/linux-headers-6.14.11-custom/usr/src/linux-headers-6.14.11-custom/scripts/sign-file
  HOSTCC  debian/linux-headers-6.14.11-custom/usr/src/linux-headers-6.14.11-custom/scripts/insert-sys-cert
  HOSTCC  debian/linux-headers-6.14.11-custom/usr/src/linux-headers-6.14.11-custom/scripts/mod/modpost.o
  HOSTCC  debian/linux-headers-6.14.11-custom/usr/src/linux-headers-6.14.11-custom/scripts/mod/file2alias.o
  HOSTCC  debian/linux-headers-6.14.11-custom/usr/src/linux-headers-6.14.11-custom/scripts/mod/sumversion.o
  HOSTCC  debian/linux-headers-6.14.11-custom/usr/src/linux-headers-6.14.11-custom/scripts/mod/symsearch.o
dpkg-deb: building package 'linux-libc-dev' in '../linux-libc-dev_6.14.11-custom-13_amd64.deb'.
  HOSTLD  debian/linux-headers-6.14.11-custom/usr/src/linux-headers-6.14.11-custom/scripts/mod/modpost
dpkg-deb: building package 'linux-headers-6.14.11-custom' in '../linux-headers-6.14.11-custom_6.14.11-custom-13_amd64.deb'.
 dpkg-genbuildinfo --build=binary -O../linux-upstream_6.14.11-custom-13_amd64.buildinfo
 dpkg-genchanges --build=binary -O../linux-upstream_6.14.11-custom-13_amd64.changes
dpkg-genchanges: info: binary-only upload (no source code included)
 dpkg-source --after-build .
dpkg-buildpackage: info: binary-only upload (no source included)
17688.05user 2333.73system 3:03:03elapsed 182%CPU (0avgtext+0avgdata 737980maxresident)k
535448inputs+4267232outputs (414major+126270756minor)pagefaults 0swaps
